id,title,slug,place_id,icon,place_display_name,latitude,longitude,species_count
278966,City Nature Challenge 2026: Almaguin Highlands,city-nature-challenge-2026-almaguin-highlands,27600,https://static.inaturalist.org/projects/278966-icon-9753dab8e072ddb9afefda67424008fe-span2.JPG?1772395054,"Parry Sound, CA, ON",45.7184290973,-79.8243993562,179
273860,City Nature Challenge 2026: Bishop and Mammoth Lakes,city-nature-challenge-2026-bishop-and-mammoth-lakes,1883,https://www.inaturalist.org/attachment_defaults/general/span2.png,"Inyo County, CA, US",36.511126808,-117.4107896831,724
274908,City Nature Challenge Cali 2026,city-nature-challenge-cali-2026,146796,https://www.inaturalist.org/attachment_defaults/general/span2.png,"Municipio de Santiago de Cali, VC, CO",3.399106254,-76.576289489,388
274586,"City Nature Challenge 2026: Lee County, FL",city-nature-challenge-2026-lee-county-fl,2583,https://static.inaturalist.org/projects/274586-icon-bf0a83093b96720cd8da15b3dbe01bf9-span2.png?1771535042,"Lee County, US, FL",26.575689657,-81.9154527329,623
263173,City Nature Challenge 2026: San Diego County,city-nature-challenge-2026-san-diego-county,54501,https://static.inaturalist.org/projects/263173-icon-f472d12b6a0032e353c35f3e709551e2-span2.png?1767632504,"San Diego County including Pelagic Waters, CA, US",33.0195352876,-116.981055,2959
263189,City Nature Challenge 2026: Istanbul,city-nature-challenge-2026-istanbul,7184,https://static.inaturalist.org/projects/263189-icon-94ca1265d6146c82e153c01076de99f0-span2.jpg?1777404207,"Istanbul, TR",41.1429453603,28.8635763952,466
263198,City Nature Challenge 2026: Long Island,city-nature-challenge-2026-long-island,142,https://www.inaturalist.org/attachment_defaults/general/span2.png,"Nassau County, US, NY",40.732144222,-73.5855363379,1106
270235,City Nature Challenge 2026: Cambridge Ontario Canada observations,city-nature-challenge-2026-cambridge-ontario-canada-observations,226755,https://static.inaturalist.org/projects/270235-icon-13d2d0a78f7194bbe74bd0897f30fc67-span2.jpg?1765549338,Cambridge Ontario Canada,43.4009971985,-80.3285782314,210
265695,"City Nature Challenge 2026: Wichita Falls, Texas -Rolling Plains Chapter TMN Region",city-nature-challenge-2026-wichita-falls-texas-rolling-plains-chapter-tmn-region,1768,https://static.inaturalist.org/projects/265695-icon-48253438f7db0e61f6cc62727f036c3b-span2.JPG?1773191432,"Archer County, US, TX",33.6152525556,-98.6876492947,892
265733,Reto Naturalista urbano Área Metropolitana de Guadalajara 2026,reto-naturalista-urbano-area-metropolitana-de-guadalajara-2026,145243,https://www.inaturalist.org/attachment_defaults/general/span2.png,"Guadalajara Zona Metropolitana, JA, MX",20.6642868748,-103.3621355113,327
265860,City Nature Challenge 2026: Chicagoland Region,city-nature-challenge-2026-chicagoland-region,1859,https://static.inaturalist.org/projects/265860-icon-379147bc8f0499859dc436e8634e3e67-span2.png?1763485199,"Cook County, IL, US",41.895416779,-87.6461648852,1733
265874,City Nature Challenge 2026: ABQ,city-nature-challenge-2026-abq,2390,https://static.inaturalist.org/projects/265874-icon-40dd4cc82aa01c73b79364790514eb16-span2.jpg?1770755120,"Bernalillo County, US, NM",35.0513140102,-106.670171275,1487
265895,Défi Nature Urbaine 2026: Région de Québec,defi-nature-urbaine-2026-region-de-quebec,27631,https://static.inaturalist.org/projects/265895-icon-daad61a06486dfb13661ec2953277e8f-span2.png?1768767004,"Communauté-Urbaine-de-Québec, CA, QC",46.8336115733,-71.3579669078,261
265964,City Nature Challenge 2026: Rock River Valley,city-nature-challenge-2026-rock-river-valley,2679,https://static.inaturalist.org/projects/265964-icon-74bc7376ad2dea34c195d99f6b2d0137-span2.png?1777126956,"Winnebago County, US, IL",42.3362645273,-89.1608527186,859
265080,City Nature Challenge 2026: Milazzo - Valle del Mela,city-nature-challenge-2026-milazzo-valle-del-mela,224300,https://static.inaturalist.org/projects/265080-icon-8c14c657464c033324b4fc709371bbf3-span2.png?1763571798,Milazzo - Valle del Mela,38.1753527866,15.2589403462,1194
266229,City Nature Challenge 2026 : Marseille des collines à la mer,city-nature-challenge-2026-marseille-des-collines-a-la-mer,198806,https://static.inaturalist.org/projects/266229-icon-4f2e50b745101b46e14088754c1fe704-span2.png?1762782944,"Marseille - limites communales et milieu marin limitrophe (avec Planier), Provence-Alpes-Côte d'Azur, FR",43.2730282972,5.3790415825,1857
266713,"Reto NaturaLista 2026: Berriozabal, Chiapas.",reto-naturalista-2026-berriozabal-chiapas,101625,https://www.inaturalist.org/attachment_defaults/general/span2.png,"Berriozábal, CA, MX",16.8666066533,-93.3190748014,334
263237,City Nature Challenge 2026: Liverpool City Region,city-nature-challenge-2026-liverpool-city-region,130732,https://static.inaturalist.org/projects/263237-icon-458f1d32102cda6195f4332358835767-span2.png?1760525414,"Liverpool City Region, GB",53.4756149872,-3.0300954879,1390
266246,"City Nature Challenge 2026: Nottingham City, UK",city-nature-challenge-2026-nottingham-city-uk,144218,https://www.inaturalist.org/attachment_defaults/general/span2.png,"Nottingham City, England, GB",52.9605995263,-1.1765228788,811
266255,City Nature Challenge 2026: City of Barrie,city-nature-challenge-2026-city-of-barrie,151921,https://static.inaturalist.org/projects/266255-icon-7b62d44a221d67bce103a1cce1ce3f9a-span2.jpg?1762792052,"Barrie, ON, CA",44.3602235724,-79.6820603618,165
266239,Desafio Mundial da Natureza Urbana 2026: Belo Horizonte e Região Metropolitana,desafio-mundial-da-natureza-urbana-2026-belo-horizonte-e-regiao-metropolitana,227120,https://static.inaturalist.org/projects/266239-icon-7972ac0da92c004cc5f796bd25748c70-span2.jpg?1776885511,Região Metropolitana de Belo Horizonte,-19.8211517398,-44.0250054909,1762
266298,"Reto Naturalista Urbano 2026: Amanalco de Becerra, Edo. Mex",reto-naturalista-urbano-2026-amanalco-de-becerra-edo-mex,37019,https://www.inaturalist.org/attachment_defaults/general/span2.png,"Amanalco, MX, MX",19.250931481,-99.9883931997,422
266309,"City Nature Challenge 2026: London, ON",city-nature-challenge-2026-london-on,186491,https://static.inaturalist.org/projects/266309-icon-7ba74b8f5bd3b62318daf130127e9395-span2.png?1774655938,"London, Ontario",42.9535215876,-81.2383282329,755
266374,City Nature Challenge 2026: West Michigan,city-nature-challenge-2026-west-michigan,530,https://static.inaturalist.org/projects/266374-icon-be61eae3f84dee838bbc977c418c9c92-span2.png?1776369570,"Kent County, US, MI",43.0321557584,-85.5492960353,1344
266402,City Nature Challenge 2026: Toronto and GTA,city-nature-challenge-2026-toronto-and-gta,27589,https://static.inaturalist.org/projects/266402-icon-5812cae2a527c2297f8c989a73d8c4cb-span2.png?1777210283,"Halton, ON, CA",43.5101972181,-79.889308164,1293
263437,City Nature Challenge 2026: Los Angeles County,city-nature-challenge-2026-los-angeles-county,962,https://static.inaturalist.org/projects/263437-icon-e42c1e15fbe984458dc6b760e2940081-span2.jpg?1762997655,"Los Angeles County, US, CA",34.1980014782,-118.2610169697,2626
263576,City Nature Challenge 2026: San Francisco Bay Area,city-nature-challenge-2026-san-francisco-bay-area,54321,https://static.inaturalist.org/projects/263576-icon-7aea09c6745bbf80a14e6047139a1aac-span2.png?1776794276,"San Francisco Bay Area, CA, US",37.8786225,-122.4203475,3907
263231,City Nature Challenge 2026: Warszawa,city-nature-challenge-2026-warszawa,224202,https://www.inaturalist.org/attachment_defaults/general/span2.png,Warsaw,52.2293348344,21.0477288622,898
263235,"CNC 2026: Nürnberg, Fürth, Erlangen",cnc-2026-nuernberg-fuerth-erlangen,29465,https://static.inaturalist.org/projects/263235-icon-478561b13b6295775b64955c02a0cc29-span2.png?1762162761,"Mittelfranken, BY, DE",49.3197675,10.840309,1038
264998,City Nature Challenge 2026: Ada County,city-nature-challenge-2026-ada-county,1933,https://static.inaturalist.org/projects/264998-icon-96e48ad774ab471bd452bb42522c595b-span2.png?1761685592,"Ada County, US, ID",43.4511180716,-116.2410860753,764
243528,City Nature Challenge 2026: Endless Mountains Region,city-nature-challenge-2026-endless-mountains-region,871,https://www.inaturalist.org/attachment_defaults/general/span2.png,"Bradford County, US, PA",41.7886677147,-76.515452546,424
263986,"Reto Naturalista Urbano 2026, La Paz, B.C.S., Mx",reto-naturalista-urbano-2026-la-paz-b-c-s-mx,101527,https://static.inaturalist.org/projects/263986-icon-b5e5d5e105479233ea0bc7ee29cbefe9-span2.png?1761170302,"La Paz, MX, BS",24.2092968588,-110.620093885,1807
264006,City Nature Challenge 2026: Kandy,city-nature-challenge-2026-kandy,212231,https://static.inaturalist.org/projects/264006-icon-5f1d2ddc83ed7a8c2617dc6e79042cc1-span2.jpg?1772442599,Kandy CNC Boundary,7.2185962753,80.6164770481,1019
266621,Reto Naturalista Urbano 2026: Texcoco de Mora,reto-naturalista-urbano-2026-texcoco-de-mora,37112,https://static.inaturalist.org/projects/266621-icon-5eaa9527042757c7e8cd7cfc63cd32ea-span2.png?1772578961,"Texcoco, MX, MX",19.4716241503,-98.8277921916,720
229716,City Nature Challenge 2026 : Midi Occitan,city-nature-challenge-2026-midi-occitan,10579,https://static.inaturalist.org/projects/229716-icon-77dbe067beb512b0200f7296a44216fd-span2.png?1766329650,"Midi-Pyrénées, FR",43.7681074406,1.4872458227,1937
264096,"City Nature Challenge 2026: Brazos Valley, TX",city-nature-challenge-2026-brazos-valley-tx,799,https://static.inaturalist.org/projects/264096-icon-875b2de93054f152552ba26652867cc3-span2.png?1761141948,"Brazos County, TX, US",30.6607996934,-96.3023855796,2012
264271,City Nature Challenge 2026: Hong Kong,city-nature-challenge-2026-hong-kong,7613,https://static.inaturalist.org/projects/264271-icon-8a80543dc717db68fef2a0df5e2c4894-span2.png?1773906420,Hong Kong,22.3371967789,114.1490797877,4687
266320,"C.N.C. | Défi nature urbaine 2026: Tiohtià:ke | Grand Montréal | Greater Montreal, QC, CA",c-n-c-defi-nature-urbaine-2026-tiohtia-ke-grand-montreal-greater-montreal-qc-ca,147597,https://static.inaturalist.org/projects/266320-icon-7bb833b759d3f49faa5e4517c37ccefa-span2.png?1775664940,"Greater Montreal Area, QC, CA",45.5594724019,-73.67571292,935
249425,"City Nature Challenge 2026: Winnipeg Region, MB, Canada",city-nature-challenge-2026-winnipeg-region-mb-canada,147925,https://static.inaturalist.org/projects/249425-icon-d7cf8cb98046c37f5791f9a70afc51b8-span2.jpg?1772724204,"Red River Valley 14PA01, MB, CA",49.7782745282,-97.5415620899,374
264313,"City Nature Challenge 2026: Marquette, MI",city-nature-challenge-2026-marquette-mi,2266,https://static.inaturalist.org/projects/264313-icon-63a3c84c0aa98ebb3cec4cdace2fed36-span2.png?1773969058,"Marquette County, US, MI",46.662952054,-87.5735026461,428
264323,"City Nature Challenge 2026: Butler County, OH",city-nature-challenge-2026-butler-county-oh,657,https://static.inaturalist.org/projects/264323-icon-af3f8416fb34a2259163a706db52d42d-span2.png?1761230671,"Butler County, US, OH",39.4386164767,-84.5756449338,548
264338,City Nature Challenge 2026: Greater Richmond Metropolitan Area,city-nature-challenge-2026-greater-richmond-metropolitan-area,124969,https://static.inaturalist.org/projects/264338-icon-4e0879d6bcbde3ad4eab229a3c4037c4-span2.png?1769191586,"Richmond, Petersburg, Charles City, Chesterfield, Hanover, Henrico, New Kent , US, Richmond, VA",37.5266848045,-77.3633445273,983
264362,City Nature Challenge 2026: Hyderabad,city-nature-challenge-2026-hyderabad,190047,https://www.inaturalist.org/attachment_defaults/general/span2.png,Hyderabad Outer Ring Road,17.4152927623,78.4813089033,1102
264394,City Nature Challenge 2026: Northwest Louisiana,city-nature-challenge-2026-northwest-louisiana,1450,https://www.inaturalist.org/attachment_defaults/general/span2.png,"Caddo Parish, US, LA",32.5801932301,-93.8823959663,606
264563,City Nature Challenge 2026: Garden Route,city-nature-challenge-2026-garden-route,146648,https://static.inaturalist.org/projects/264563-icon-3d413987186dfe5430be29e3192b5262-span2.png?1765098409,"Garden Route District Municipality incl 2 nautical mile, ZA",-33.8368807263,22.0240420271,2229
264575,City Nature Challenge 2026: Kyiv,city-nature-challenge-2026-kyiv,211270,https://static.inaturalist.org/projects/264575-icon-b47c7cc1b21daea586c5835a3509d626-span2.jpg?1775896261,"Kyiv city, UA",50.4493824806,30.5470878913,815
264578,City Nature Challenge 2026: Kryvyi Rih,city-nature-challenge-2026-kryvyi-rih,46862,https://static.inaturalist.org/projects/264578-icon-81c9601b43b52dba46126c9f4e5517e9-span2.jpg?1776665557,"KryvyiRig, UA, DP",47.9098535882,33.427881376,182
264718,City Nature Challenge 2026: Abbotsford,city-nature-challenge-2026-abbotsford,196584,https://www.inaturalist.org/attachment_defaults/general/span2.png,"Abbotsford, BC",49.0722399977,-122.2767181623,566
264793,City Nature Challenge 2026: Moscow,city-nature-challenge-2026-moscow,133611,https://static.inaturalist.org/projects/264793-icon-9307d16857d215c2a9e69d0d3551fbf8-span2.jpg?1769520709,"Gorod Moskva, RU, RU",55.5591859669,37.3635640318,1176
264795,City Nature Challenge 2026: Smolensk,city-nature-challenge-2026-smolensk,139491,https://static.inaturalist.org/projects/264795-icon-b61765cfaa30ef320efd670d3f18b5f9-span2.jpg?1769519996,"Smolensk Oblast (2019), RU",54.9554147439,32.997157927,114
264099,City Nature Challenge 2026: Chester Region,city-nature-challenge-2026-chester-region,187347,https://static.inaturalist.org/projects/264099-icon-c8a86e9eed031861d63742f683f97913-span2.png?1761145376,Cheshire West and Chester,53.2002125404,-2.7358048314,1239
266448,City Nature Challenge 2026: Herefordshire,city-nature-challenge-2026-herefordshire,30354,https://static.inaturalist.org/projects/266448-icon-564c249ad3b3fbbdcee5f2fbadbe9b21-span2.jpg?1762945031,"Herefordshire, England, GB",52.0983657465,-2.7403536272,725
264999,City Nature Challenge 2026: Berks County,city-nature-challenge-2026-berks-county,721,https://www.inaturalist.org/attachment_defaults/general/span2.png,"Berks County, PA, US",40.4162956596,-75.9259989067,642
264021,"City Nature Challenge 2026: Prince George, BC",city-nature-challenge-2026-prince-george-bc,224853,https://static.inaturalist.org/projects/264021-icon-7fbeae142470006a6f5646029f17601c-span2.jpg?1771182688,Prince George and Surrounding Area,53.9270796991,-122.7375669766,311
260796,City Nature Challenge 2026: San Antonio Metro Area,city-nature-challenge-2026-san-antonio-metro-area,121345,https://static.inaturalist.org/projects/260796-icon-1e96ee562ffc7e26315b5706e58478d0-span2.PNG?1763403089,"Greater San Antonio Metro Area, US, TX",29.4283759955,-98.6028260344,4782
265074,City Nature Challenge 2026: Ahmedabad Gandhinagar,city-nature-challenge-2026-ahmedabad-gandhinagar,124319,https://www.inaturalist.org/attachment_defaults/general/span2.png,Ahmedabad,23.0302423506,72.5759296978,38
265091,City Nature Challenge 2026: Birmingham & Black Country,city-nature-challenge-2026-birmingham-black-country,144101,https://static.inaturalist.org/projects/265091-icon-ac7a8d296d223d2ef43a8e2f8c8b8217-span2.png?1770486913,"Birmingham & Black Country, England, GB",52.5210417901,-1.9724553358,1432
265092,City Nature Challenge 2026: Western NC,city-nature-challenge-2026-western-nc,2399,https://static.inaturalist.org/projects/265092-icon-d046786961aa954f5e385b44a84f7536-span2.png?1763661686,"Alleghany County, US, NC",36.4913386564,-81.127189704,2296
265094,City Nature Challenge 2026: Memphis-Shelby County,city-nature-challenge-2026-memphis-shelby-county,933,https://static.inaturalist.org/projects/265094-icon-2aa690d466da4fe899e890721a7fb160-span2.png?1766171416,"Shelby County, TN, US",35.1839961724,-89.8955955699,843
265011,"Reto Naturalista Urbano 2026: Culiacán, Sinaloa",reto-naturalista-urbano-2026-culiacan-sinaloa,223729,https://static.inaturalist.org/projects/265011-icon-07333f1b0deb5d333219613d9ea3da1a-span2.png?1776191158,"Culiacán (polígono 2024), SI, MX",24.6812251326,-107.2529428797,1146
265130,City Nature Challenge 2026: The State of Rhode Island,city-nature-challenge-2026-the-state-of-rhode-island,8,https://www.inaturalist.org/attachment_defaults/general/span2.png,"Rhode Island, US",41.5946290792,-71.5247424878,737
265135,City Nature Challenge 2026: Louisville Metro,city-nature-challenge-2026-louisville-metro,757,https://static.inaturalist.org/projects/265135-icon-91f25edbc739bba940513b4734a59718-span2.jpg?1762025669,"Jefferson County, US, KY",38.1871905779,-85.6591582006,865
265107,City Nature Challenge 2026: Seattle-Tacoma Metropolitan Area,city-nature-challenge-2026-seattle-tacoma-metropolitan-area,1282,https://static.inaturalist.org/projects/265107-icon-c6bde5959e42c1f50b25f2752affd3a3-span2.jpg?1761757316,"King County, US, WA",47.4908435117,-121.8358296768,1784
265176,"City Nature Challenge 2026: Bangkok Metropolitan Region, Thailand",city-nature-challenge-2026-bangkok-metropolitan-region-thailand,12053,https://static.inaturalist.org/projects/265176-icon-33589a9b66fe965df45e3dfd3b7522bd-span2.png?1772795216,"Nakhon Pathom, TH",13.9257944422,100.1056911203,483
265205,City Nature Challenge 2026: Staffordshire & Stoke-On-Trent,city-nature-challenge-2026-staffordshire-stoke-on-trent,211134,https://static.inaturalist.org/projects/265205-icon-db13fdf35926dd808a7376931b2e719b-span2.png?1770797332,"Staffordshire and Stoke-on-Trent, GB",52.8577191414,-2.0368581701,1040
265272,City Nature Challenge 2026: Tyler/East Texas,city-nature-challenge-2026-tyler-east-texas,1521,https://www.inaturalist.org/attachment_defaults/general/span2.png,"Anderson County, US, TX",31.8133256714,-95.652547181,1405
265274,"Reto Naturalista Urbano 2026: Eldorado,Sinaloa.",reto-naturalista-urbano-2026-eldorado-sinaloa,223700,https://static.inaturalist.org/projects/265274-icon-d96ff2516e4b95c8101df3f64bcb8bf3-span2.png?1776799920,"Eldorado, SI, MX",24.3543426585,-107.4046819461,42
259655,City Nature Challenge 2026: Baton Rouge Region,city-nature-challenge-2026-baton-rouge-region,1984,https://static.inaturalist.org/projects/259655-icon-69e5ea976823b9143c87292161065140-span2.jpeg?1757989164,"Ascension Parish, LA, US",30.2035445327,-90.9112915636,2807
265338,Biomaratón CNC 2026: Pamplona / Iruña,biomaraton-cnc-2026-pamplona-iruna,148890,https://static.inaturalist.org/projects/265338-icon-b434579a6f4801df5fe470a012359535-span2.png?1767563700,"Pamplona / Iruña Área Metropolitana, ES",42.7993071797,-1.6590201056,521
265388,City Nature Challenge 2026: Greater Sydney,city-nature-challenge-2026-greater-sydney,142327,https://static.inaturalist.org/projects/265388-icon-80b6c8eafe823b1c3f859998719364c4-span2.png?1763012946,"Greater Sydney Area, NSW AU",-33.8703434242,151.0680433674,2055
265398,Reto Ciudad Naturaleza 2026:Santa Cruz,reto-ciudad-naturaleza-2026-santa-cruz,195126,https://www.inaturalist.org/attachment_defaults/general/span2.png,"Santa Cruz, Bolivia",-17.2144894701,-61.5217754498,1492
265443,City Nature Challenge 2026: Indianapolis,city-nature-challenge-2026-indianapolis,840,https://static.inaturalist.org/projects/265443-icon-da85a0b2e86c44e897a4a004900269e4-span2.png?1779388432,"Marion County, US, IN",39.7817096702,-86.1384716976,1524
265445,"City Nature Challenge 2026: Algoma District, ON, Canada & Chippewa County, MI, USA",city-nature-challenge-2026-algoma-district-on-canada-chippewa-county-mi-usa,154705,https://www.inaturalist.org/attachment_defaults/general/span2.png,"Algoma District, ON, CA",47.7902098573,-83.9786046062,357
265458,City Nature Challenge 2026: Tasmania,city-nature-challenge-2026-tasmania,6829,https://static.inaturalist.org/projects/265458-icon-8a47ab2740b5f68ca203a2b9283d340a-span2.png?1765307089,"Tasmania, AU",-41.9616866831,146.7251441474,874
270127,Biomaratón CNC 2026: Ribera Navarra,biomaraton-cnc-2026-ribera-navarra,225474,https://static.inaturalist.org/projects/270127-icon-89e43d2f6ba102e9d0416666c6b075ee-span2.png?1769168171,"Ribera Navarra, NA, ES",42.098430184,-1.5756478382,427
270043,City Nature Challenge 2026: Zululand,city-nature-challenge-2026-zululand,185822,https://www.inaturalist.org/attachment_defaults/general/span2.png,"King Cetshwayo District, KwaZulu-Natal",-28.7004646386,31.5152740599,1259
265801,City Nature Challenge 2026: Macao,city-nature-challenge-2026-macao,10301,https://static.inaturalist.org/projects/265801-icon-1c95f24563ffaff13ba909fa9e199a13-span2.jpg?1775062995,Macao,22.1550374949,113.5898448314,2969
265319,"City Nature Challenge 2026: Roma, Italy",city-nature-challenge-2026-roma-italy,33139,https://static.inaturalist.org/projects/265319-icon-bd4a9eecd31a3c809c678aec58b66742-span2.png?1771082448,"Roma, Lazio, IT",41.9045586891,12.5337767743,2532
267345,City Nature Challenge 2026: Team Coastal NC,city-nature-challenge-2026-team-coastal-nc,455,https://static.inaturalist.org/projects/267345-icon-4f7d9d51974d1f78fc8dbb69c94d176f-span2.png?1771593114,"New Hanover County, US, NC",34.1814083918,-77.8656139943,1008
270128,BIOMARATÓ PRIMAVERA  2026  VINARÒS - LA MASSOLA,biomarato-primavera-2026-vinaros-la-massola,223832,https://static.inaturalist.org/projects/270128-icon-075e68f7389a22dc2d3998b29e9888f3-span2.png?1776687038,VINARÒS,40.5102533528,0.4352282319,571
269089,City Nature Challenge 2026: Charlottesville Region,city-nature-challenge-2026-charlottesville-region,2913,https://static.inaturalist.org/projects/269089-icon-ff8ea61678422ff16b3e8e781edcef99-span2.jpg?1764790127,"Albemarle County, US, VA",38.0229216145,-78.5565312719,1232
269095,City Nature Challenge 2026: Virginia Pinelands,city-nature-challenge-2026-virginia-pinelands,2929,https://static.inaturalist.org/projects/269095-icon-7d1bcd5e79cb3bafce693e263093ffc8-span2.jpg?1764791185,"Sussex County, US, VA",36.9217518995,-77.2617946182,560
270247,City Nature Challenge 2026: Thompson-Nicola Regional District,city-nature-challenge-2026-thompson-nicola-regional-district,49148,https://static.inaturalist.org/projects/270247-icon-f3e2201cce15bed35bb3bb102d440672-span2.png?1765555155,"Thompson-Nicola, CA, BC",51.1561743051,-120.4793041038,447
269093,City Nature Challenge 2026: Accomack & Northampton Counties,city-nature-challenge-2026-accomack-northampton-counties,1913,https://static.inaturalist.org/projects/269093-icon-7b3439bf5bbe8ac1c72287802cc96e0e-span2.jpg?1764791013,"Accomack County, US, VA",37.764939232,-75.7565570334,811
266515,Biomaraton CNC 2026: Zaragoza,biomaraton-cnc-2026-zaragoza,224149,https://static.inaturalist.org/projects/266515-icon-50007e23e6400df3bb94921ae27595ff-span2.jpg?1764622946,"Zaragoza: área metropolitana, AR, ES",41.7053459216,-0.8873866877,311
267392,City Nature Challenge 2026: City of Harrisburg,city-nature-challenge-2026-city-of-harrisburg,77457,https://static.inaturalist.org/projects/267392-icon-69388df809f1aba778d55ef144e6a917-span2.png?1763581753,"Harrisburg, PA, US",40.2751936265,-76.8838191996,176
267471,"City Nature Challenge 2026: York, Pennsylvania",city-nature-challenge-2026-york-pennsylvania,224815,https://static.inaturalist.org/projects/267471-icon-969b9a1bb2c2a24f620f49d4cf18034e-span2.png?1763648263,"York, Pennsylvania, USA",39.9649983427,-76.7315495549,107
267482,City Nature Challenge 2026: Knox Area,city-nature-challenge-2026-knox-area,1699,https://static.inaturalist.org/projects/267482-icon-676482d32e341ffc7d2bcc2539f2e120-span2.jpg?1763651916,"Anderson County, US, TN",36.1184426465,-84.1984630324,1913
267493,City Nature Challenge 2026: Lehigh Valley,city-nature-challenge-2026-lehigh-valley,838,https://static.inaturalist.org/projects/267493-icon-e25748f1275e74468f0b2cf7a07af9ad-span2.png?1773851538,"Lehigh County, US, PA",40.612706728,-75.5923658644,540
268402,City Nature Challenge 2026: Wallowa County,city-nature-challenge-2026-wallowa-county,720,https://static.inaturalist.org/projects/268402-icon-5ceb95ac72fb47993f456d3977fca071-span2.jpg?1775767433,"Wallowa County, OR, US",45.5798293091,-117.181068978,355
268617,"Desafio da Natureza Urbana 2026: Bragança-PA, Brasil",desafio-da-natureza-urbana-2026-braganca-pa-brasil,22523,https://static.inaturalist.org/projects/268617-icon-c0ebab30f94e8b597dba190bdf482987-span2.png?1764541869,"Bragança, PA, BR",-1.1470390882,-46.7526382135,256
267947,City Nature Challenge 2026: Frankfort,city-nature-challenge-2026-frankfort,756,https://www.inaturalist.org/attachment_defaults/general/span2.png,"Franklin County, US, KY",38.239147743,-84.8770681767,213
267863,"City Nature Challenge 2026 - Hillsborough County, Florida",city-nature-challenge-2026-hillsborough-county-florida,936,https://static.inaturalist.org/projects/267863-icon-2f3b1ce53e2714ff9117a1c6925840e1-span2.png?1763938991,"Hillsborough County, US, FL",27.9062290334,-82.3469205039,470
268692,City Nature Challenge 2026: Birmingham Metro Area,city-nature-challenge-2026-birmingham-metro-area,2600,https://static.inaturalist.org/projects/268692-icon-468c1b05cf2b244c7d48e1111612f560-span2.png?1775065935,"Tuscaloosa County, US, AL",33.2895498451,-87.5250299492,1114
269091,City Nature Challenge 2026: Allegheny and Shenandoah Mountains,city-nature-challenge-2026-allegheny-and-shenandoah-mountains,2001,https://static.inaturalist.org/projects/269091-icon-5432132595aafd028ba1a7f82a26e90a-span2.jpg?1764790742,"Bath County, US, VA",38.0586922706,-79.7410892462,493
268790,City Nature Challenge 2026: Greater Chattanooga Area,city-nature-challenge-2026-greater-chattanooga-area,107064,https://static.inaturalist.org/projects/268790-icon-8af33847ad79a141ac1011075cff8671-span2.jpg?1764713466,"DeKalb County, AL, US",34.4597728137,-85.8041414489,1349
268776,City Nature Challenge 2026: Athens-Clarke County,city-nature-challenge-2026-athens-clarke-county,225161,https://static.inaturalist.org/projects/268776-icon-2a6953635adf4bfe22e74abf4f3573fb-span2.jpg?1764700304,"Athens-Clarke County, GA, US",33.9512678602,-83.3674930648,979
269103,City Nature Challenge 2026: Southwest Virginia,city-nature-challenge-2026-southwest-virginia,1235,https://static.inaturalist.org/projects/269103-icon-f671c81eeb5ef1f84cc091fe78675fe7-span2.jpg?1764793084,"Washington County, US, VA",36.7244707411,-81.9596783462,633
268926,City Nature Challenge 2026: Wakkerstroom,city-nature-challenge-2026-wakkerstroom,199080,https://www.inaturalist.org/attachment_defaults/general/span2.png,"Pixley ka Seme local municipality, MP, ZA",-27.1284972479,29.9558686029,155
269038,City Nature Challenge 2026: Dundee,city-nature-challenge-2026-dundee,192764,https://www.inaturalist.org/attachment_defaults/general/span2.png,"Dundee City, Scotland, GB",56.477108955,-2.9696497632,217
269057,City Nature Challenge 2026: Worcester,city-nature-challenge-2026-worcester,151995,https://static.inaturalist.org/projects/269057-icon-5ea09ca9532fdb156c0e53313b3f64a1-span2.png?1764781120,"Worcester, MA, USA, MA, US",42.2706411733,-71.807814962,177
269121,City Nature Challenge 2026: Northern Ohio,city-nature-challenge-2026-northern-ohio,179337,https://static.inaturalist.org/projects/269121-icon-913c10e4b3b0b44f143c95aa3247cfe2-span2.png?1764801153,"Lucas-Ottawa-Sandusky, Ohio",41.4927943959,-83.308548089,1650
263993,City Nature Challenge 2026: Triangle Area,city-nature-challenge-2026-triangle-area,1114,https://static.inaturalist.org/projects/263993-icon-9efc2fa5269163a85f249e03f10256ce-span2.jpeg?1761107872,"Cumberland County, US, NC",35.0485920016,-78.8274381449,2420
270144,City Nature Challenge 2026 Lake County Ohio,city-nature-challenge-2026-lake-county-ohio,1135,https://static.inaturalist.org/projects/270144-icon-a3aa2955aaf5b29b5046d47f6f7b1516-span2.png?1765471147,"Lake County, US, OH",41.910352134,-81.2509392424,274
270159,City Nature Challenge 2026: Greater Milwaukee Area,city-nature-challenge-2026-greater-milwaukee-area,546,https://static.inaturalist.org/projects/270159-icon-8db5b1ac3e6d57d2ce0c1fa7f16d029c-span2.png?1765469983,"Milwaukee County, US, WI",43.0154577694,-87.5805572673,589
270062,"DNU2026: mesorregião Vale do Itajaí - SC, Brasil",dnu2026-mesorregiao-vale-do-itajai-sc-brasil,24585,https://static.inaturalist.org/projects/270062-icon-85ecdd637919c5b429ff0e0c3b80c9f7-span2.png?1775479328,"Itajaí, SC, BR",-26.9640441422,-48.73772712,845
270174,"City Nature Challenge 2026: Bolton, VT",city-nature-challenge-2026-bolton-vt,55396,https://static.inaturalist.org/projects/270174-icon-a6273b301223247bb95d501c51c14661-span2.png?1765479851,"Bolton, US, VT",44.4000865,-72.877249,23
270180,City Nature Challenge 2026: Budapest,city-nature-challenge-2026-budapest,10767,https://static.inaturalist.org/projects/270180-icon-9a42d22b7661d966fbe720848b7614ca-span2.png?1765483745,"Budapest, HU",47.4862256086,19.1029582814,761
269068,City Nature Challenge 2026: Indore,city-nature-challenge-2026-indore,32298,https://www.inaturalist.org/attachment_defaults/general/span2.png,"Indore, MP, IN",22.716273835,75.7814370538,52
263275,City Nature Challenge 2026: St. Petersburg and Leningrad Oblast,city-nature-challenge-2026-st-petersburg-and-leningrad-oblast,158744,https://static.inaturalist.org/projects/263275-icon-f1e8a35435aa2eda9ba70186263a4182-span2.png?1761999790,Ленинградская область-СПБ-03092020,60.0177971382,31.2687310608,671
269044,City Nature Challenge 2026: Overstrand,city-nature-challenge-2026-overstrand,137973,https://static.inaturalist.org/projects/269044-icon-d5271d3a7968f97bd37103a1ca64fea0-span2.jpg?1776684614,"Overstrand, WC, ZA",-34.4712940771,19.3716484215,1653
267352,City Nature Challenge 2026: Aberdeen,city-nature-challenge-2026-aberdeen,30453,https://static.inaturalist.org/projects/267352-icon-67cd0b0a68883bc3af4b7c1a13db1322-span2.jpg?1763561321,"Aberdeen, Scotland, GB",57.1609664211,-2.1624767963,388
267779,Biomaraton CNC 2026: Sanse,biomaraton-cnc-2026-sanse,161721,https://static.inaturalist.org/projects/267779-icon-178a036a7282cdaf9fa0465bb7e7e3e2-span2.jpg?1763894685,San Sebastián de los Reyes,40.575083383,-3.5996228752,147
269082,City Nature Challenge 2026: Penza Region,city-nature-challenge-2026-penza-region,186880,https://www.inaturalist.org/attachment_defaults/general/span2.png,Пензенская область 2022,53.1824190068,44.6340501883,763
267905,"City Nature Challenge 2026: Ekaterinburg, Russia / Турнир городской природы 2025: Екатеринбург",city-nature-challenge-2026-ekaterinburg-russia-turnir-gorodskoy-prirody-2025-ekaterinburg,148545,https://static.inaturalist.org/projects/267905-icon-357fbf852e83fa68d0c3afdca80502e5-span2.jpg?1774792156,"Gorod Ekaterinburg, RU",56.789627072,60.5385498455,559
268804,"City Nature Challange 2026, Takuapa-Phang Nga",city-nature-challange-2026-takuapa-phang-nga,45678,https://static.inaturalist.org/projects/268804-icon-20ef360969fa1bf4d22bd33cae63d328-span2.png?1764723980,"Takua Pa, TH, PG",8.8403597685,98.2887085971,30
269083,"City Nature Challenge 2026: Kenton County, KY",city-nature-challenge-2026-kenton-county-ky,78,https://static.inaturalist.org/projects/269083-icon-bdb8d422379b94b292a748e01b6105bd-span2.png?1764788450,"Kenton County, US, KY",38.9334560551,-84.5333405975,199
264125,City Nature Challenge 2026: Greater Victoria,city-nature-challenge-2026-greater-victoria,49140,https://static.inaturalist.org/projects/264125-icon-5700a59e2945da54fa261793f9b16557-span2.jpg?1776453087,"Capital, CA, BC",48.5819749005,-123.7018722775,2216
242360,City Nature Challenge 2026: New York City,city-nature-challenge-2026-new-york-city,2275,https://static.inaturalist.org/projects/242360-icon-043ce960fe6d442d23f25564ce15634c-span2.png?1746481790,"Kings County, NY, US",40.634351103,-73.9502048005,1582
264365,City Nature Challenge 2026: Walker & Trinity County Texas,city-nature-challenge-2026-walker-trinity-county-texas,1216,https://www.inaturalist.org/attachment_defaults/general/span2.png,"Trinity County, US, TX",31.0888165609,-95.1355085736,71
264387,City Nature Challenge 2026: Brussels-Capital Region,city-nature-challenge-2026-brussels-capital-region,212226,https://static.inaturalist.org/projects/264387-icon-24c33ee1a40ccbd9468b8cdd0ef7a572-span2.png?1764756161,"Uccle / Ukkel, BE",50.7898690447,4.3613785922,442
265132,City Nature Challenge 2026: Greater Phoenix Area,city-nature-challenge-2026-greater-phoenix-area,179637,https://static.inaturalist.org/projects/265132-icon-6353de0dcc97ad0002159bd0aad02cca-span2.png?1764900325,Phoenix Metro,33.5054190474,-112.0375487421,927
266500,"City Nature Challenge 2026: Boone County, Kentucky",city-nature-challenge-2026-boone-county-kentucky,2169,https://static.inaturalist.org/projects/266500-icon-9f4b82bc45fbeda67c591f7c95427335-span2.png?1777061437,"Boone County, US, KY",38.9698641071,-84.727866006,244
266708,City Nature Challenge 2026: Steyr,city-nature-challenge-2026-steyr,224752,https://static.inaturalist.org/projects/266708-icon-648fdf401166d35b4eac1dc64761e31f-span2.jpeg?1768922186,"Steyr exakt, OO, AT",48.0542154526,14.4218229632,1120
264155,RETO NATURALISTA URBANO 2026: LIMA PE,reto-naturalista-urbano-2026-lima-pe,97128,https://www.inaturalist.org/attachment_defaults/general/span2.png,"Lima Province, PE",-12.0400418398,-76.9282088328,371
269402,City Nature Challenge 2026: Leicestershire and Rutland,city-nature-challenge-2026-leicestershire-and-rutland,149180,https://static.inaturalist.org/projects/269402-icon-86e757297a3898164a5aa8f28a25862b-span2.png?1764854304,VC-55 - Leicestershire (with Rutland),52.6663257869,-1.0472849335,317
269405,City Nature Challenge 2026: Oxfordshire,city-nature-challenge-2026-oxfordshire,30388,https://static.inaturalist.org/projects/269405-icon-7ddf83a48c0e19952fd5aaa33a946693-span2.png?1764855798,"Oxfordshire, England, GB",51.7600969518,-1.311910984,742
270187,Reto Naturalista 2026 Sabana de Bogotá,reto-naturalista-2026-sabana-de-bogota,59580,https://static.inaturalist.org/projects/270187-icon-7cd96112c9eb56c9421fe00d476430e6-span2.jpg?1766148750,"Bogotá D.C., CO",4.31472148,-74.180629828,601
269098,City Nature Challenge 2026: Freiburg Schwarzwald & Kaiserstuhl,city-nature-challenge-2026-freiburg-schwarzwald-kaiserstuhl,98327,https://static.inaturalist.org/projects/269098-icon-34e287724b3014147c355329f023086c-span2.jpg?1764791783,"Freiburg im Breisgau, BW, DE",47.9925229956,7.818075962,1629
270147,City Nature Challenge 2026: Plymouth,city-nature-challenge-2026-plymouth,124440,https://static.inaturalist.org/projects/270147-icon-60f69cfbf23988c1661d33d95bd710c3-span2.png?1769703943,Plymouth City Nature Challenge Area,50.4082526805,-4.1184381999,857
270275,"City Nature Challenge 2026: Thunder Bay District, ON, Canada",city-nature-challenge-2026-thunder-bay-district-on-canada,133230,https://static.inaturalist.org/projects/270275-icon-490df0753ca84b7d7fe5d2c30949119f-span2.png?1776544057,"Thunder Bay Judicial District, ON, CA",49.4982393976,-88.1837017814,243
270253,City Nature Challenge 2026: Colorado Front Range,city-nature-challenge-2026-colorado-front-range,250,https://static.inaturalist.org/projects/270253-icon-174497b0e0424564a990a5cf925828f4-span2.png?1765557990,"Jefferson County, US, CO",39.5864255507,-105.2504737327,1255
270285,City Nature Challenge 2026: Utah's Wasatch,city-nature-challenge-2026-utah-s-wasatch,2995,https://static.inaturalist.org/projects/270285-icon-557c7448b8fb85e818a37017d64240d4-span2.png?1775253006,"Box Elder County, US, UT",41.5210175738,-113.0820245951,1117
270269,"City Nature Challenge 2026: Hat Yai, Thailand",city-nature-challenge-2026-hat-yai-thailand,45913,https://static.inaturalist.org/projects/270269-icon-6ca4c27cbb50b57051faba1b36df730a-span2.png?1766310491,"Hat Yai, TH, SG",6.9736100617,100.4314261794,674
270223,City Nature Challenge 2026: Ekurhuleni,city-nature-challenge-2026-ekurhuleni,207849,https://www.inaturalist.org/attachment_defaults/general/span2.png,"Ekurhuleni district, GT, ZA",-26.1989025021,28.312616017,238
270590,City Nature Challenge 2026: Monadnock Region,city-nature-challenge-2026-monadnock-region,1354,https://static.inaturalist.org/projects/270590-icon-b5d09791b9c321a9e50185a6d7956ce8-span2.png?1772706943,"Cheshire County, US, NH",42.9193245579,-72.2511777136,982
270324,City Nature Challenge 2026 Calgary Metropolitan Region,city-nature-challenge-2026-calgary-metropolitan-region,146872,https://www.inaturalist.org/attachment_defaults/general/span2.png,"Airdrie, Alberta",51.2867279378,-114.0075108504,479
270317,"Desafio da Natureza Urbana 2026: Grande Vitória - ES, Brasil",desafio-da-natureza-urbana-2026-grande-vitoria-es-brasil,20921,https://static.inaturalist.org/projects/270317-icon-bbba92aca7776d8c6649fecba1635332-span2.png?1765583160,"Cariacica, ES, BR",-20.2907350136,-40.4427295374,429
264640,City Nature Challenge 2026: Curaçao,city-nature-challenge-2026-curacao,10408,https://static.inaturalist.org/projects/264640-icon-77ae8d4aac9450e12cb39087966d1570-span2.png?1761492901,Curaçao,12.1644476031,-68.9436721827,1029
264656,City Nature Challenge 2026 : Paris - Île de France,city-nature-challenge-2026-paris-ile-de-france,10577,https://static.inaturalist.org/projects/264656-icon-88fa42ef8f8cf3b587627dd96dff0577-span2.png?1770047410,"Île-de-France, FR",48.7092290659,2.5034728075,2097
264278,City Nature Challenge 2026: Kraków,city-nature-challenge-2026-krakow,198454,https://static.inaturalist.org/projects/264278-icon-2ee481499b603c6dd88e5d585036c89c-span2.png?1770283605,"Kraków Administrative Border, MA, PL",50.053163752,19.9850687823,933
269087,City Nature Challenge 2026: Lower Rio Grande Valley,city-nature-challenge-2026-lower-rio-grande-valley,94019,https://www.inaturalist.org/attachment_defaults/general/span2.png,"Lower Rio Grande Valley, US, TX",26.3875737121,-98.0512275428,2035
264010,City Nature Challenge 2026: Sacramento Region,city-nature-challenge-2026-sacramento-region,2282,https://static.inaturalist.org/projects/264010-icon-58108720be23495244a018b8d0633220-span2.png?1761089651,"Yolo County, US, CA",38.6866464809,-121.9016204561,1834
263907,City Nature Challenge 2026: KielRegion,city-nature-challenge-2026-kielregion,98634,https://static.inaturalist.org/projects/263907-icon-76c26cb419f0934113fe9be5eac391b9-span2.png?1775748494,"Kiel, DE, SH",54.3312820597,10.1373620324,1480
264100,City Nature Challenge 2026: Columbus Ohio,city-nature-challenge-2026-columbus-ohio,356,https://www.inaturalist.org/attachment_defaults/general/span2.png,"Franklin County, US, OH",39.9695460046,-83.0092981626,675
264462,City Nature Challenge 2026: Tehran,city-nature-challenge-2026-tehran,212731,https://static.inaturalist.org/projects/264462-icon-277cd8b9af3dbcc41c0b0bd03e43387f-span2.jpg?1761324183,"Tehran, TH, IR",35.7147796368,51.3781667045,1
179569,City Nature Challenge 2026: Kärnten,city-nature-challenge-2026-kaernten,10464,https://static.inaturalist.org/projects/179569-icon-ed018f007be643adc208187a062af895-span2.png?1759690204,"Kärnten, AT",46.7735904474,13.9149653687,1163
266453,2026 City Nature Challenge: North East England,2026-city-nature-challenge-north-east-england,131090,https://static.inaturalist.org/projects/266453-icon-6e9e1d72a3c7339e275505c4edfe7863-span2.png?1762953769,City Nature Challenge 2019: North East England,55.0525593836,-1.8151605893,1244
264388,Reto NaturaLista Urbano  Ahome Sinaloa 2026,reto-naturalista-urbano-ahome-sinaloa-2026,37676,https://static.inaturalist.org/projects/264388-icon-6c3eb2b113e6326f9497f4e04894f63a-span2.jpg?1765343269,"Ahome, MX, SI",25.8854052641,-109.1630870704,193
264280,City Nature Challenge 2026: Albany CoE (Makana & Ndlambe),city-nature-challenge-2026-albany-coe-makana-ndlambe,190522,https://www.inaturalist.org/attachment_defaults/general/span2.png,"Makana Local Municipality, EC, ZA",-33.2352221403,26.4082755217,707
264997,City Nature Challenge 2026: Santa Barbara County,city-nature-challenge-2026-santa-barbara-county,1531,https://www.inaturalist.org/attachment_defaults/general/span2.png,"Santa Barbara County, US, CA",34.5383440862,-120.0307861831,1115
264819,City Nature Challenge 2026: Northeast Pennsylvania,city-nature-challenge-2026-northeast-pennsylvania,965,https://www.inaturalist.org/attachment_defaults/general/span2.png,"Lackawanna County, US, PA",41.4367859493,-75.6091957358,1417
264949,City Nature Challenge 2026: City of Kingston,city-nature-challenge-2026-city-of-kingston,142220,https://www.inaturalist.org/attachment_defaults/general/span2.png,"City of Kingston, Ontario",44.3016692022,-76.4605851038,372
251022,"City Nature Challenge 2026: Richmond, BC",city-nature-challenge-2026-richmond-bc,130244,https://static.inaturalist.org/projects/251022-icon-56ee9f4869d2822dab58662af2f6f82b-span2.png?1775667726,"Richmond, BC, CA",49.159485428,-123.1027966237,564
265090,Reto Naturalista 2026: Valle de Aburrá,reto-naturalista-2026-valle-de-aburra,144768,https://static.inaturalist.org/projects/265090-icon-070609506624e00b63d5fc50f7bec7c9-span2.jpg?1776203898,Área Metropolitana del Valle de Aburrá,6.2800189984,-75.5385367858,1724
265128,City Nature Challenge 2026: The Grand Strand,city-nature-challenge-2026-the-grand-strand,472,https://static.inaturalist.org/projects/265128-icon-b4435fa55e16360fa6b07d4ea44cd30f-span2.png?1771259074,"Horry County, US, SC",33.9044792856,-78.9761494586,326
266322,City Nature Challenge 2026: Sunshine Coast (Australia),city-nature-challenge-2026-sunshine-coast-australia,144320,https://static.inaturalist.org/projects/266322-icon-5dd223f23bfb1519a2cd191b7de30394-span2.jpg?1762840762,"Sunshine Coast Regional LGA, QL, AU",-26.6992563929,152.9010280697,888
270358,"City Nature Challenge 2026: Pima County, Arizona",city-nature-challenge-2026-pima-county-arizona,2346,https://www.inaturalist.org/attachment_defaults/general/span2.png,"Pima County, US, AZ",32.097379014,-111.789949377,929
264008,City Nature Challenge 2026: Metro Vancouver Regional District (MVRD),city-nature-challenge-2026-metro-vancouver-regional-district-mvrd,27530,https://static.inaturalist.org/projects/264008-icon-a78d2c98f03467a7ca9b29e398bb25df-span2.PNG?1761088715,"Greater Vancouver, CA, BC",49.2702552818,-122.8992685499,2029
265202,City Nature Challenge 2026: Berlin,city-nature-challenge-2026-berlin,12872,https://static.inaturalist.org/projects/265202-icon-8c4e9f3dee130955a76d7e0ced037dfb-span2.png?1773584630,"Berlin, DE",52.5015315807,13.4018502444,2320
265435,Biomaraton CNC 2026: Navalcarnero - El Alamo,biomaraton-cnc-2026-navalcarnero-el-alamo,162736,https://www.inaturalist.org/attachment_defaults/general/span2.png,El Álamo,40.2324044246,-3.9892579944,126
265029,City Nature Challenge 2026: Boston Area,city-nature-challenge-2026-boston-area,146061,https://static.inaturalist.org/projects/265029-icon-87f29aae664699f70c901724d5730a74-span2.png?1765461597,Boston Area CNC,42.1097984477,-70.6715571202,2015
265003,"City Nature Challenge 2026: Heidelberg, Germany",city-nature-challenge-2026-heidelberg-germany,108255,https://static.inaturalist.org/projects/265003-icon-4ce277a29095b794fb651215a51220ac-span2.png?1761686966,"Heidelberg, DE, BW",49.4055152946,8.6941718019,1013
265533,"Reto NaturaLista Mazatlán, Sinaloa 2026",reto-naturalista-mazatlan-sinaloa-2026,37688,https://www.inaturalist.org/attachment_defaults/general/span2.png,"Mazatlán, MX, SI",23.4396087534,-106.3257514205,578
265675,"City Nature Challenge 2026: Orange County, CA",city-nature-challenge-2026-orange-county-ca,2738,https://static.inaturalist.org/projects/265675-icon-bc692802c987f10a59128a3c971f17a5-span2.png?1772757890,"Orange County, US, CA",33.6769131551,-117.7761462442,1039
266292,Reto NaturaLista Ecatepec 2026,reto-naturalista-ecatepec-2026,37046,https://static.inaturalist.org/projects/266292-icon-3fa8e22b19f6dfd84481ea62f97f5967-span2.png?1776212401,"Ecatepec de Morelos, MX, MX",19.5727837345,-99.0432117361,925
269406,City Nature Challenge 2026: Berkshire,city-nature-challenge-2026-berkshire,30318,https://static.inaturalist.org/projects/269406-icon-4793fae756d8bd3aff5d495d12f564ac-span2.png?1764856089,"Berkshire, England, GB",51.4457382611,-1.0731297218,395
265929,City Nature Challenge 2026: Hull,city-nature-challenge-2026-hull,186496,https://static.inaturalist.org/projects/265929-icon-c4ccb6b34b2bfce5c6bc13ecdacb4191-span2.png?1762512747,"Hull City Council, England, GB",53.7599171104,-0.3353668653,889
265537,City Nature Challenge 2026: Columbia,city-nature-challenge-2026-columbia,1472,https://static.inaturalist.org/projects/265537-icon-1fceb816fcbb753dba9d44bf00cf51e2-span2.png?1762213355,"Richland County, US, SC",34.0218110488,-80.9030384049,1475
266183,"City Nature Challenge 2026: Klang Valley, Malaysia",city-nature-challenge-2026-klang-valley-malaysia,137749,https://static.inaturalist.org/projects/266183-icon-8afd4d30c95cfbbcc86983b3b88991ca-span2.png?1776667983,"Klang Valley (2019), MY",3.0581945437,101.6303029171,546
265027,City Nature Challenge 2026: Colorado West Slope,city-nature-challenge-2026-colorado-west-slope,162,https://static.inaturalist.org/projects/265027-icon-8d62d3f00d49ffc62a523756905b7d47-span2.png?1761698763,"Moffat County, US, CO",40.6184222208,-108.207290604,742
247454,City Nature Challenge 2026: Ōtautahi/Christchurch,city-nature-challenge-2026-otautahi-christchurch,129542,https://static.inaturalist.org/projects/247454-icon-c752d3d75c41864580db6341260ed09d-span2.png?1749787791,"Christchurch District, NZ",-43.6818287889,172.7656765803,2285
265646,City Nature Challenge 2026: Bend,city-nature-challenge-2026-bend,197304,https://www.inaturalist.org/attachment_defaults/general/span2.png,Bend City Nature Challenge ,44.0401959356,-121.3341819074,296
266452,City Nature Challenge 2026: Bergamo,city-nature-challenge-2026-bergamo,188105,https://www.inaturalist.org/attachment_defaults/general/span2.png,"Bergamo, Lombardia, IT",45.6965109139,9.6639481383,424
270566,"City Nature Challenge 2026: Saskatoon, SK",city-nature-challenge-2026-saskatoon-sk,178077,https://www.inaturalist.org/attachment_defaults/general/span2.png,Saskatoon Area,52.1141349857,-106.6194523978,221
270576,Reto Naturalista Urbano 2026: Jardín,reto-naturalista-urbano-2026-jardin,212873,https://www.inaturalist.org/attachment_defaults/general/span2.png,"El Jardín, AN, CO",5.5744443381,-75.8184257492,58
270343,"City Nature Challenge 2026 - Trinitapoli, Italia",city-nature-challenge-2026-trinitapoli-italia,150895,https://static.inaturalist.org/projects/270343-icon-7d13bf334cda5aee2b5ae380d35fe27a-span2.jpg?1773603441,"Parco naturale regionale Fiume Ofanto, IT",41.1711768643,15.9006613881,38
270242,City Nature Challenge 2026: Alachua County,city-nature-challenge-2026-alachua-county,2511,https://www.inaturalist.org/attachment_defaults/general/span2.png,"Alachua County, US, FL",29.6747550598,-82.3577014892,1211
266139,City Nature Challenge  2026: Santa Fe Area,city-nature-challenge-2026-santa-fe-area,2392,https://static.inaturalist.org/projects/266139-icon-1d33dbc5d55776e82b6e9cd13b2ba157-span2.png?1764301961,"Santa Fe County, US, NM",35.5068564401,-105.9761208401,617
266241,City Nature Challenge 2026: Bangalore Metropolitan Region,city-nature-challenge-2026-bangalore-metropolitan-region,32239,https://www.inaturalist.org/attachment_defaults/general/span2.png,"Bangalore, KA, IN",12.9422948095,77.586824644,683
266190,City Nature Challenge 2026: Luxembourg,city-nature-challenge-2026-luxembourg,120582,https://static.inaturalist.org/projects/266190-icon-235f4243834d922433581ae2fdf98a66-span2.png?1775804108,"Grand-Duché de Luxembourg, LU",49.7768951193,6.0920320645,1601
264283,Biomarató 2026: Pla de l'Estany,biomarato-2026-pla-de-l-estany,140337,https://static.inaturalist.org/projects/264283-icon-5205abf38927fad932f0a455355fdbde-span2.png?1763975314,Pla de l'Estany,42.1255947009,2.786394066,356
264827,City Nature Challenge 2026: Atlanta,city-nature-challenge-2026-atlanta,130842,https://www.inaturalist.org/attachment_defaults/general/span2.png,"Atlanta City Nature Challenge, GA, US",33.7816359574,-84.3177308652,1986
266232,RETO NATURALISTA URBANO 2026 TIZIMÍN,reto-naturalista-urbano-2026-tizimin,38163,https://static.inaturalist.org/projects/266232-icon-56f34d5b483a955eeb37365b0e4223fe-span2.jpg?1777485312,"Tizimín, MX, YU",21.2707422327,-87.8407506767,1118
266277,"City Nature Challenge 2026:  Johnson County, Iowa",city-nature-challenge-2026-johnson-county-iowa,287,https://www.inaturalist.org/attachment_defaults/general/span2.png,"Johnson County, IA, US",41.6715510929,-91.5880849143,472
264878,"City Nature Challenge 2026: Baku, Abşeron Peninsula",city-nature-challenge-2026-baku-abseron-peninsula,96782,https://static.inaturalist.org/projects/264878-icon-5f5a23338da50fbdee140c26b7c67bd6-span2.png?1761637845,"Absheron, AZ",40.4138004232,49.5645977477,158
265839,"City Nature Challenge 2026: Warwickshire, Coventry and Solihull!",city-nature-challenge-2026-warwickshire-coventry-and-solihull,186687,https://static.inaturalist.org/projects/265839-icon-af7742a13993b01b6aba2d2f5a2766db-span2.jpg?1763460705,"Warwickshire, County of, England, GB",52.3006375038,-1.5595458319,1289
265834,City Nature Challenge 2026: Lancashire UK,city-nature-challenge-2026-lancashire-uk,30365,https://static.inaturalist.org/projects/265834-icon-389bec7a188511ecc53fc95976249683-span2.jpg?1762437589,"Lancashire, England, GB",53.8559720806,-2.6466475215,677
265724,City Nature Challenge 2026: Elsbeere Wienerwald,city-nature-challenge-2026-elsbeere-wienerwald,197885,https://static.inaturalist.org/projects/265724-icon-5577e30e00af29d5029887be9239af94-span2.png?1773776832,Elsbeere_Wienerwald,48.1610718888,15.8282215992,528
267900,City Nature Challenge 2026: Frankfurt am Main,city-nature-challenge-2026-frankfurt-am-main,98470,https://www.inaturalist.org/attachment_defaults/general/span2.png,"Frankfurt am Main, HE, DE",50.117968104,8.6441903945,1010
264407,City Nature Challenge 2026: Krems - Wachau - Melk,city-nature-challenge-2026-krems-wachau-melk,146791,https://static.inaturalist.org/projects/264407-icon-63bde1edf2c3058d759a4202d5114ae2-span2.png?1776239474,"Krems-Stadt, NO, AT",48.4090162555,15.6181201718,1045
265289,City Nature Challenge 2026: St. Pölten,city-nature-challenge-2026-st-poelten,210180,https://static.inaturalist.org/projects/265289-icon-132e51d5992b3e2b8a3ec186b2f8c0ce-span2.png?1761914209,"St. Pölten, NO, AT",48.1989334046,15.6419473337,481
264862,Reto Naturalista Primavera 2026: Ciudad de México,reto-naturalista-primavera-2026-ciudad-de-mexico,59014,https://static.inaturalist.org/projects/264862-icon-857702a3d2dcf6f736da36a6ab08142e-span2.jpg?1761604000,"Distrito Federal, MX",19.2768896365,-99.1394111886,3473
266977,City Nature Challenge 2026: Mumbai,city-nature-challenge-2026-mumbai,100677,https://static.inaturalist.org/projects/266977-icon-48450b9ce47d083f18d73186ae55afb2-span2.png?1777016620,"Mumbai Suburban, MH, IN",19.1366908527,72.8554648849,601
269150,City Nature Challenge 2026: Ōtepoti Dunedin,city-nature-challenge-2026-otepoti-dunedin,40501,https://static.inaturalist.org/projects/269150-icon-459c40f018215fa985ea2c425ec514f1-span2.png?1777250705,"Dunedin, OT, NZ",-45.6984638236,170.303266586,1315
270575,City Nature Challenge 2026: Lincoln- Lancaster County,city-nature-challenge-2026-lincoln-lancaster-county,2338,https://static.inaturalist.org/projects/270575-icon-b7a93dc4282822b38163e1d4162cc67d-span2.png?1769468633,"Lancaster County, US, NE",40.7841738686,-96.6877552403,406
265843,City Nature Challenge 2026: Greater Kansas City Metro Area,city-nature-challenge-2026-greater-kansas-city-metro-area,2756,https://www.inaturalist.org/attachment_defaults/general/span2.png,"Jackson County, US, MO",39.008502122,-94.3460913221,1184
265103,City Nature Challenge 2026: Greater London,city-nature-challenge-2026-greater-london,66357,https://static.inaturalist.org/projects/265103-icon-aed0922a28083d1d939cce402edc3bde-span2.png?1764077506,Greater London,51.4859381197,-0.1259994507,1900
265231,"City Nature Challenge 2026: Mustang Island, Texas",city-nature-challenge-2026-mustang-island-texas,131565,https://static.inaturalist.org/projects/265231-icon-6c524fa41f19b2776f77159548b9d793-span2.png?1761855315,"Mustang Island & Surrounding Waters, TX, US",27.7704923982,-97.1019906339,499
265002,City Nature Challenge 2026: Greater Des Moines,city-nature-challenge-2026-greater-des-moines,1582,https://www.inaturalist.org/attachment_defaults/general/span2.png,"Polk County, IA, US",41.6855048253,-93.5735335443,180
267310,City Nature Challenge 2026:  Greater Geelong,city-nature-challenge-2026-greater-geelong,14701,https://static.inaturalist.org/projects/267310-icon-756dd0c6f5a0d3d2b44b484c8db6631b-span2.png?1770772514,"Moorabool - Bacchus Marsh, VI, AU",-37.6535033683,144.4149964394,980
269392,City Nature Challenge 2026: Pierre/Fort Pierre,city-nature-challenge-2026-pierre-fort-pierre,855,https://static.inaturalist.org/projects/269392-icon-8b508034c98554aa1b052427c98a5317-span2.png?1775765015,"Hughes County, US, SD",44.3890304623,-99.9960499592,64
269703,City Nature Challenge 2026: Newport News,city-nature-challenge-2026-newport-news,13457,https://static.inaturalist.org/projects/269703-icon-0ff7acc8d66362eaf0467645883f8a1e-span2.png?1765122388,"Newport News County, US, VA",37.0760676304,-76.5164589978,520
270278,City Nature Challenge 2026: Silver City area,city-nature-challenge-2026-silver-city-area,3051,https://static.inaturalist.org/projects/270278-icon-a66323c7377d0ad02ccf6bd6dbc0acc4-span2.png?1767725726,"Grant County, US, NM",32.7390140985,-108.3822462773,561
267141,"City Nature Challenge 2026: Canyon County, ID",city-nature-challenge-2026-canyon-county-id,1820,https://static.inaturalist.org/projects/267141-icon-780bf7be429d5f3eb7c93a33b8525b29-span2.png?1763482280,"Canyon County, ID, US",43.6251335644,-116.7092925128,205
268529,Défi nature en ville Granby 2026,defi-nature-en-ville-granby-2026,140936,https://www.inaturalist.org/attachment_defaults/general/span2.png,"Granby, QC, CA",45.400094142,-72.7455087586,199
265496,City Nature Challenge 2026: Austin,city-nature-challenge-2026-austin,60211,https://static.inaturalist.org/projects/265496-icon-1aae108c823b3ba2a3c81c42dbe5af47-span2.jpeg?1773163830,"Greater Austin, TX, US",30.3328799812,-97.8079319,3476
269533,RETO NATURALISTA URBANO YURIMAGUAS 26 PE,reto-naturalista-urbano-yurimaguas-26-pe,199210,https://static.inaturalist.org/projects/269533-icon-1b1c5ea74f265154f7706c48011f9715-span2.png?1777301195,"Yurimaguas, LO, PE",-5.8458799292,-76.1615819593,352
269454,"Reto Naturalista Urbano 2026: Tulum, Q. Roo",reto-naturalista-urbano-2026-tulum-q-roo,57994,https://www.inaturalist.org/attachment_defaults/general/span2.png,"Tulum, MX, QR",20.2546536094,-87.617594648,262
265891,City Nature Challenge 2026: Monongahela Forest Towns,city-nature-challenge-2026-monongahela-forest-towns,2243,https://www.inaturalist.org/attachment_defaults/general/span2.png,"Randolph County, US, WV",38.7747231234,-79.8757955733,424
265442,City Nature Challenge 2026: Monterey and Santa Cruz Counties,city-nature-challenge-2026-monterey-and-santa-cruz-counties,418,https://static.inaturalist.org/projects/265442-icon-c16bd761aea15cb8337919d7c894b003-span2.jpg?1773783627,"Santa Cruz County, US, CA",37.0216059064,-122.0097874094,2028
265776,City Nature Challenge 2026: St. Louis,city-nature-challenge-2026-st-louis,124535,https://static.inaturalist.org/projects/265776-icon-ea936d757cc61aecf4159f2681609e8d-span2.png?1776275597,"St. Louis-St. Charles-Farmington, MO-IL Combined Statistical Area",38.6842537607,-90.2657129254,1553
264580,CNC 2026: BIGASTRO,cnc-2026-bigastro,220432,https://static.inaturalist.org/projects/264580-icon-836b533366bed61617cb5a2fd0c23a98-span2.png?1768860793,"Bigastro, VC, ES",38.0602109117,-0.8954065634,174
269824,City Nature Challenge 2026: Free State,city-nature-challenge-2026-free-state,50327,https://www.inaturalist.org/attachment_defaults/general/span2.png,"Free State, ZA",-28.6143499352,26.8673921714,373
269995,"Desafio Mundial da Natureza Urbana 2026: Grande Porto Alegre, RS, Brasil",desafio-mundial-da-natureza-urbana-2026-grande-porto-alegre-rs-brasil,23936,https://static.inaturalist.org/projects/269995-icon-544dca357f48ea5c7554d83f23fafb99-span2.jpg?1768945730,"Alvorada, RS, BR",-29.9950352468,-51.037290438,132
265199,City Nature Challenge 2026: Tel Aviv אתגר טבע עירוני תל אביב,city-nature-challenge-2026-tel-aviv,191668,https://www.inaturalist.org/attachment_defaults/general/span2.png,"שטח עירוני תל אביב-יפו, IL",32.0847597089,34.7899450914,236
269470,"City Nature Challenge 2026: Greenville County, SC",city-nature-challenge-2026-greenville-county-sc,1468,https://static.inaturalist.org/projects/269470-icon-deede7bda312a9b29e82662d4c63ddcb-span2.png?1764877896,"Greenville County, US, SC",34.8943073961,-82.3707179453,994
269901,City Nature Challenge 2026: NH's Upper Valley,city-nature-challenge-2026-nh-s-upper-valley,139,https://static.inaturalist.org/projects/269901-icon-00ba99f41858ea7e7bbe0e5ef1b51ed7-span2.png?1765234914,"Grafton County, US, NH",43.940738321,-71.8205501882,283
269967,City Nature Challenge 2026: Exeter,city-nature-challenge-2026-exeter,202094,https://static.inaturalist.org/projects/269967-icon-58e8d3256ceaac928170f24d9d6e6868-span2.png?1765299995,"Exeter City Council, England, GB",50.7216418331,-3.5101859887,508
270059,"City Nature Challenge 2026: Lexington-Fayette County, KY",city-nature-challenge-2026-lexington-fayette-county-ky,1958,https://www.inaturalist.org/attachment_defaults/general/span2.png,"Fayette County, US, KY",38.0423240909,-84.4587260137,488
269990,Reto Naturalista Urbano 2026: Loreto BCS,reto-naturalista-urbano-2026-loreto-bcs,101525,https://static.inaturalist.org/projects/269990-icon-f9d380aebf5e9f2e1da2ba76230de3a2-span2.png?1778199098,"Loreto, MX, BN",25.9333289233,-111.3545380171,877
270044,City Nature Challenge 2026: Greater Manchester,city-nature-challenge-2026-greater-manchester,138285,https://www.inaturalist.org/attachment_defaults/general/span2.png,Greater Manchester Local Records Area,53.5151759463,-2.2842313422,715
270066,City Nature Challenge 2026: Minneapolis-St. Paul,city-nature-challenge-2026-minneapolis-st-paul,13441,https://static.inaturalist.org/projects/270066-icon-fb182f2f50aec0d615e38bdaaff5cf57-span2.png?1771445165,"Scott County, US, MN",44.6484668577,-93.5359164131,1177
270067,City Nature Challenge 2026: Welland,city-nature-challenge-2026-welland,198393,https://static.inaturalist.org/projects/270067-icon-b575bed6879f6829cd0ab705b31ea6f8-span2.png?1765403164,"Welland_ON, ON, CA",42.9905393746,-79.22959406,127
269954,City Nature Challenge 2026: Springfield,city-nature-challenge-2026-springfield,52651,https://static.inaturalist.org/projects/269954-icon-e94c41483a3513881ba4a253c9dc6b4d-span2.png?1765290267,"Springfield, US, MA",42.1153842357,-72.5396788232,143
269505,City Nature Challenge 2026: South Central Wisconsin,city-nature-challenge-2026-south-central-wisconsin,496,https://static.inaturalist.org/projects/269505-icon-fd5b7a89cd4fa5e54d492040f3f8b250-span2.png?1764904676,"Dane County, US, WI",43.0674055874,-89.4183351593,757
269872,City Nature Challenge 2026: Kincardine,city-nature-challenge-2026-kincardine,199824,https://static.inaturalist.org/projects/269872-icon-354fac8eb908380c4a39202b40397949-span2.jpg?1765226905,"Kincardine Region, ON, CA",44.2554580745,-81.5219353145,205
266133,City Nature Challenge 2026: El Paso,city-nature-challenge-2026-el-paso,982,https://static.inaturalist.org/projects/266133-icon-108b99c3574f7220d4fe9e80033fb730-span2.png?1762710551,"El Paso County, TX, US",31.7685507128,-106.2348287294,689
265382,City Nature Challenge 2026: Santiago de Chile,city-nature-challenge-2026-santiago-de-chile,12691,https://static.inaturalist.org/projects/265382-icon-380c611bafb4bea48bf74449e585ed04-span2.png?1762118160,"Región Metropolitana de Santiago, CL",-33.585427701,-70.6540342595,287
269976,"Reto Naturalista Urbano 2026: Caracas, Venezuela",reto-naturalista-urbano-2026-caracas-venezuela,149519,https://www.inaturalist.org/attachment_defaults/general/span2.png,"Caracas, Vzla (mun. Baruta, Chacao, El Hatillo, Libertador y Sucre)",10.4431673455,-66.9033502377,271
269190,Reto Naturalista Urbano 2026: Tijuana-Tecate-Rosarito,reto-naturalista-urbano-2026-tijuana-tecate-rosarito,101524,https://static.inaturalist.org/projects/269190-icon-9524a3f1039af5dbe6a8d93db293aabd-span2.png?1766116812,"Tijuana, MX, BS",32.4081693495,-116.886178824,805
264352,City Nature Challenge 2026: South Florida (#CNCSOFLO),city-nature-challenge-2026-south-florida-cncsoflo,2348,https://static.inaturalist.org/projects/264352-icon-52fb3d6fe88cdea1dc66baa1b4ec4553-span2.png?1761245098,"Collier County, US, FL",26.0992389917,-81.3809730576,3902
270063,City Nature Challenge 2026: Polk County,city-nature-challenge-2026-polk-county,948,https://static.inaturalist.org/projects/270063-icon-9f042838ed22b350f1a669fb026ba1a2-span2.png?1765463009,"Polk County, US, FL",27.9488658218,-81.6976805473,776
266273,BIOMARATÓ CNC 2026 SANTA POLA,biomarato-cnc-2026-santa-pola,208699,https://www.inaturalist.org/attachment_defaults/general/span2.png,Santa Pola,38.2035081399,-0.5773003981,102
269952,City Nature Challenge 2026: Genova,city-nature-challenge-2026-genova,225289,https://static.inaturalist.org/projects/269952-icon-eb415c40f72246fd6017281e5ad2995b-span2.png?1765287692,"Comune di Genova, Liguria, IT",44.4415055815,8.8931183951,576
266118,City Nature Challenge 2026: Göttingen Stadt & Landkreis,city-nature-challenge-2026-gottingen-stadt-landkreis,209933,https://static.inaturalist.org/projects/266118-icon-2d8ba1c3885aee6a47c5752b7e7d1a79-span2.PNG?1773593291,"Landkreis Göttingen, DE",51.5641019797,10.087996475,1486
266528,"City Nature Challenge 2026: Pahang, Malaysia",city-nature-challenge-2026-pahang-malaysia,10000,https://static.inaturalist.org/projects/266528-icon-70e983d7466be0965488ec5e0de890b9-span2.png?1776327345,"Pahang, MY",3.7237698974,102.5692196962,1636
266025,City Nature Challenge 2026: Siena,city-nature-challenge-2026-siena,178334,https://www.inaturalist.org/attachment_defaults/general/span2.png,Siena,43.3105117485,11.333769169,597
269926,City Nature Challenge 2026: Ostrava,city-nature-challenge-2026-ostrava,29399,https://static.inaturalist.org/projects/269926-icon-60b42f83c1acf31333e49727ed4ca047-span2.jpg?1765263256,"Ostrava, VK, CZ",49.8274238648,18.2401113912,1459
269468,City Nature Challenge 2026:  Fort Wayne Area,city-nature-challenge-2026-fort-wayne-area,2094,https://static.inaturalist.org/projects/269468-icon-e6c2849be0982868c93d2e95f0d79740-span2.png?1764877784,"Adams County, US, IN",40.7456599313,-84.9366547189,424
269561,City Nature Challenge 2026: Central Illinois,city-nature-challenge-2026-central-illinois,706,https://static.inaturalist.org/projects/269561-icon-6b9aeb6a123899a167fe79a62328149a-span2.png?1776443622,"Bureau County, US, IL",41.4041524263,-89.5286774948,1257
266299,"Reto Naturalista Primavera 2026 - Playa del Carmen, Q. Roo, México",reto-naturalista-primavera-2026-playa-del-carmen-q-roo-mexico,55955,https://static.inaturalist.org/projects/266299-icon-ab30aaf02acd9c7f120ad19db5ebe902-span2.png?1762823657,"Solidaridad, MX, QR",20.587158461,-87.3567053379,907
266313,Reto Naturalista Urbano 2026: Ciudad de Panamá y San Miguelito,reto-naturalista-urbano-2026-ciudad-de-panama-y-san-miguelito,40670,https://www.inaturalist.org/attachment_defaults/general/span2.png,"San Miguelito, PA, PN",9.0591860013,-79.4841163142,499
269930,City Nature Challenge 2026: Greater Cairo,city-nature-challenge-2026-greater-cairo,225446,https://static.inaturalist.org/projects/269930-icon-775e5350641e4c0bc2207132526b783a-span2.png?1771916951,Greater Cairo,30.0060784655,31.4865820682,370
270104,City Nature Challenge 2026: KoblenzRegion,city-nature-challenge-2026-koblenzregion,98602,https://static.inaturalist.org/projects/270104-icon-485b606407193af8ccc32aa8d4fb77f6-span2.png?1769779938,"Westerwaldkreis, RP, DE",50.5523493705,7.865681372,740
266134,City Nature Challenge 2026: Steiermark (Graz),city-nature-challenge-2026-steiermark-graz,10468,https://static.inaturalist.org/projects/266134-icon-65f46474cdba8a9fc8b47ff419b1d73c-span2.png?1766048683,"Steiermark, AT",47.2691488327,15.0087403438,5045
270042,City Nature Challenge 2026: Onondaga County NY,city-nature-challenge-2026-onondaga-county-ny,399,https://www.inaturalist.org/attachment_defaults/general/span2.png,"Onondaga County, US, NY",43.0057953643,-76.1946419327,309
270292,"Desafio Mundial da Natureza Urbana 2026: Arinos, MG, Brasil",desafio-mundial-da-natureza-urbana-2026-arinos-mg-brasil,21694,https://www.inaturalist.org/attachment_defaults/general/span2.png,"Arinos, MG, BR",-15.7495676733,-45.9871695952,315
270274,City Nature Challenge 2026: Washington DC Metro Area,city-nature-challenge-2026-washington-dc-metro-area,118683,https://static.inaturalist.org/projects/270274-icon-9e892572e28788a35846a5767cde5629-span2.png?1765568824,"Washington Metropolitan Area, US",38.8334829511,-77.4742858789,3725
270086,City Nature Challenge 2026: Manado Minut Bitung,city-nature-challenge-2026-manado-minut-bitung,31975,https://static.inaturalist.org/projects/270086-icon-40af23f3e51781da097badfd9ddd286b-span2.png?1768446838,"Manado, SW, ID",1.5603776612,124.790972726,194
270093,City Nature Challenge 2026: Innsbruck,city-nature-challenge-2026-innsbruck,14952,https://static.inaturalist.org/projects/270093-icon-879c0889e8dbf9d92eefc71286055433-span2.png?1765438247,"Innsbruck, TR, AT",47.288239123,11.3796795007,1163
270718,City Nature Challenge 2026: Greater Francistown,city-nature-challenge-2026-greater-francistown,156884,https://www.inaturalist.org/attachment_defaults/general/span2.png,"Botswana -North-East District, BW",-21.016281832,27.568411681,21
270716,City Nature Challenge 2026: Southern Botswana,city-nature-challenge-2026-southern-botswana,12635,https://www.inaturalist.org/attachment_defaults/general/span2.png,"Kgalagadi, BW",-24.855868745,21.7529226333,330
270179,City Nature Challenge 2026: Tulare County,city-nature-challenge-2026-tulare-county,1927,https://static.inaturalist.org/projects/270179-icon-c1675466a85f97645621c3beada40218-span2.png?1776959526,"Tulare County, CA, US",36.2201567449,-118.8004728444,432
268738,"City Nature Challenge 2026: Gangtok, Sikkim",city-nature-challenge-2026-gangtok-sikkim,100696,https://static.inaturalist.org/projects/268738-icon-ff822a91119978642d4c5fedef3fe8d3-span2.jpg?1773032402,"East Sikkim, SK, IN",27.2928855811,88.6713301759,84
270692,"City Nature Challenge 2026: Celestún, Yucatán",city-nature-challenge-2026-celestun-yucatan,172691,https://www.inaturalist.org/attachment_defaults/general/span2.png,Celestún OCR Lanresc,20.8229286088,-90.3681369289,3
270996,City Nature Challenge 2026 - Bhubaneswar,city-nature-challenge-2026-bhubaneswar,32410,https://static.inaturalist.org/projects/270996-icon-396c346dc2ef3bc7054969f39833c7dd-span2.jpg?1766317775,"Khordha, OR, IN",20.0825520583,85.5052478729,627
270099,City Nature Challenge 2026: Te Upoko o te Ika (Wellington),city-nature-challenge-2026-te-upoko-o-te-ika-wellington,6867,https://www.inaturalist.org/attachment_defaults/general/span2.png,"Wellington, NZ",-41.1146916355,175.4314754402,2404
270750,City Nature Challenge 2026: ReviveLYH Lynchburg Bioblitz,city-nature-challenge-2026-revivelyh-lynchburg-bioblitz,13483,https://static.inaturalist.org/projects/270750-icon-183d989f9e09c36efc8164a185510bf8-span2.jpg?1771865410,"Lynchburg County, US, VA",37.4004163154,-79.1911080719,409
265198,City Nature Challenge 2026: Herzliya אתגר טבע עירוני הרצליה,city-nature-challenge-2026-herzliya,224275,https://www.inaturalist.org/attachment_defaults/general/span2.png,"הרצליה, IL",32.1686718206,34.8237834422,463
270603,City Nature Challenge 2026: Bowling Green and South Central Kentucky,city-nature-challenge-2026-bowling-green-and-south-central-kentucky,1038,https://static.inaturalist.org/projects/270603-icon-f57613bafb6f9e5093c6e0fea06ec292-span2.png?1770505202,"Allen County, US, KY",36.7513166458,-86.1904186665,268
271071,City Nature Challenge 2026: Palm Beach County,city-nature-challenge-2026-palm-beach-county,1754,https://www.inaturalist.org/attachment_defaults/general/span2.png,"Palm Beach County, FL, US",26.6475679829,-80.4365079423,2415
265819,City Nature Challenge 2026: Karaganda,city-nature-challenge-2026-karaganda,224297,https://static.inaturalist.org/projects/265819-icon-bf40308da6bb56dff391113ea804ffa5-span2.png?1773206766,Karaganda_CNC2026,49.881431165,73.1301755518,547
270698,City Nature Challenge 2026: Greater Melbourne,city-nature-challenge-2026-greater-melbourne,14596,https://static.inaturalist.org/projects/270698-icon-5175c9f7b83e83a6c35b7ae52b58a04a-span2.png?1768263904,"Banyule - North, VI, AU",-37.7121174092,145.1063676735,2449
264014,City Nature Challenge 2026: Savannah Low Country and Coastal Georgia,city-nature-challenge-2026-savannah-low-country-and-coastal-georgia,2519,https://static.inaturalist.org/projects/264014-icon-e7921d491e2a6b91092d718f78e5ce79-span2.png?1763164454,"Chatham County, US, GA",31.9740223075,-81.092425351,752
264631,City Nature Challenge 2026: Dubai,city-nature-challenge-2026-dubai,214235,https://static.inaturalist.org/projects/264631-icon-2eefe948b923c5e172f6880ad8d47e9d-span2.png?1776686595,Dubai,24.9890539371,55.328215658,504
271177,RETO NATURALISTA URBANO 2026: Tambopata PE,reto-naturalista-urbano-2026-tambopata-pe,62029,https://www.inaturalist.org/attachment_defaults/general/span2.png,"Tambopata, MD, PE",-12.2082217203,-70.0469011254,74
271205,City Nature Challenge 2026: Southwest Louisiana,city-nature-challenge-2026-southwest-louisiana,1753,https://static.inaturalist.org/projects/271205-icon-12bd2ee3e7231d37632ba7d3136bce8d-span2.jpg?1766590784,"Vernon Parish, LA, US",31.1082936997,-93.1841466986,908
265390,City Nature Challenge 2026: Bethlehem,city-nature-challenge-2026-bethlehem,198366,https://www.inaturalist.org/attachment_defaults/general/span2.png,"Bethlehem, PA, US",40.6210637847,-75.3707954274,122
270157,City Nature Challenge 2026: Swansea (City and County),city-nature-challenge-2026-swansea-city-and-county,230505,https://www.inaturalist.org/attachment_defaults/general/span2.png,"City Nature Challenge 2026: Swansea boundary map, Wales, GB",51.6311765097,-4.0678341791,940
271263,Reto Naturalista Urbano 2026: Colima,reto-naturalista-urbano-2026-colima,101592,https://static.inaturalist.org/projects/271263-icon-7316635bcae888de3fd296b461d2b817-span2.jpg?1777081704,"Colima, CL, MX",19.1160960938,-103.63266776,195
271084,"City Nature Challenge 2026: Skokie, Illinois",city-nature-challenge-2026-skokie-illinois,153609,https://static.inaturalist.org/projects/271084-icon-25d04d82c8290efa8d6ee5ae370acfbf-span2.jpg?1773287872,"Skokie, IL, US",42.0359144746,-87.740215305,330
264498,BIOMARATON CNC COLMENAR VIEJO 2026,biomaraton-cnc-colmenar-viejo-2026,8102,https://static.inaturalist.org/projects/264498-icon-a5af43838bb649dbde4bb2f01aefd5d1-span2.gif?1771075720,"Colmenar Viejo, MD, ES",40.6642465912,-3.7458004577,403
264612,City Nature Challenge 2026: Goa,city-nature-challenge-2026-goa,10791,https://static.inaturalist.org/projects/264612-icon-38f2170e4ab6b2aecb74ffb349713ed9-span2.jpg?1764136912,"Goa, IN",15.3485514154,74.0206811218,1353
272106,City Nature Challenge 2026: Greater Fall River,city-nature-challenge-2026-greater-fall-river,190352,https://static.inaturalist.org/projects/272106-icon-2fd8d1ad11ae66bc67d089452a5f49a1-span2.jpg?1772069987,"Fall River Massachusetts USA, MA, US",41.7128730748,-71.1028124562,262
272039,City Nature Challenge 2026: Brněnská džungle,city-nature-challenge-2026-brnenska-dzungle,180463,https://static.inaturalist.org/projects/272039-icon-14263dfea3381fd450c5b1d9ae9ebd5c-span2.jpg?1767700485,"Brno, CZ",49.2067631771,16.588772321,911
265959,🌲Reto Naturalista 2026 Departamento de Guatemala 🌿,reto-naturalista-2026-departamento-de-guatemala,209440,https://static.inaturalist.org/projects/265959-icon-f8f5275ec3fe17301385a1341fb3cba1-span2.png?1775663695,Departamento de Guatemala,14.6267739785,-90.4952308743,741
266302,"City Nature Challenge 2026: Copalita-Huatulco, Oaxaca",city-nature-challenge-2026-copalita-huatulco-oaxaca,189547,https://www.inaturalist.org/attachment_defaults/general/span2.png,Socioecosistema Copalita,15.9595076656,-96.2190058286,567
266304,"City Nature Challenge 2026: Laguna de Términos, Campeche",city-nature-challenge-2026-laguna-de-terminos-campeche,55279,https://www.inaturalist.org/attachment_defaults/general/span2.png,"Área de Protección de Flora y Fauna Laguna de Términos, CM, MX",18.6283881159,-91.7651473074,60
270234,City Nature Challenge 2026:Brighton & Eastern Downs,city-nature-challenge-2026-brighton-eastern-downs,225516,https://static.inaturalist.org/projects/270234-icon-4fdc74b901fcfa1c3c2df72389dd0fcf-span2.png?1765554142,CNC_BrightonEasternDowns_2026,50.8453775355,-0.137316161,1009
266456,City Nature Challenge 2026: Brandon & Area,city-nature-challenge-2026-brandon-area,182187,https://static.inaturalist.org/projects/266456-icon-89c781ffdf132c37bcc8a5a3e314c90e-span2.png?1767835930,"Brandon Manitoba & Area, MB, CA",49.8630152868,-99.7580365726,147
272155,City Nature Challenge 2026: Greater Glasgow,city-nature-challenge-2026-greater-glasgow,30478,https://static.inaturalist.org/projects/272155-icon-20979aae187b9393f4df7a99035732fa-span2.png?1767787919,"South Lanarkshire, Scotland, GB",55.6105045999,-3.8033587756,611
272157,City Nature Challenge 2026: Greater Edinburgh,city-nature-challenge-2026-greater-edinburgh,30463,https://static.inaturalist.org/projects/272157-icon-2cc3305987296d964b55db8493b26aa3-span2.png?1767787889,"Edinburgh, Scotland, GB",55.9363794644,-3.2718963182,853
266615,🌲Reto Naturalista 2026 Petén 🌿,reto-naturalista-2026-peten,10677,https://static.inaturalist.org/projects/266615-icon-61503b45f1138df1c20ff26d96ccd484-span2.png?1775663717,"Petén, GT",16.973586832,-90.0144509202,646
271354,City Nature Challenge 2026: Aarhus,city-nature-challenge-2026-aarhus,98694,https://static.inaturalist.org/projects/271354-icon-e9afd3e5442868e1c27048112906511d-span2.png?1766919848,"Århus, MJ, DK",56.1618467483,10.1798605198,432
271109,City Nature Challenge 2026: San Luis Obispo County,city-nature-challenge-2026-san-luis-obispo-county,1251,https://static.inaturalist.org/projects/271109-icon-9536d8bc0fbdf06f9c7861ac3107ca2f-span2.png?1771377483,"San Luis Obispo County, US, CA",35.387418486,-120.4521969542,1162
271955,City Nature Challenge 2026: Strafford County,city-nature-challenge-2026-strafford-county,2270,https://static.inaturalist.org/projects/271955-icon-e907cf12893ed49b19e034a9144fec37-span2.png?1774296166,"Strafford County, US, NH",43.2974284665,-71.0294014432,191
272549,City Nature Challenge 2026: Bonn,city-nature-challenge-2026-bonn,98425,https://www.inaturalist.org/attachment_defaults/general/span2.png,"Bonn, NW, DE",50.7057346173,7.1098394099,1120
272620,Desafio Mundial da Natureza Urbana 2026: Santa Teresa,desafio-mundial-da-natureza-urbana-2026-santa-teresa,20969,https://static.inaturalist.org/projects/272620-icon-774c9b4c9f9189bab2d4d7f98d3393fa-span2.png?1775841957,"Santa Teresa, ES, BR",-19.8777787433,-40.6355665804,1531
272687,City Nature Challenge 2026: Greater New Bedford,city-nature-challenge-2026-greater-new-bedford,190400,https://static.inaturalist.org/projects/272687-icon-05e8eb0bea57867902481c02aa767f77-span2.jpg?1772138868,"New Bedford Massachusetts, MA, US",41.6647041585,-70.9395452424,245
272136,City Nature Challenge 2026: Tāmaki Makaurau/Auckland,city-nature-challenge-2026-tamaki-makaurau-auckland-8cb6c4c7-5191-401b-a5d9-ec5b34fa5138,83350,https://www.inaturalist.org/attachment_defaults/general/span2.png,"Auckland Ecological Region, NZ",-36.7964447844,174.761168821,1327
272692,City Nature Challenge 2026: Mérida Metropolitana.,city-nature-challenge-2026-merida-metropolitana,38117,https://static.inaturalist.org/projects/272692-icon-c80ee8b28f43bacb693f875a7cf34fdb-span2.png?1768248331,"Mérida, MX, YU",20.9840717319,-89.639526987,524
272719,City Nature Challenge 2026: Pittsburgh Region,city-nature-challenge-2026-pittsburgh-region,913,https://www.inaturalist.org/attachment_defaults/general/span2.png,"Allegheny County, US, PA",40.4688336878,-79.9811946288,2000
272359,City Nature Challenge 2026: Yilan-Hualien,city-nature-challenge-2026-yilan-hualien,141634,https://static.inaturalist.org/projects/272359-icon-848b258b0009f9e1abf8aa244afd503f-span2.jpg?1774609796,"宜蘭縣, TW",24.5933666986,121.8045015061,1342
264098,City Nature Challenge 2026: Baltimore Metro Area,city-nature-challenge-2026-baltimore-metro-area,1818,https://static.inaturalist.org/projects/264098-icon-694537da536938f67d2c7f6baa09b3ef-span2.PNG?1771966194,"Anne Arundel County, MD, US",38.9941571673,-76.5675970733,1853
272049,City Nature Challenge 2026: České Budějovice,city-nature-challenge-2026-ceske-budejovice,179812,https://static.inaturalist.org/projects/272049-icon-fdf38872de05067bf4a4072eb6abb371-span2.jpg?1776435686,České Budějovice CNC,48.9739181021,14.4839256698,716
270819,City Nature Challenge 2026: Torino,city-nature-challenge-2026-torino,229645,https://static.inaturalist.org/projects/270819-icon-f685e06888832af46cc0f2d37d72629e-span2.png?1766062131,Torino - Superga,45.0723987275,7.6730552923,1352
272356,City Nature Challenge 2026: NewTaipei-Keelung,city-nature-challenge-2026-newtaipei-keelung,97295,https://static.inaturalist.org/projects/272356-icon-555b040901b2016a1c06c355f66be669-span2.jpg?1774610112,"New Taipei, TW",25.0659040923,121.6528461963,1862
272355,City Nature Challenge 2026: Taipei,city-nature-challenge-2026-taipei,106960,https://static.inaturalist.org/projects/272355-icon-2fbfb983131ff5705f506c15f61b9bec-span2.jpg?1774615791,"Taipei, TW, TP",25.0805708749,121.5538320772,1503
272363,City Nature Challenge 2026: Taoyuan,city-nature-challenge-2026-taoyuan,106961,https://static.inaturalist.org/projects/272363-icon-404737ed0eaef02b3bb9cc553cda36fb-span2.jpg?1774609442,"Taoyuan, TW, TP",24.9272159984,121.2385245344,909
272357,City Nature Challenge 2026: Hsinchu,city-nature-challenge-2026-hsinchu,141644,https://static.inaturalist.org/projects/272357-icon-64b04e4f177dc02dd3401f89b9578b90-span2.jpg?1774612084,"新竹市, TW",24.8572160714,120.8196992097,1418
272353,City Nature Challenge 2026: Central Taiwan,city-nature-challenge-2026-central-taiwan,146729,https://static.inaturalist.org/projects/272353-icon-bd7ca26b6c9a073faac8d86b010da222-span2.jpg?1774610602,"Central Taiwan, TW",24.1279195166,120.8136019856,1694
272352,City Nature Challenge 2026: Chiayi-Yunlin,city-nature-challenge-2026-chiayi-yunlin,138247,https://static.inaturalist.org/projects/272352-icon-b41e4f907849d5cb5db27c55b1c3829b-span2.jpg?1774611278,"嘉義縣, TW",23.4427444803,120.4473116054,1810
272362,City Nature Challenge 2026: Kaohsiung,city-nature-challenge-2026-kaohsiung,141647,https://static.inaturalist.org/projects/272362-icon-d2fd1bf20c1221290ceb78fb52548650-span2.jpg?1774612263,"高雄市, TW",22.7867330227,120.3688357704,714
272364,City Nature Challenge 2026: Taitung-Pingtung,city-nature-challenge-2026-taitung-pingtung,141636,https://static.inaturalist.org/projects/272364-icon-1f69551c8a89aa90f6d89db6941aa645-span2.jpg?1774606430,"台東縣, TW",22.5570143301,121.3468798594,799
272323,"City Nature Challenge 2026: Nashua, NH",city-nature-challenge-2026-nashua-nh,211312,https://static.inaturalist.org/projects/272323-icon-c765c43e2f268a2c8246703c2849fd5d-span2.png?1767903319,Nashua,42.7491004672,-71.4909614886,245
272325,"City Nature Challenge 2026: Manchester, NH",city-nature-challenge-2026-manchester-nh,211939,https://static.inaturalist.org/projects/272325-icon-34048a038c6915f51666768c300e0572-span2.png?1767904613,"Manchester, New Hampshire",42.9847818953,-71.4446951887,300
272389,City Nature Challenge 2026: Terra d'Arneo - Puglia - Italy,city-nature-challenge-2026-terra-d-arneo-puglia-italy,201914,https://static.inaturalist.org/projects/272389-icon-92e23543c4360ac1cd5a73fe3c6ab1f0-span2.jpeg?1767981501,"Leverano, Apulia, IT",40.2906588232,17.9705933209,151
272361,City Nature Challenge 2026: Tainan,city-nature-challenge-2026-tainan,141637,https://static.inaturalist.org/projects/272361-icon-5267b320a5e552d8d41bfda133ea30be-span2.jpg?1774615553,"台南市, TW",23.054414704,120.0846626081,634
272253,City Nature Challenge 2026: Grass Valley - Nevada City,city-nature-challenge-2026-grass-valley-nevada-city,226196,https://www.inaturalist.org/attachment_defaults/general/span2.png,"Grass Valley-Nevada City CNC Boundary, CA, US",39.3824624132,-120.9187408801,724
272794,City Nature Challenge 2026: Tulsa Metro Area,city-nature-challenge-2026-tulsa-metro-area,2981,https://static.inaturalist.org/projects/272794-icon-e1de2e8165811181b5a7615c1b418b81-span2.png?1768319614,"Tulsa County, OK, US",36.1210776075,-95.9414816279,1130
270115,"Desafio Mundial da Natureza Urbana 2026: Brasília e Região, Brasil",desafio-mundial-da-natureza-urbana-2026-brasilia-e-regiao-brasil,21164,https://static.inaturalist.org/projects/270115-icon-9bbe439098e37c18b8e67adda1b75b94-span2.png?1776966379,"Pirenópolis, GO, BR",-15.8110513548,-49.0136463753,701
270989,City Nature Challenge 2026: Haifa אתגר טבע עירוני חיפה,city-nature-challenge-2026-haifa,225754,https://www.inaturalist.org/attachment_defaults/general/span2.png,"Haifa city, IL",32.8061425919,35.0084757623,479
272952,City Nature Challenge 2026: Cape Winelands,city-nature-challenge-2026-cape-winelands,108134,https://static.inaturalist.org/projects/272952-icon-06020ff1515e08aa49b8f1877523c303-span2.png?1768402144,"Cape Winelands, WC, ZA",-33.3224889979,19.6899814899,761
272998,City Nature Challenge 2026: Erie County,city-nature-challenge-2026-erie-county,1055,https://static.inaturalist.org/projects/272998-icon-4b5748e7ad6098499f5d7ebbbb7698b4-span2.png?1773089221,"Erie County, PA, US",42.1174762417,-80.0981063578,828
272788,"Reto Naturalista 2026: Caicedo, Antioquia",reto-naturalista-2026-caicedo-antioquia,28248,https://static.inaturalist.org/projects/272788-icon-eb465a9f042d486e1443b0254bf452f1-span2.jpg?1768318355,"Caicedo, AN, CO",6.4255627559,-75.9914642665,124
272911,City Nature Challenge 2026: Mizoram,city-nature-challenge-2026-mizoram,10792,https://static.inaturalist.org/projects/272911-icon-fbcbd4bab4816cc8514cada1ba617135-span2.jpg?1768367402,"Mizoram, IN",23.3093751327,92.8382237142,686
272765,City Nature Challenge 2026 : Thessaloniki,city-nature-challenge-2026-thessaloniki,30819,https://static.inaturalist.org/projects/272765-icon-a9973dbd695a5bda793bffbabd3015a2-span2.jpg?1777019895,"Thessaloniki, GR",40.6238495,23.1410835,389
272806,Reto Ciudad Naturaleza 2026: Trinidad (CNC),reto-ciudad-naturaleza-2026-trinidad-cnc,189776,https://www.inaturalist.org/attachment_defaults/general/span2.png,Municipio de Trinidad RCN2023,-14.8388113229,-64.6800625382,2278
272752,City Nature Challenge 2026: Potchefstroom,city-nature-challenge-2026-potchefstroom,206264,https://static.inaturalist.org/projects/272752-icon-f6110ae6a039ab1955dbb420b23042a3-span2.png?1772618022,"JB Marks Municipality, NW, ZA",-26.4886919886,27.0045167624,455
272714,City Nature Challenge 2026: Dallas/Fort Worth,city-nature-challenge-2026-dallas-fort-worth,57484,https://static.inaturalist.org/projects/272714-icon-a6c4b7f21d93a76364db35d7eca0c364-span2.png?1768260286,"DFW Metroplex, TX, US",32.7435276462,-97.0715475082,4601
267748,City nature challenge 2026: Nanakmatta Uttarakhand,city-nature-challenge-2026-nanakmatta-uttarakhand,166177,https://static.inaturalist.org/projects/267748-icon-8445e307b29514445b843a0cae80151a-span2.jpeg?1770035950,Nanakmatta ,28.9643974335,79.8506337318,1655
264285,City Nature Challenge 2026: Wien,city-nature-challenge-2026-wien,129695,https://www.inaturalist.org/attachment_defaults/general/span2.png,"Wien exakt, AT",48.2084428798,16.3778432885,2447
273644,City Nature Challenge 2026: Central Botswana,city-nature-challenge-2026-central-botswana,209996,https://www.inaturalist.org/attachment_defaults/general/span2.png,"Gammangwato, BW",-21.5408206557,26.2813433812,327
271021,City Nature Challenge 2026: Mueang Chiang Mai,city-nature-challenge-2026-mueang-chiang-mai,45315,https://static.inaturalist.org/projects/271021-icon-e487466ace90dd0bba6b37a1c494131b-span2.png?1766370340,"Muang Chiang Mai, TH, CM",18.7895591328,98.9657756723,526
271687,City Nature Challenge 2026: Istarska županija,city-nature-challenge-2026-istarska-zupanija,99916,https://www.inaturalist.org/attachment_defaults/general/span2.png,"Medulin, IS, HR",44.8123871257,13.8797555553,601
267359,City Nature Challenge 2026: Cincinnati-Hamilton County,city-nature-challenge-2026-cincinnati-hamilton-county,3059,https://www.inaturalist.org/attachment_defaults/general/span2.png,"Hamilton County, US, OH",39.1955310014,-84.5427747436,1024
264019,2026 Florida - Georgia iNaturalist City Nature Challenge,2026-florida-georgia-inaturalist-city-nature-challenge,701,https://static.inaturalist.org/projects/264019-icon-93779d584e9018c1f581396d77557c1c-span2.jpeg?1763315294,"Grady County, GA, US",30.8746728347,-84.234426346,1315
265883,"City Nature Challenge 2026: Agiabampo, Sonora",city-nature-challenge-2026-agiabampo-sonora,186368,https://www.inaturalist.org/attachment_defaults/general/span2.png,Socioecosistema Agiabampo,26.4260444171,-109.1512978471,310
272933,City Nature Challenge 2026: York,city-nature-challenge-2026-york,208940,https://static.inaturalist.org/projects/272933-icon-4f573696255abaed40368999bb1e8392-span2.png?1768399715,York CNC 2025,53.9257145983,-1.0165877719,2306
273899,City Nature Challenge 2026 Hartford & New Haven Counties,city-nature-challenge-2026-hartford-new-haven-counties,1885,https://static.inaturalist.org/projects/273899-icon-afa60244752edbf073bfb2fe6325bdc9-span2.png?1769053478,"Hartford County, CT, US",41.806421738,-72.7328438967,1174
269778,"City Nature Challenge 2026 Cosalá, Sinaloa",city-nature-challenge-2026-cosala-sinaloa,37681,https://www.inaturalist.org/attachment_defaults/general/span2.png,"Cosalá, SI, MX",24.4814837601,-106.7994351323,626
273294,City Nature Challenge 2026: Inland Empire,city-nature-challenge-2026-inland-empire,917,https://www.inaturalist.org/attachment_defaults/general/span2.png,"Riverside County, US, CA",33.743679865,-115.9938463756,1948
270388,City Nature Challenge 2026: Brookings County South Dakota,city-nature-challenge-2026-brookings-county-south-dakota,2452,https://www.inaturalist.org/attachment_defaults/general/span2.png,"Brookings County, US, SD",44.3696800803,-96.7904215386,155
271508,City Nature Challenge 2026: Bjelovarsko-bilogorska županija,city-nature-challenge-2026-bjelovarsko-bilogorska-zupanija,10756,https://www.inaturalist.org/attachment_defaults/general/span2.png,"Bjelovarska-Bilogorska, HR",45.7398545035,16.9766566262,87
271686,City Nature Challenge 2026: Brodsko-posavska županija,city-nature-challenge-2026-brodsko-posavska-zupanija,10757,https://www.inaturalist.org/attachment_defaults/general/span2.png,"Brodsko-Posavska, HR",45.2076818835,17.7607604098,281
264422,City Nature Challenge 2026: Zagreb,city-nature-challenge-2026-zagreb,99893,https://www.inaturalist.org/attachment_defaults/general/span2.png,"Zagreb, GZ, HR",45.8159192712,15.9838205998,819
264418,City Nature Challenge 2026: Karlovačka županija,city-nature-challenge-2026-karlovacka-zupanija,10734,https://www.inaturalist.org/attachment_defaults/general/span2.png,"Karlovacka, HR",45.2914938172,15.4643978022,348
264421,City Nature Challenge 2026: Krapinsko-zagorska županija,city-nature-challenge-2026-krapinsko-zagorska-zupanija,10736,https://www.inaturalist.org/attachment_defaults/general/span2.png,"Krapinsko-Zagorska, HR",46.094920097,15.919071532,556
271688,City Nature Challenge 2026: Ličko-senjska županija,city-nature-challenge-2026-licko-senjska-zupanija,10737,https://www.inaturalist.org/attachment_defaults/general/span2.png,"Licko-Senjska, HR",44.6865574689,15.3775975992,335
271689,City Nature Challenge 2026: Osječko-baranjska županija,city-nature-challenge-2026-osjecko-baranjska-zupanija,10739,https://www.inaturalist.org/attachment_defaults/general/span2.png,"Osjecko-Baranjska, HR",45.5613895491,18.4424564973,150
264419,City Nature Challenge 2026: Otok Krk,city-nature-challenge-2026-otok-krk,100119,https://www.inaturalist.org/attachment_defaults/general/span2.png,"Krk, PG, HR",45.0537695762,14.5102106182,894
271690,City Nature Challenge 2026: Biokovo,city-nature-challenge-2026-biokovo,197611,https://www.inaturalist.org/attachment_defaults/general/span2.png,"Biokovo, HR",43.3285623104,17.0525955499,306
264423,City Nature Challenge 2026: Varaždinska županija,city-nature-challenge-2026-varazdinska-zupanija,96893,https://www.inaturalist.org/attachment_defaults/general/span2.png,"Varaždinska, HR",46.2504343507,16.2938182611,982
271691,City Nature Challenge 2026: Zadarska županija,city-nature-challenge-2026-zadarska-zupanija,13036,https://www.inaturalist.org/attachment_defaults/general/span2.png,"Zadarska, HR",44.1640530732,15.3701258445,881
272201,City Nature Challenge 2026: Kitsap County,city-nature-challenge-2026-kitsap-county,1231,https://www.inaturalist.org/attachment_defaults/general/span2.png,"Kitsap County, US, WA",47.6398306624,-122.6489962595,775
273629,City Nature Challenge 2026: Waikato,city-nature-challenge-2026-waikato,143139,https://static.inaturalist.org/projects/273629-icon-c271a6b3871549ba2b71e25f965d8007-span2.png?1768860420,"Waikato Regional Council, NZ",-37.8128590501,175.437764539,753
272699,City Nature Challenge 2026: Cambria County,city-nature-challenge-2026-cambria-county,1131,https://static.inaturalist.org/projects/272699-icon-8fa6956ea792b0c49932e04997dd47c3-span2.gif?1771960300,"Cambria County, US, PA",40.495294012,-78.7137032874,437
273106,City Nature Challenge 2026: Fairfield and Westchester County,city-nature-challenge-2026-fairfield-and-westchester-county,155256,https://www.inaturalist.org/attachment_defaults/general/span2.png,Westchester-NY-Fairfield-CT,41.2039195211,-73.5025311875,807
273290,"City Nature Challenge 2026: Windham County, VT",city-nature-challenge-2026-windham-county-vt,2564,https://www.inaturalist.org/attachment_defaults/general/span2.png,"Windham County, US, VT",42.9905938513,-72.7138440587,295
273513,City Nature Challenge 2026: Hlohovec,city-nature-challenge-2026-hlohovec,44615,https://static.inaturalist.org/projects/273513-icon-0936ee3f2111990dde36315ccc95f83e-span2.png?1768774737,"Hlohovec, TA, SK",48.4290029895,17.8067182764,398
273659,City Nature Challenge 2026: SUT-Khorat,city-nature-challenge-2026-sut-khorat,172640,https://static.inaturalist.org/projects/273659-icon-dfeac8cdec8ca3def933c03d79955907-span2.jpg?1775368038,SUT and nearby areas,14.8786336191,102.0161346282,143
273725,City Nature Challenge 2026: Regina and Area,city-nature-challenge-2026-regina-and-area,164401,https://static.inaturalist.org/projects/273725-icon-b7a7c2d8bcd6e9d03a96cce1fc875891-span2.png?1773723699,City Nature Challenge 2021: Regina and Area,50.5002294342,-104.654306352,110
273795,City Nature Challenge 2026: Cape Town,city-nature-challenge-2026-cape-town,52355,https://www.inaturalist.org/attachment_defaults/general/span2.png,"City of Cape Town, WC, ZA",-33.9457434724,18.5547579207,3002
273788,City Nature Challenge 2026 : Thung Song City,city-nature-challenge-2026-thung-song-city,204431,https://www.inaturalist.org/attachment_defaults/general/span2.png,"Thung Song Municipality เทศบาลเมืองทุ่งสง, NT, TH",8.1634885492,99.6905933619,124
273835,City Nature Challenge 2026: Antigonish County,city-nature-challenge-2026-antigonish-county,27568,https://static.inaturalist.org/projects/273835-icon-6fec1afbd1a4f6e7a08005299df2632d-span2.png?1769012710,"Antigonish, NS, CA",45.6478054638,-61.9168560859,42
273974,City Nature Challenge 2026: Villa Rica-West Georgia,city-nature-challenge-2026-villa-rica-west-georgia,2871,https://static.inaturalist.org/projects/273974-icon-f4b5cc2d84fbb7bcabfadd181ac69af4-span2.png?1769186383,"Douglas County, US, GA",33.7018283965,-84.7679728389,303
273998,City Nature Challenge 2026: Cúcuta,city-nature-challenge-2026-cucuta,29021,https://static.inaturalist.org/projects/273998-icon-377f952bea38214b04df1248967a2620-span2.png?1777007877,"San José de Cúcuta, NS, CO",8.0841328379,-72.5051702186,77
274001,City Nature Challenge 2026: Los Patios,city-nature-challenge-2026-los-patios,29010,https://www.inaturalist.org/attachment_defaults/general/span2.png,"Los Patios, NS, CO",7.705405133,-72.5691998342,406
274044,"City Nature Challenge 2026: Guilford County, NC",city-nature-challenge-2026-guilford-county-nc,2723,https://static.inaturalist.org/projects/274044-icon-43ea95a498282ea9206d9e346231b09b-span2.jpg?1769182756,"Guilford County, US, NC",36.0794514702,-79.7890131113,568
274190,Reto Ciudad Naturaleza 2026: Chuquisaca (CNC),reto-ciudad-naturaleza-2026-chuquisaca-cnc,6788,https://static.inaturalist.org/projects/274190-icon-f513337fee26c071720b92d02cf66f8e-span2.jpg?1769363861,"Chuquisaca, BO",-20.0386605627,-64.2902395879,108
273153,"City Nature Challenge 2026: Guelph, Ontario",city-nature-challenge-2026-guelph-ontario,226570,https://static.inaturalist.org/projects/273153-icon-7bb34e1916c2e21880c8104251939895-span2.png?1768512297,Ignatius Jesuit Centre Property Boundaries,43.5727096448,-80.2899869573,697
273767,City Nature Challenge 2026 - Reno-Sparks,city-nature-challenge-2026-reno-sparks,212108,https://static.inaturalist.org/projects/273767-icon-431683619f6c7114c587912c09d903ce-span2.jpg?1777333790,Reno - Sparks,39.5514814379,-119.8223523807,396
270028,City Nature Challenge 2026: Tshwane,city-nature-challenge-2026-tshwane,50126,https://static.inaturalist.org/projects/270028-icon-1539ad43504806bf08b47e7e4ec1d7eb-span2.JPG?1765370997,"City of Tshwane, GT, ZA",-25.6598514004,28.4434331486,1347
274277,City Nature Challenge 2026: Ferrara,city-nature-challenge-2026-ferrara,100746,https://static.inaturalist.org/projects/274277-icon-538c4339fbf9cf7178cba04a0dfbb466-span2.png?1769416398,"Ferrara, Emilia-Romagna, IT",44.7873513671,11.8737573965,254
274733,City Nature Challenge 2026:  Weskus,city-nature-challenge-2026-weskus,184272,https://static.inaturalist.org/projects/274733-icon-1f4a0674a5ce2c6d847cf0d395babbe3-span2.jpg?1776354558,"Bergriver Municipality, WC, ZA",-32.7874928694,18.6727951924,678
270264,"City Nature Challenge 2026: San Marcos, TX",city-nature-challenge-2026-san-marcos-tx,230117,https://static.inaturalist.org/projects/270264-icon-4f5b22831a6a07709e5e8064feed6959-span2.png?1765821050,Hays JP Const precinct 1 San Marcos,29.8935125353,-97.9668897602,579
272553,"City Nature Challenge 2026, Roanoke City/County, VA",city-nature-challenge-2026-roanoke-city-county-va,13432,https://www.inaturalist.org/attachment_defaults/general/span2.png,"Salem County, US, VA",37.2864093163,-80.0553846777,374
273840,Défi nature urbaine 2026: Gatineau et environs | City Nature Challenge 2026,defi-nature-urbaine-2026-gatineau-et-environs-city-nature-challenge-2026,27669,https://static.inaturalist.org/projects/273840-icon-e22cef560fefd1ffb3940d15f1279d42-span2.png?1769015509,"Les Collines-de-l'Outaouais, QC, CA",45.6492849085,-75.8743136571,503
273667,City Nature Challenge 2026: Mueang Phitsanulok,city-nature-challenge-2026-mueang-phitsanulok,45737,https://www.inaturalist.org/attachment_defaults/general/span2.png,"Muang Phitsanulok, TH, PS",16.8337840801,100.291350874,56
274555,"City Nature Challenge 2026: Lake County, California",city-nature-challenge-2026-lake-county-california,1917,https://www.inaturalist.org/attachment_defaults/general/span2.png,"Lake County, US, CA",39.0996453402,-122.7531839162,656
274544,City Nature Challenge 2026: Lutsk,city-nature-challenge-2026-lutsk,227052,https://static.inaturalist.org/projects/274544-icon-d9aee3d3be704ed71c664c10aaee61bb-span2.jpg?1776788441,Lutsk UA,50.7465042981,25.3393457749,360
274571,"City Nature Challenge 2026: Millville, NJ",city-nature-challenge-2026-millville-nj,227063,https://static.inaturalist.org/projects/274571-icon-a37691141a18f67a2c0e52978d259e35-span2.png?1771601519,"Millville, NJ, US",39.3902509813,-75.0560866161,52
274620,City Nature Challenge 2026: Shasta County,city-nature-challenge-2026-shasta-county,1925,https://static.inaturalist.org/projects/274620-icon-7a40856693d8e373adfc1f6e1e540aca-span2.jpg?1769558604,"Shasta County, US, CA",40.7637665971,-122.0405215247,861
274584,City Nature Challenge 2026: Volodymyr,city-nature-challenge-2026-volodymyr,227075,https://static.inaturalist.org/projects/274584-icon-93ad3b28a475210400191c378236c709-span2.jpg?1775953264,"Volodymyr, VO, UA",50.8508709925,24.3268604173,116
274430,City Nature Challenge 2026: Yokohama Japan,city-nature-challenge-2026-yokohama-japan,34122,https://static.inaturalist.org/projects/274430-icon-374e809fd45758b4f8cd45e879e6de2f-span2.jpeg?1769490133,"Yokohama, JP, KN",35.4489209293,139.595434673,464
274662,City Nature Challenge 2026: Kropyvnytskyi,city-nature-challenge-2026-kropyvnytskyi,227089,https://static.inaturalist.org/projects/274662-icon-5c6247a7ff8c772d7b8afd88e48e44cd-span2.jpg?1775983418,Kropyvnytskyi,48.5224507909,32.2530766503,303
274690,City Nature Challenge 2026: Mykolaiv,city-nature-challenge-2026-mykolaiv,211338,https://static.inaturalist.org/projects/274690-icon-2397753e9583e114b492dae3dbb22d39-span2.jpg?1776839603,Mykolaiv City UA,46.9493162975,31.9764747451,370
274656,City Nature Challenge 2026: Ishikawa,city-nature-challenge-2026-ishikawa,10915,https://static.inaturalist.org/projects/274656-icon-377a132e0b03a7c7257a6b831a25d219-span2.png?1769580574,"Ishikawa, JP",36.894723233,136.8055578073,125
274652,Reto Naturalista Urbano Ixtapaluca 2026,reto-naturalista-urbano-ixtapaluca-2026,37053,https://static.inaturalist.org/projects/274652-icon-432db56da10ab4b09c5bdf630fb91b89-span2.png?1774624586,"Ixtapaluca, MX, MX",19.3427968853,-98.7790681686,236
274552,City Nature Challenge 2026: Zaporizhzhia,city-nature-challenge-2026-zaporizhzhia,227058,https://static.inaturalist.org/projects/274552-icon-6156c063136ba6c15a00254b81e94606-span2.jpg?1776751590,Zaporizhzhia UA,47.8433969539,35.1675354022,176
273818,City Nature Challenge 2026: Ghaziabad and Gautam Buddha Nagar,city-nature-challenge-2026-ghaziabad-and-gautam-buddha-nagar,32540,https://static.inaturalist.org/projects/273818-icon-a0373f0217753130485a13df3ee18c8e-span2.jpg?1769751670,"Ghaziabad, UP, IN",28.7784564375,77.4763069651,84
273609,Reto Ciudad Naturaleza 2026: La Paz  (CNC),reto-ciudad-naturaleza-2026-la-paz-cnc,131419,https://www.inaturalist.org/attachment_defaults/general/span2.png,"La Paz , LP, BO",-16.3816394051,-68.1039753947,1413
274664,City Nature Challenge 2026: Bila Tserkva,city-nature-challenge-2026-bila-tserkva,211482,https://static.inaturalist.org/projects/274664-icon-d14dfeeaeacf2557056b9e6b35f54f89-span2.jpg?1776769049,Bila Tserkva city,49.8040759616,30.108286528,18
274738,City Nature Challenge 2026: Ivankiv Hromada,city-nature-challenge-2026-ivankiv-hromada,207088,https://static.inaturalist.org/projects/274738-icon-6717838987cd871c15645ed6a303605b-span2.png?1776798256,"Іванківська селищна територіальна громада, KV, UA",50.9560104222,29.8682197865,576
265354,CNC 2026 CREVILLENT I ESPAIS NATURALS,cnc-2026-crevillent-i-espais-naturals,185994,https://static.inaturalist.org/projects/265354-icon-1f62d23048d5659686a5978bccf860c3-span2.png?1774123804,Sierra de Crevillent,38.2703219791,-0.8408030578,324
274814,City Nature Challenge 2026: Regional District of Nanaimo,city-nature-challenge-2026-regional-district-of-nanaimo,27532,https://static.inaturalist.org/projects/274814-icon-d6f66b0df02d04ed5892104059a7aa1b-span2.png?1769652631,"Nanaimo, CA, BC",49.2159361013,-124.2720642004,933
274824,City Nature Challenge 2026: Vyshhorod hromada,city-nature-challenge-2026-vyshhorod-hromada,227150,https://static.inaturalist.org/projects/274824-icon-bb11e664f45e9d52dd2f0b21a9901f6d-span2.jpg?1775931511,Vyshhorod City Hromada UA,50.6015470644,30.5213677787,50
274711,City Nature Challenge 2026: Kharkiv City,city-nature-challenge-2026-kharkiv-city,227114,https://static.inaturalist.org/projects/274711-icon-f8079b1230aae265c97149a9d30e5ffc-span2.jpg?1776867716,Kharkiv City UA,49.9828098166,36.2767781653,374
274877,City Nature Challenge 2026: Olomouc,city-nature-challenge-2026-olomouc,227038,https://static.inaturalist.org/projects/274877-icon-42040f320d17fd4eefb6c2de6b9f3cf4-span2.png?1771664168,Olomouc,49.5956468164,17.2730143325,543
274809,Desafio Mundial da Natureza Urbana 2026: Iguatu - CE,desafio-mundial-da-natureza-urbana-2026-iguatu-ce,20797,https://static.inaturalist.org/projects/274809-icon-81d05b739179a597a8aa6c45311119a1-span2.png?1769649776,"Iguatu, CE, BR",-6.3561860771,-39.2784305274,55
274272,City Nature Challenge 2026: Khorat Paleontopolis,city-nature-challenge-2026-khorat-paleontopolis,187471,https://static.inaturalist.org/projects/274272-icon-af8969701cc0c8ee1828b674b566799c-span2.png?1769410458,Khorat Paleontopolis,14.9747568778,102.098055737,155
274889,Desafio Mundial da Natureza Urbana 2026- USP Pirassununga,desafio-mundial-da-natureza-urbana-2026-usp-pirassununga,216603,https://static.inaturalist.org/projects/274889-icon-14baa844c1d1272b3a1e0b2f586feb9c-span2.png?1769693968,"USP Pirassununga - FZEA, BRA",-21.9538129732,-47.4583876714,139
273901,City Nature Challenge 2026: Kolhapur District,city-nature-challenge-2026-kolhapur-district,32341,https://static.inaturalist.org/projects/273901-icon-b3c24d9b400ad7ac93a47c7f27f00799-span2.jpg?1769355223,"Kolhapur, MH, IN",16.4667940011,74.1672999667,772
274882,Reto Naturalista Urbano Primavera 2026: Zona Metropolitana del Valle de Toluca,reto-naturalista-urbano-primavera-2026-zona-metropolitana-del-valle-de-toluca,37017,https://www.inaturalist.org/attachment_defaults/general/span2.png,"Almoloya de Juárez, MX, MX",19.4055782927,-99.8294544905,146
274820,City Nature Challenge 2026: metro Edmonton area,city-nature-challenge-2026-metro-edmonton-area,164051,https://www.inaturalist.org/attachment_defaults/general/span2.png,"Edmonton metropolitan area, AB, CA",53.5203211845,-113.5149770912,240
274837,City Nature Challenge 2026: Uzhhorod,city-nature-challenge-2026-uzhhorod,211614,https://static.inaturalist.org/projects/274837-icon-9dbfe64218e2064fe02b605c4c799ef9-span2.jpg?1776886357,Uzhhorod City,48.6188944023,22.2916456106,221
274698,City Nature Challenge 2026: Odesa,city-nature-challenge-2026-odesa,227106,https://static.inaturalist.org/projects/274698-icon-78efb3acd945d602a9f4dde150923df7-span2.jpg?1776756054,Одеса,46.4775623634,30.7150193711,161
274570,City Nature Challenge 2026: Zvenyhorodka,city-nature-challenge-2026-zvenyhorodka,227102,https://static.inaturalist.org/projects/274570-icon-30ad027c1ec507b9be95ebb334cb642d-span2.jpg?1776088068,Zvenyhorodka,49.0735440095,30.9644632783,149
275120,CITY NATURE CHALLENGE 2026 - BIOMARATÓ PRIMAVERA 2026 ALACANT,city-nature-challenge-2026-biomarato-primavera-2026-alacant,223823,https://static.inaturalist.org/projects/275120-icon-e43a7e9f21d25423e4c27bab495f1d65-span2.png?1769857677,Alicante_Alacant,38.3823963332,-0.5376706962,170
275010,City Nature Challenge 2026-Monte Pisano -Cluster Biodiversità Italia,city-nature-challenge-2026-monte-pisano-cluster-biodiversita-italia,211659,https://static.inaturalist.org/projects/275010-icon-b49fb92d321f7c3605d3c9edadac9517-span2.jpg?1772036482,Monte Pisano,43.7676195641,10.521051135,433
264066,City Nature Challenge 2026: Northern Botswana,city-nature-challenge-2026-northern-botswana,27456,https://static.inaturalist.org/projects/264066-icon-1bd42fcb47913cec299be4e4b7e0f3b5-span2.JPG?1761126445,"Ngamiland East, NC, BW",-19.7373399026,23.6893406824,372
274627,"City Nature Challenge 2026: Charlottetown, PEI",city-nature-challenge-2026-charlottetown-pei,211550,https://static.inaturalist.org/projects/274627-icon-447d5f9f09b8774d80a9394b717ff2c2-span2.png?1773186715,"Greater Charlottetown, PE, CA",46.2448766524,-63.1418426281,357
274628,"City Nature Challenge 2026: Summerside, PEI",city-nature-challenge-2026-summerside-pei,211551,https://static.inaturalist.org/projects/274628-icon-0683e62951b041aa55fe9a4dcc5b344c-span2.png?1773186120,"Greater Summerside, PE, CA",46.4123949851,-63.7730027286,214
274807,"Reto Naturalista Urbano 2026, Los Cabos, B.C.S., Mx",reto-naturalista-urbano-2026-los-cabos-b-c-s-mx,101528,https://static.inaturalist.org/projects/274807-icon-15e453305d11c57382c4d0a920dedc14-span2.jpeg?1777135776,"Los Cabos, MX, BN",23.25670333,-109.7376219241,380
274985,Reto Naturalista Urbano Baraya 2026,reto-naturalista-urbano-baraya-2026,28837,https://static.inaturalist.org/projects/274985-icon-9cb3d728af097a4e7d915412151bbd6e-span2.jpg?1776533100,"Baraya, HU, CO",3.1649186215,-74.9873092193,632
274926,City Nature Challenge 2026: Kobleve rural territorial community,city-nature-challenge-2026-kobleve-rural-territorial-community,227180,https://static.inaturalist.org/projects/274926-icon-2bdec88f613d161805506d923b020fc5-span2.jpg?1776839645,Kobleve_rural_territorial_community_UA,46.7266340457,31.2768982852,447
274936,City Nature Challenge 2026: Konotop,city-nature-challenge-2026-konotop,227182,https://static.inaturalist.org/projects/274936-icon-ae2b13837966389cec169efb98327f03-span2.jpg?1776790939,"Konotop City UA, UA",51.2352489683,33.2020106959,38
274938,City Nature Challenge 2026: Vinnytsia,city-nature-challenge-2026-vinnytsia,227184,https://static.inaturalist.org/projects/274938-icon-77bc622c3a73724703c122aa94b8abfe-span2.jpg?1776791112,"Vinnytsia City UA, UA",49.227493545,28.4751391525,47
274968,"City Nature Challenge 2026 Licking County, Ohio",city-nature-challenge-2026-licking-county-ohio,790,https://static.inaturalist.org/projects/274968-icon-3b82efe1bf0ca65d524095632ca8a8e5-span2.png?1769721830,"Licking County, US, OH",40.0916075992,-82.4831003224,306
274902,City Nature Challenge 2026: Chortkiv town,city-nature-challenge-2026-chortkiv-town,47272,https://static.inaturalist.org/projects/274902-icon-70719922a781b493fb7dcb49f7c5039d-span2.png?1769703772,"Chortkivs'kyi, UA, TP",48.9887083001,25.7963463112,74
274987,City Nature Challenge 2026: Morgantown Region,city-nature-challenge-2026-morgantown-region,1669,https://www.inaturalist.org/attachment_defaults/general/span2.png,"Monongalia County, US, WV",39.6302838888,-80.0465441583,784
274042,City Nature Challenge 2026: Western Mass,city-nature-challenge-2026-western-mass,2012,https://www.inaturalist.org/attachment_defaults/general/span2.png,"Hampshire County, US, MA",42.3401381536,-72.6637654436,1163
274769,City Nature Challenge 2026: Chernihiv,city-nature-challenge-2026-chernihiv,227146,https://static.inaturalist.org/projects/274769-icon-169451e0d2f6fcc9749f12079219ef5b-span2.jpg?1775935219,Chernihiv City UA,51.5001212321,31.292735782,62
271372,City Nature Challenge 2026: Central Kanagawa(JP),city-nature-challenge-2026-central-kanagawa-jp,225729,https://static.inaturalist.org/projects/271372-icon-e45b3d8e4e6cb1dfd0d9730fd568bc5c-span2.png?1766956530,神奈川県相模原市,35.5643026975,139.2394847348,861
272878,City Nature Challenge 2026: O‘ahu,city-nature-challenge-2026-o-ahu,6693,https://static.inaturalist.org/projects/272878-icon-e9fe6c1e241fdd765331d5718faff4b0-span2.png?1768342236,"Oahu, HI, US",21.496265,-157.96006,707
274910,City Nature Challenge 2026: City of Hamilton,city-nature-challenge-2026-city-of-hamilton,166260,https://static.inaturalist.org/projects/274910-icon-593a925081071b5a3d2dec22f60cc62e-span2.png?1769702189,"Hamilton Area, ON, CA",43.2562586566,-79.930192121,425
274999,City Nature Challenge 2026: Penghu,city-nature-challenge-2026-penghu,149383,https://static.inaturalist.org/projects/274999-icon-928bd684d528c44621902674f82ef89f-span2.jpg?1774610398,"澎湖縣, TW",23.469036497,119.5327648338,661
274304,"Desafio Mundial da Natureza Urbana 2026 - Congonhas, Minas Gerais",desafio-mundial-da-natureza-urbana-2026-congonhas-minas-gerais,21846,https://static.inaturalist.org/projects/274304-icon-43eb354e08b02b55b6b94f109f29a8b8-span2.png?1769433769,"Congonhas, MG, BR",-20.5164228045,-43.8616402958,325
275031,"City Nature Challenge 2026 : Muang Sungaikolok, Thailand",city-nature-challenge-2026-muang-sungaikolok-thailand,45621,https://static.inaturalist.org/projects/275031-icon-379cb32c6d72a65fff17f16e66bc8702-span2.jpg?1769787013,"Su-ngai Ko Lok, TH, NW",6.0751060673,101.99171063,88
275039,City Nature Challenge 2026: Dykanka Hromada,city-nature-challenge-2026-dykanka-hromada,47197,https://static.inaturalist.org/projects/275039-icon-a2ee9464a3201936db0f67e41efc1e78-span2.jpg?1776936618,"Dykans'kyi, PL, UA",49.8005328216,34.4506618635,188
275563,City Nature Challenge 2026: Navajo Nation,city-nature-challenge-2026-navajo-nation,223620,https://static.inaturalist.org/projects/275563-icon-762c686b6df74b02dd522b785a049284-span2.png?1770259700,"Navajo Nation, US",36.1825933915,-109.7616489146,386
268065,CNC 2026: Comarca de la Vega Baja del Río Segura,cnc-2026-comarca-de-la-vega-baja-del-rio-segura,220432,https://static.inaturalist.org/projects/268065-icon-07aa2eaeb2765ba9d30757b6d61c0341-span2.png?1770159418,"Bigastro, VC, ES",38.0602109117,-0.8954065634,478
275089,"Reto Naturalista Urbano 2026: Villahermosa, Tabasco",reto-naturalista-urbano-2026-villahermosa-tabasco,171374,https://static.inaturalist.org/projects/275089-icon-384df0381a55d0f581bb5eb5729219f2-span2.jpg?1774393041,"Villa Hermosa Zona Metropolitana, TB, MX",18.0088016032,-92.8613277967,211
264058,City Nature Challenge 2026: Tiruchirappalli,city-nature-challenge-2026-tiruchirappalli,100701,https://www.inaturalist.org/attachment_defaults/general/span2.png,"Tiruchirappalli, TN, IN",10.8766852586,78.5549139379,308
274686,City Nature Challenge 2026: Dnipro,city-nature-challenge-2026-dnipro,226327,https://static.inaturalist.org/projects/274686-icon-a7ff02277db24cf0031265bc7f102263-span2.jpg?1776447606,City Nature Challenge 2026: Dnipro ter hromada,48.4678897942,34.9987554721,100
275140,City Nature Challenge 2026: Броварська громада,city-nature-challenge-2026-brovarska-hromada,227181,https://static.inaturalist.org/projects/275140-icon-c11d15d7d67e9dd49c7d9465ec19ea2e-span2.jpg?1776782713,"Броварська ОТГ, UA",50.4781441413,30.8366610156,127
275743,"City Nature Challenge 2026: Mancha Khiri, Thailand",city-nature-challenge-2026-mancha-khiri-thailand-406dbb89-fd55-498e-80e4-f31d4113adb2,45414,https://static.inaturalist.org/projects/275743-icon-1773f29bae10b3868b8834b16e96e60f-span2.jpeg?1770390356,"Mancha Khiri, TH, KK",16.2127116175,102.5200707441,34
275308,City Nature Challenge 2026 : Nice,city-nature-challenge-2026-nice,227327,https://static.inaturalist.org/projects/275308-icon-878e1b23e65f4d3e841ae4a905e867a1-span2.png?1770044915,"Ville de Nice, FR",43.71243864,7.2380212834,208
274693,City Nature Challenge 2026: Ochakiv,city-nature-challenge-2026-ochakiv,227115,https://static.inaturalist.org/projects/274693-icon-d30b43c240d181eceda3b58b9699c95a-span2.jpg?1776839550,Ochakiv City UA,46.6232943339,31.5442284677,165
274730,City Nature Challenge 2026: Lviv,city-nature-challenge-2026-lviv,227113,https://static.inaturalist.org/projects/274730-icon-2379196c14048d3dc0c7129c571ad0fc-span2.jpg?1776077359,Lviv City UA,49.8401097949,24.0138452395,251
274695,City Nature Challenge 2026: Zhytomyr,city-nature-challenge-2026-zhytomyr,211220,https://static.inaturalist.org/projects/274695-icon-9da20b4460c39a9d28fff81f077ebf73-span2.jpg?1776199878,"Zhytomyr City, UA",50.2691062173,28.667403185,149
274899,City Nature Challenge 2026: Obukhivska ter hromada,city-nature-challenge-2026-obukhivska-ter-hromada,226326,https://static.inaturalist.org/projects/274899-icon-09d77bb0a9ba06f9fb067c3ac3593c8f-span2.jpg?1776447715,City Nature Challenge 2026: Obukhivska ter hromada,48.5411715924,34.7928402561,71
273762,City Nature Challenge 2026: Greater Portland-Vancouver Metro Area,city-nature-challenge-2026-greater-portland-vancouver-metro-area,81864,https://www.inaturalist.org/attachment_defaults/general/span2.png,Portland-Vancouver Metro Region,45.5399071755,-122.6795582111,1320
275299,City Nature Challenge 2026: eThekwini,city-nature-challenge-2026-ethekwini,108107,https://static.inaturalist.org/projects/275299-icon-97916cea7197671ce26be27d36116b1e-span2.png?1770031301,"eThekwini, NL, ZA",-29.827677079,30.8743676049,2204
275006,City Nature Challenge 2026: Петрівська територіальна громада,city-nature-challenge-2026-petrivska-terytorialna-hromada,227221,https://static.inaturalist.org/projects/275006-icon-43b70b4223f94c7edeaa0be835cad104-span2.jpg?1776923158,Петрівська територіальна громада,48.3485767794,33.2875518182,60
274679,City Nature Challenge 2026: Cherkasy,city-nature-challenge-2026-cherkasy,227100,https://static.inaturalist.org/projects/274679-icon-a3a02dde8b95ec7a4ce41ea3f4fdbb73-span2.jpg?1776935456,"Cherkasy, CK, UA",49.4228753822,32.0455041823,182
274911,City Nature Challenge 2026: Smolinska Hromada,city-nature-challenge-2026-smolinska-hromada,227169,https://static.inaturalist.org/projects/274911-icon-070a2cb86464c060d2551e064b0529e8-span2.jpg?1776769513,Smolinska Hromada,48.6058358373,31.3247687129,102
275121,City Nature Challenge 2026: Rivne,city-nature-challenge-2026-rivne,227267,https://static.inaturalist.org/projects/275121-icon-8f14b2d37bf5f9fa1448195e116615f4-span2.png?1769858588,Rivne City Ua,50.6134694152,26.2456025976,130
272552,RETO NATURALISTA URBANO 2026: Callahuanca PE,reto-naturalista-urbano-2026-callahuanca-pe,175020,https://www.inaturalist.org/attachment_defaults/general/span2.png,"Callahuanca District, LR, PE",-11.8134035906,-76.5758334683,89
274913,"City Nature Challenge 2026:Mueang Prachinburi, Thailand",city-nature-challenge-2026-mueang-prachinburi-thailand,45770,https://static.inaturalist.org/projects/274913-icon-c4118d2359212e6d609a37f84e0d5606-span2.png?1769703757,"Muang Prachin Buri, TH, PB",14.0988655683,101.3878708648,25
270387,"City Nature Challenge 2026: KZN, South Coast",city-nature-challenge-2026-kzn-south-coast,200413,https://static.inaturalist.org/projects/270387-icon-30ebf64a4671bf7086b9792bf95b78cb-span2.jpg?1765725381,"Ugu District Municipality, NL, ZA",-30.5649695041,30.255049296,794
274924,City Nature Challenge 2026: Sherbrooke,city-nature-challenge-2026-sherbrooke,199762,https://static.inaturalist.org/projects/274924-icon-4a605cc258f66f86d3b969cf2d454bfa-span2.jpg?1769709043,"Sherbrooke, Québec - City Nature Challenge- Défi nature urbaine",45.40149199,-71.9618523474,132
274314,"Reto Naturalista Urbano 2026, Cuenca, Ec",reto-naturalista-urbano-2026-cuenca-ec,231601,https://www.inaturalist.org/attachment_defaults/general/span2.png,"Cuenca Urbano y Periferia, AZ, EC",-2.8912025978,-79.0227986713,1175
274465,City Nature Challenge 2026: Cidade de Maputo,city-nature-challenge-2026-cidade-de-maputo,227810,https://static.inaturalist.org/projects/274465-icon-dcc6f966319f36a44258ecfa29e97237-span2.png?1773673342,"Cidade de Maputo, MP, MZ",-25.9729719338,32.7308725866,173
274472,City Nature Challenge 2026: Marracuene,city-nature-challenge-2026-marracuene,16861,https://static.inaturalist.org/projects/274472-icon-6b89151817dd4bfc12809b3f875989eb-span2.png?1773731848,"Marracuene, MP, MZ",-25.6686102005,32.7477197483,125
274474,City Nature Challenge 2026: Matutuíne,city-nature-challenge-2026-matutuine,16862,https://static.inaturalist.org/projects/274474-icon-6309c12c476bba442b39c16d9e032296-span2.png?1773732531,"Matutuíne, MP, MZ",-26.5057251537,32.6006125168,84
274479,City Nature Challenge 2026: Bilene,city-nature-challenge-2026-bilene,16825,https://static.inaturalist.org/projects/274479-icon-c09c230c7cc88ed7f360d14de8c3c4d9-span2.png?1773736942,"Bilene, GA, MZ",-25.0451091442,33.1796657784,15
274481,City Nature Challenge 2026: Mandlakazi,city-nature-challenge-2026-mandlakazi,16832,https://static.inaturalist.org/projects/274481-icon-8b9aed410678e0c134a55116ee8614bf-span2.png?1773733715,"Mandlakazi, GA, MZ",-24.6563649862,34.0811714486,36
274480,City Nature Challenge 2026: Cheringoma,city-nature-challenge-2026-cheringoma,16901,https://static.inaturalist.org/projects/274480-icon-16e4f3916099c94cc0a3b35f7f3fa80f-span2.png?1773738162,"Cheringoma, SO, MZ",-18.5396487723,35.2367881656,4
274489,City Nature Challenge 2026: Gorangosa,city-nature-challenge-2026-gorangosa,16904,https://static.inaturalist.org/projects/274489-icon-eaa2432a05d193b0e7e4ccd79a6f6cc6-span2.png?1773737968,"Gorongosa, SO, MZ",-18.6126845686,34.2144578233,106
274495,City Nature Challenge 2026: Marromeu,city-nature-challenge-2026-marromeu,16907,https://static.inaturalist.org/projects/274495-icon-89c78bfbeeafb612bca19697f063d643-span2.png?1773737834,"Marromeu, SO, MZ",-18.4587349715,35.7726973065,112
274488,City Nature Challenge 2026: Chimoio,city-nature-challenge-2026-chimoio,212141,https://static.inaturalist.org/projects/274488-icon-a9c670471ffef2a243e4c985430f12b1-span2.png?1773738236,"Chimoio, MN, MZ",-19.1269359002,33.455932761,21
274490,City Nature Challenge 2026: Vanduzi,city-nature-challenge-2026-vanduzi,227028,https://static.inaturalist.org/projects/274490-icon-b4d1815c57409281192bb2d66e6a33d1-span2.png?1773738350,"Vanduzi, MN, MZ",-18.8730046943,33.4191868752,4
274482,City Nature Challenge 2026: Quelimane,city-nature-challenge-2026-quelimane,212368,https://static.inaturalist.org/projects/274482-icon-f86f99604cf010ab12aff5c1a2243327-span2.png?1773738459,"Quelimane, ZA, MZ",-17.8607027158,36.9154388434,206
274487,City Nature Challenge 2026:  Mossuril,city-nature-challenge-2026-mossuril,16876,https://static.inaturalist.org/projects/274487-icon-7513c5595bf64a47d7d23099daae9d67-span2.png?1773738666,"Mossuril, NM, MZ",-15.0473245193,40.569006853,20
274475,City Nature Challenge 2026: Nacala,city-nature-challenge-2026-nacala,16879,https://static.inaturalist.org/projects/274475-icon-d5f1c3211e15b5291a321f387b894660-span2.png?1773738855,"Nacala Velha, NM, MZ",-14.5412488637,40.5653524292,72
274883,City Nature Challenge 2026: Cidade de Lichinga,city-nature-challenge-2026-cidade-de-lichinga,16885,https://static.inaturalist.org/projects/274883-icon-6f6c8bcc9a521eecac7873ae865d2893-span2.png?1773740570,"Lichinga, NS, MZ",-13.3899871688,35.2846891591,1
274881,City Nature Challenge 2026: Marrupa,city-nature-challenge-2026-marrupa,16888,https://static.inaturalist.org/projects/274881-icon-53af9d93a532401acb69e7e0098e8b93-span2.png?1773740025,"Marrupa, NS, MZ",-13.027763822,37.520309699,52
274878,City Nature Challenge 2026:  Mecula,city-nature-challenge-2026-mecula,16892,https://static.inaturalist.org/projects/274878-icon-9228c1da95ac6763401f0e5691a0a3ab-span2.png?1773739378,"Mecula, NS, MZ",-11.9567158731,37.5665935295,11
275375,"Reto Naturalista Urbano 2026: Tecámac, EDOMEX.",reto-naturalista-urbano-2026-tecamac-edomex,37094,https://static.inaturalist.org/projects/275375-icon-10d3ce46cabb5dabaa522ddc9fd50a6d-span2.jpg?1774207595,"Tecámac, MX, MX",19.7058365103,-98.9865078453,307
275405,City Nature Challenge 2026: Charlotte Metro Region,city-nature-challenge-2026-charlotte-metro-region,2178,https://static.inaturalist.org/projects/275405-icon-05b32195f3ad39dcf1179911f6ed5402-span2.png?1776948850,"Cabarrus County, US, NC",35.3869062621,-80.5520606294,898
274470,City Nature Challenge 2026: Matola,city-nature-challenge-2026-matola,212143,https://static.inaturalist.org/projects/274470-icon-a654ab59e1f26e5212d1ee03db33d848-span2.png?1773731439,"Matola, MP, MZ",-25.8347204913,32.4951584755,9
275079,City Nature Challenge 2026: Stanislaus County,city-nature-challenge-2026-stanislaus-county,340,https://www.inaturalist.org/attachment_defaults/general/span2.png,"Stanislaus County, US, CA",37.5591449494,-120.9976852902,307
275020,City Nature Challenge 2026: Waterberg,city-nature-challenge-2026-waterberg,48501,https://www.inaturalist.org/attachment_defaults/general/span2.png,"Waterberg, NP, ZA",-24.2051165036,27.9787147385,612
275142,City Nature Challenge 2026: Southern Assam,city-nature-challenge-2026-southern-assam,32065,https://static.inaturalist.org/projects/275142-icon-30244e6b96f6a5f010bb10f929dde89c-span2.jpg?1772727724,"Cachar, AS, IN",24.8137754762,92.8575205639,19
275133,City Nature Challenge 2026: Big Almaty,city-nature-challenge-2026-big-almaty,212692,https://static.inaturalist.org/projects/275133-icon-872bcc98002a1100f9c5c059df8beac2-span2.png?1769868796,Big Almaty Extended,43.4668457931,77.0652072515,796
272755,City Nature Challenge 2026: Prague,city-nature-challenge-2026-prague,154376,https://static.inaturalist.org/projects/272755-icon-4384fbd835819320b91e94c8258cafc3-span2.png?1768289109,"Hl. m. Praha, CZ",50.0667920284,14.4660038776,2065
264651,"City Nature Challenge 2026: Rochester, NY",city-nature-challenge-2026-rochester-ny,1898,https://static.inaturalist.org/projects/264651-icon-1970359ce793d87ac34f35406159e4b6-span2.png?1764514610,"Livingston County, US, NY",42.7280752312,-77.7754919165,741
275082,City Nature Challenge 2026: Brainerd Lakes Area,city-nature-challenge-2026-brainerd-lakes-area,13484,https://static.inaturalist.org/projects/275082-icon-9263c30888e5476378770f9c826de4b9-span2.png?1769813869,"Crow Wing County, US, MN",46.4823736736,-94.0708739926,164
273161,City Nature Challenge 2026: Corvallis,city-nature-challenge-2026-corvallis,484,https://www.inaturalist.org/attachment_defaults/general/span2.png,"Benton County, US, OR",44.491758904,-123.4293107917,819
273991,City Nature Challenge 2026: Palouse Region,city-nature-challenge-2026-palouse-region,2817,https://www.inaturalist.org/attachment_defaults/general/span2.png,"Latah County, ID, US",46.8161275056,-116.7116797896,583
276764,City Nature Challenge 2026: Athens Metropolitan Area,city-nature-challenge-2026-athens-metropolitan-area,227918,https://static.inaturalist.org/projects/276764-icon-65259548f6727d5cf4398bf2cd8984c3-span2.jpg?1771599938,"Athens Metropolitan Area - all islands, GR",37.8314808319,23.627266453,652
265099,City Nature Challenge 2026: Lethbridge,city-nature-challenge-2026-lethbridge,136029,https://static.inaturalist.org/projects/265099-icon-bf4b7e45b3faf714cff055fa577dee31-span2.png?1771436103,"Lethbridge, Alberta, Canada, AB, CA",49.6877356361,-112.844053573,301
274800,"City Nature Challenge 2026: Thurston County, WA",city-nature-challenge-2026-thurston-county-wa,1666,https://static.inaturalist.org/projects/274800-icon-ea28dc820b957e0c12ca2ffaff89f23b-span2.png?1769644506,"Thurston County, US, WA",46.9295010693,-122.8320755914,807
275064,City Nature Challenge 2026: Alpiarça,city-nature-challenge-2026-alpiarca,18387,https://static.inaturalist.org/projects/275064-icon-ed5a4e713132ae0786bb88abba01a275-span2.png?1776124644,"Alpiarça, SA, PT",39.2411299116,-8.5705643442,302
265845,City Nature Challenge 2026 : Chhattisgarh,city-nature-challenge-2026-chhattisgarh,7480,https://static.inaturalist.org/projects/265845-icon-51d4d211d1c77a79fd1bb07b8ead4f6a-span2.jpg?1762451393,"Chhattisgarh, IN",21.2647047285,82.0353660624,222
274712,City Nature Challenge 2026: Kherson,city-nature-challenge-2026-kherson,227107,https://static.inaturalist.org/projects/274712-icon-92e7d45f05e5c6980e6a21fe1b2b3a83-span2.jpg?1776800375,Kherson City UA,46.6577534755,32.6167752238,75
277499,City Nature Challenge 2026: Berezivka UA,city-nature-challenge-2026-berezivka-ua,227051,https://static.inaturalist.org/projects/277499-icon-7601295c238dda2d21307986860d2103-span2.jpg?1776084187,"Березівська міська громада, Одеська область",47.2012438742,30.9161877681,258
267317,City Nature Challenge 2026: Keralam,city-nature-challenge-2026-keralam,155516,https://www.inaturalist.org/attachment_defaults/general/span2.png,Keralam,10.424807701,76.3894527617,1824
279720,RETO NATURALISTA URBANO 2026: Áncash PE,reto-naturalista-urbano-2026-ancash-pe,11528,https://www.inaturalist.org/attachment_defaults/general/span2.png,"Ancash, PE",-9.4186698767,-77.6972392517,227
268819,"Reto Naturalista 2026: Chihuahua, México",reto-naturalista-2026-chihuahua-mexico,36528,https://www.inaturalist.org/attachment_defaults/general/span2.png,"Chihuahua, MX, CH",29.0005522339,-106.2325258718,128
277623,City Nature Challenge 2026: Slavuta hromada,city-nature-challenge-2026-slavuta-hromada,228220,https://static.inaturalist.org/projects/277623-icon-d1d71799f55baa120f394e916a517fa6-span2.jpg?1776144010,Slavuta Hromada,50.2580737021,26.8530034941,111
265225,City Nature Challenge 2026: Regno di Nettuno/Cluster Biodiversità Italia,city-nature-challenge-2026-regno-di-nettuno-cluster-biodiversita-italia,151768,https://www.inaturalist.org/attachment_defaults/general/span2.png,"Area marina protetta Regno di Nettuno, Campania, IT",40.7314220449,13.9127682661,95
273874,City Nature Challenge 2026- Guyane,city-nature-challenge-2026-guyane,198698,https://static.inaturalist.org/projects/273874-icon-633c468a17de91ffd4e67996d78a9ba4-span2.png?1774117842,"Guyane - buffer 2km, GF",4.046458525,-53.1809814259,4438
273839,City Nature Challenge 2026: Ottawa,city-nature-challenge-2026-ottawa,27599,https://static.inaturalist.org/projects/273839-icon-2c0895b0be27ae10cf237ae8c8058979-span2.png?1769014774,"Ottawa, ON, CA",45.2946675896,-75.775678398,985
273079,City Nature Challenge 2026: Greater Adelaide,city-nature-challenge-2026-greater-adelaide,146094,https://www.inaturalist.org/attachment_defaults/general/span2.png,"Greater Adelaide, SA, AU",-35.0343524747,138.6637259588,1183
273080,City Nature Challenge 2026: Darwin and Palmerston,city-nature-challenge-2026-darwin-and-palmerston,199503,https://www.inaturalist.org/attachment_defaults/general/span2.png,"Darwin and Palmerston, NT, AU",-12.4324319031,130.89505445,585
273073,City Nature Challenge 2026: Windhoek,city-nature-challenge-2026-windhoek,11406,https://www.inaturalist.org/attachment_defaults/general/span2.png,"Khomas, NA",-22.9160429405,17.1528386152,619
270709,Défi Nature en Ville 2026 : Agglopolys,defi-nature-en-ville-2026-agglopolys,226741,https://static.inaturalist.org/projects/270709-icon-344747cda9a8cfb2c7690a9838afcf00-span2.png?1772118257,Agglopolys,47.5710403036,1.2500044286,221
275163,City Nature Challenge 2026: Rheinisches Revier,city-nature-challenge-2026-rheinisches-revier,98573,https://static.inaturalist.org/projects/275163-icon-ed496d42d910423a178b6a492a1f0c8e-span2.png?1769893663,"Städteregion Aachen, NW, DE",50.7275046127,6.216727218,651
274095,"City Nature Challenge 2026 : Tagum City, Philippines",city-nature-challenge-2026-tagum-city-philippines,26286,https://static.inaturalist.org/projects/274095-icon-163c033d2dd0bf305b64cca529f7cac5-span2.png?1769230732,"Tagum City, DV, PH",7.4159036087,125.7972702295,3188
269693,City Nature Challenge 2026:Rehovot אתגר טבע עירוני רחובות,city-nature-challenge-2026-rehovot,177653,https://www.inaturalist.org/attachment_defaults/general/span2.png,"Rehovot, IL",31.8958190172,34.8096349987,304
248101,City Nature Challenge 2026: Volusia County,city-nature-challenge-2026-volusia-county,1796,https://www.inaturalist.org/attachment_defaults/general/span2.png,"Volusia County, FL, US",29.0634519556,-81.1485721296,831
265110,City Nature Challenge 2026: Greater Belfast,city-nature-challenge-2026-greater-belfast,198158,https://www.inaturalist.org/attachment_defaults/general/span2.png,Greater Belfast Area and Strangford,54.5903272629,-5.8097623403,986
274967,City Nature Challenge 2026: Detroit Tri-County Area,city-nature-challenge-2026-detroit-tri-county-area,1855,https://static.inaturalist.org/projects/274967-icon-2be57cae378cbd075f711fdbc5fc06b6-span2.png?1776563099,"Macomb County, US, MI",42.6727947655,-82.9101578695,850
277420,"City Nature Challenge 2026: Paris/Lamar County, TX, USA",city-nature-challenge-2026-paris-lamar-county-tx-usa,2639,https://static.inaturalist.org/projects/277420-icon-d90be5681d91bc3aed3deb3a2a4fbdaf-span2.png?1771865690,"Lamar County, US, TX",33.6672620542,-95.5712007165,324
264224,"Reto Naturalista Urbano 2026, Mulegé, B.C.S., Mx",reto-naturalista-urbano-2026-mulege-b-c-s-mx,36396,https://www.inaturalist.org/attachment_defaults/general/span2.png,"Mulegé, MX, BS",27.2834395134,-113.2459362367,46
278010,"Desafio da Natureza Urbana 2026: Piracicaba, São Paulo - Vizinhos Silvestres",desafio-da-natureza-urbana-2026-piracicaba-sao-paulo-vizinhos-silvestres,25183,https://static.inaturalist.org/projects/278010-icon-e6d22765ef173e81dff309ee9f646d75-span2.png?1771827338,"Piracicaba, SP, BR",-22.7259475686,-47.7826997417,185
272388,Reto Naturalista Urbano 2026: Monterrey Zona Metropolitana,reto-naturalista-urbano-2026-monterrey-zona-metropolitana,37338,https://static.inaturalist.org/projects/272388-icon-03918f5f913fb64a1bcf2527f9378a39-span2.png?1771950608,"Monterrey, MX, NL",25.6448319449,-100.3110151153,2263
270419,City Nature Challenge 2026 Bargarh,city-nature-challenge-2026-bargarh,100684,https://static.inaturalist.org/projects/270419-icon-967809917aaad700d22ed4dfe44e5933-span2.jpg?1765767299,"Bargarh, OR, IN",21.2166452673,83.3462590418,17
272173,City Nature Challenge 2026: Predazzo Cluster Biodiversità Italia,city-nature-challenge-2026-predazzo-cluster-biodiversita-italia,211504,https://static.inaturalist.org/projects/272173-icon-5199f1b79d059b913103ffb4f3e7f444-span2.jpg?1767796314,CNC 2025 Predazzo,46.3127975844,11.6131010483,214
277768,City Nature Challenge 2026 - Sangli City,city-nature-challenge-2026-sangli-city,32352,https://static.inaturalist.org/projects/277768-icon-5be76c550fe2b816c0f8fa9d01caf30d-span2.jpeg?1776952064,"Sangli, MH, IN",17.1107152394,74.7748266037,465
273450,"City Nature Challenge 2026: Larimer County, CO",city-nature-challenge-2026-larimer-county-co,1808,https://static.inaturalist.org/projects/273450-icon-b248356d8136551f72781a56c8e8c49e-span2.png?1768765296,"Larimer County, CO, US",40.6664170878,-105.4611442623,500
273213,City Nature Challenge 2026: Overberg,city-nature-challenge-2026-overberg,188511,https://static.inaturalist.org/projects/273213-icon-cd1a182cecb0da072f83bfd6cb21b7f8-span2.jpeg?1768564727,"Agulhas Marine, WC, ZA",-34.7111940996,20.3090677884,817
279756,City Nature Challenge 2026: South Andaman,city-nature-challenge-2026-south-andaman,100591,https://static.inaturalist.org/projects/279756-icon-43c26324399b2bc172703efbf8a69083-span2.png?1772815530,"South Andaman, AN, IN",11.5468478614,92.7189285695,237
279889,"City Nature Challenge 2026- Belgaum, Karnataka",city-nature-challenge-2026-belgaum-karnataka,32240,https://www.inaturalist.org/attachment_defaults/general/span2.png,"Belgaum, KA, IN",16.1177699837,74.82789853,18
279555,City Nature Challenge 2026: Surendranagar,city-nature-challenge-2026-surendranagar,32166,https://www.inaturalist.org/attachment_defaults/general/span2.png,"Surendranagar, GJ, IN",22.767853908,71.6064977117,1
279577,"City Nature Challenge 2026: Vadodara, Gujarat",city-nature-challenge-2026-vadodara-gujarat,32168,https://static.inaturalist.org/projects/279577-icon-c605ae866560ee2928aeece34a3cd793-span2.png?1772734653,"Vadodara, GJ, IN",22.2458004134,73.2492294624,146
279884,City Nature Challenge 2026: Kangra,city-nature-challenge-2026-kangra,32192,https://www.inaturalist.org/attachment_defaults/general/span2.png,"Kangra, HP, IN",32.1103301524,76.302248225,79
279685,CITY NATURE CHALLENGE 2026: MEGHALAYA,city-nature-challenge-2026-meghalaya,7471,https://www.inaturalist.org/attachment_defaults/general/span2.png,"Meghalaya, IN",25.5369341662,91.2788821781,119
279915,City Nature Challenge 2026:Bharuch,city-nature-challenge-2026-bharuch,32150,https://static.inaturalist.org/projects/279915-icon-2154f32cc4d9dafe3f322e4c0a07146d-span2.png?1772884289,"Bharuch, GJ, IN",21.7904074782,72.8822377847,2
279917,City Nature Challenge 2026: Anand,city-nature-challenge-2026-anand,32148,https://static.inaturalist.org/projects/279917-icon-76c791ddc0b3a68664a700840e861115-span2.png?1772885072,"Anand, GJ, IN",22.4326363116,72.7716460353,48
279896,City Nature Challenge 2026: Kurnool,city-nature-challenge-2026-kurnool,32035,https://www.inaturalist.org/attachment_defaults/general/span2.png,"Kurnool, AP, IN",15.5280109017,78.0000284823,19
279897,City Nature Challenge 2026: Visakhapatnam,city-nature-challenge-2026-visakhapatnam,64144,https://www.inaturalist.org/attachment_defaults/general/span2.png,"Visakhapatnam, AP, IN",17.8630772262,82.7046950471,319
279669,City Nature Challenge 2026 : Akola,city-nature-challenge-2026-akola,32327,https://www.inaturalist.org/attachment_defaults/general/span2.png,"Akola, MH, IN",20.7502854206,77.0445657995,5
279695,City Nature Challenge 2026: East Godavari,city-nature-challenge-2026-east-godavari,32029,https://www.inaturalist.org/attachment_defaults/general/span2.png,"East Godavari, AP, IN",17.1413479853,82.022580485,13
279104,City Nature Challenge 2026: Srinagar,city-nature-challenge-2026-srinagar,32213,https://www.inaturalist.org/attachment_defaults/general/span2.png,"Srinagar, JK, IN",34.1293532619,74.8983485867,129
279561,City Nature challenge 2026: Nagaland,city-nature-challenge-2026-nagaland,7460,https://www.inaturalist.org/attachment_defaults/general/span2.png,"Nagaland, IN",26.0670201528,94.4703016597,52
279775,City Nature Challenge 2026: Rourkela,city-nature-challenge-2026-rourkela,32421,https://static.inaturalist.org/projects/279775-icon-2531f6918935e78fa05cc03291838fba-span2.jpg?1772820095,"Sundargarh, OR, IN",22.0766660099,84.5039283722,175
279815,City Nature Challenge 2026:  Ranga Reddy,city-nature-challenge-2026-ranga-reddy,199203,https://www.inaturalist.org/attachment_defaults/general/span2.png,"Rangareddy District, TG, IN",17.130962745,78.4125038936,45
279818,City Nature Challenge 2026:  Sangareddy,city-nature-challenge-2026-sangareddy,199204,https://www.inaturalist.org/attachment_defaults/general/span2.png,"Sangareddy District, TG, IN",17.7853402731,77.8741288824,21
279825,City Nature Challenge 2026: Vikarabad,city-nature-challenge-2026-vikarabad,199202,https://www.inaturalist.org/attachment_defaults/general/span2.png,"Vikarabad District, TG, IN",17.2463101751,77.7508105345,8
279827,City Nature Challenge 2026: Wanaparthy,city-nature-challenge-2026-wanaparthy,199298,https://www.inaturalist.org/attachment_defaults/general/span2.png,"Wanaparthy District, TG, IN",16.2877178119,78.0495073075,21
279834,City Nature Challenge 2026: Yadadri Bhuvanagiri,city-nature-challenge-2026-yadadri-bhuvanagiri,199226,https://www.inaturalist.org/attachment_defaults/general/span2.png,"Yadari Bhuvanagiri District, TG, IN",17.4512401565,78.9786965286,30
279952,City Nature Challenge 2026: Purulia,city-nature-challenge-2026-purulia-99d797b0-c4fc-4bf9-bff6-dd27dcbddc3c,32610,https://www.inaturalist.org/attachment_defaults/general/span2.png,"Puruliya, WB, IN",23.2749887675,86.4126496025,181
279951,City Nature Challenge 2026: Patharpratima,city-nature-challenge-2026-patharpratima-1ff64e42-1446-4478-9af4-f23ecd0e026b,228990,https://www.inaturalist.org/attachment_defaults/general/span2.png,"Patharpratima, WB, IN",21.8018703606,88.3800762962,114
266373,City Nature Challenge 2026 : Coimbatore,city-nature-challenge-2026-coimbatore,218994,https://www.inaturalist.org/attachment_defaults/general/span2.png,Coimbatore District new,10.8780616356,76.9757473249,591
278376,City Nature Challenge 2026: Kota,city-nature-challenge-2026-kota,32466,https://static.inaturalist.org/projects/278376-icon-fbe33bfa3cb8cb8dc405f28cdf9ca040-span2.jpg?1771984855,"Kota, RJ, IN",25.1286371791,76.1254162359,159
266385,Reto Naturalista Urbano 2026: Atenco,reto-naturalista-urbano-2026-atenco,37023,https://static.inaturalist.org/projects/266385-icon-f0baafeb3e79b080979ea11c37d67574-span2.png?1762892886,"Atenco, MX, MX",19.5456485809,-98.9615707806,87
272313,Reto Naturalista Urbano 2026: Zihuatanejo - Primavera,reto-naturalista-urbano-2026-zihuatanejo-primavera,36767,https://www.inaturalist.org/attachment_defaults/general/span2.png,"Zihuatanejo de Azueta, GR, MX",17.7957290734,-101.4589001538,164
278351,City Nature Challenge 2026: City of Logan,city-nature-challenge-2026-city-of-logan,144326,https://static.inaturalist.org/projects/278351-icon-640b3a954371614ce6c44a74ac9fc4f1-span2.png?1771980868,"Logan LGA, QL, AU",-27.762394485,153.0401259144,311
263988,"City Nature Challenge 2026: Nashville, TN",city-nature-challenge-2026-nashville-tn,2694,https://static.inaturalist.org/projects/263988-icon-560e24be35ac7ce6cf97c85195f0ad3c-span2.png?1776968206,"Davidson County, US, TN",36.1694577271,-86.7849302231,719
265001,City Nature Challenge 2026: Kern County,city-nature-challenge-2026-kern-county,2758,https://www.inaturalist.org/attachment_defaults/general/span2.png,"Kern County, US, CA",35.3428487629,-118.7299000227,336
264263,CNC 2026: Mar del Plata /Mar Chiquita,cnc-2026-mar-del-plata-mar-chiquita,14134,https://static.inaturalist.org/projects/264263-icon-192d93fca6ea773762e479469034de1c-span2.jpg?1761189883,"General Pueyrredón, BA, AR",-37.9907192563,-57.7205165276,49
275608,City Nature Challenge 2026: Amstetten - Waidhofen/Ybbs,city-nature-challenge-2026-amstetten-waidhofen-ybbs,197121,https://static.inaturalist.org/projects/275608-icon-3f68c9ff1ed222fcdb998e1726c8cf9f-span2.png?1772877690,"Amstetten, AT",48.0341511241,14.7471315644,639
276652,City Nature Challenge 2026: Houston-Galveston,city-nature-challenge-2026-houston-galveston,110679,https://static.inaturalist.org/projects/276652-icon-3b8f593cd819f3ea4a69943c4fe72767-span2.png?1771001328,"Greater Houston Area, US, TX",29.7406407353,-95.347403234,4063
278444,City Nature Challenge 2026: București,city-nature-challenge-2026-bucure-ti,11745,https://static.inaturalist.org/projects/278444-icon-c7af9177259ecf1e5641de65ca1ee610-span2.png?1772030948,"Bucharest, RO",44.4426743324,26.0886102078,696
270282,City Nature Challenge 2026: Cape Breton Regional Municipality,city-nature-challenge-2026-cape-breton-regional-municipality,176370,https://www.inaturalist.org/attachment_defaults/general/span2.png,"Cape Breton Regional Municipality (CBRM), NS, CA",46.0100704831,-60.2641582314,213
274577,City Nature Challenge 2026: Debrecen,city-nature-challenge-2026-debrecen,100418,https://static.inaturalist.org/projects/274577-icon-917d1dd962045f509dae78c3eeb41af0-span2.jpg?1769549763,"Debrecen, HU, HB",47.5355495208,21.6592596245,443
278407,City Nature Challenge 2026: Trento Cluster Biodiversità Italia,city-nature-challenge-2026-trento-cluster-biodiversita-italia,154558,https://static.inaturalist.org/projects/278407-icon-c4eb968b5ff7aba9ccb07532dd8cd1b9-span2.jpg?1772007418,Biodistretto Comune di Trento,46.0612090349,11.1340233347,88
277298,City Nature Challenge 2026: Wildcoast Mpondoland,city-nature-challenge-2026-wildcoast-mpondoland-d60e5bb6-c27d-4f0b-9818-ae1c05358cd2,48374,https://www.inaturalist.org/attachment_defaults/general/span2.png,"Port St Johns Municipality, EC",-31.5361334217,29.4212799416,1590
277759,City Nature Challenge 2026: Salem,city-nature-challenge-2026-salem,32496,https://static.inaturalist.org/projects/277759-icon-c4dd3035386cf22342af5802729be4b2-span2.png?1771664781,"Salem, TN, IN",11.6630933791,78.209160739,471
277712,City Nature Challenge 2026: Nature Foundation Sint Maarten,city-nature-challenge-2026-nature-foundation-sint-maarten,10411,https://static.inaturalist.org/projects/277712-icon-e6595846975b44144a440cf551f5ce99-span2.png?1771616638,Sint Maarten,18.007905829,-63.0539480174,53
275365,City Nature Challenge 2026: Elko County,city-nature-challenge-2026-elko-county,1902,https://static.inaturalist.org/projects/275365-icon-283d6a394c4e8d9bb3c0d65c89d00120-span2.png?1770076620,"Elko County, US, NV",41.1458441769,-115.3577156211,54
278416,City Nature Challenge 2026: Uherskohradišťsko,city-nature-challenge-2026-uherskohradistsko,164681,https://static.inaturalist.org/projects/278416-icon-877e8dc54352fa51f8b4bf7b5b803f65-span2.jpg?1776944098,"Jarošov, ZK, CZ",49.0825737641,17.5031623199,455
274585,"City Nature Challenge 2026: Cascade County, MT",city-nature-challenge-2026-cascade-county-mt,2330,https://static.inaturalist.org/projects/274585-icon-f34b926b459af02f8331e580f074a2af-span2.png?1773929610,"Cascade County, US, MT",47.3079544529,-111.3470476795,76
274745,CITY NATURE CHALLENGE 2026 ZAPOTILTIC JAL,city-nature-challenge-2026-zapotiltic-jal,37009,https://static.inaturalist.org/projects/274745-icon-f8c9b4d9586ee21d1902bac8a9cdd5f1-span2.jpeg?1775768193,"Zapotiltic, JA, MX",19.621605462,-103.3457807579,66
242140,City Nature Challenge 2026 : Jakarta,city-nature-challenge-2026-jakarta,10784,https://static.inaturalist.org/projects/242140-icon-1d651dc516a79e88357520f8206b4eef-span2.png?1776828416,"Jakarta Raya, ID",-5.8443821634,106.6636145022,403
274945,CNC 2026: Desafío Funes,cnc-2026-desafio-funes,196827,https://static.inaturalist.org/projects/274945-icon-a22323c4863267642dee80310e9369c9-span2.png?1771781696,"Funes, SF, AR",-32.9257675298,-60.8261608745,99
275408,CNC 2026: Desafío Rosario,cnc-2026-desafio-rosario,202279,https://static.inaturalist.org/projects/275408-icon-04931c8f0de8e6d0940213c38fc7613e-span2.png?1771780876,"Rosario, SF, AR",-32.9496874487,-60.7002204615,15
276777,City Nature Challenge 2026: Municipality of Chatham-Kent,city-nature-challenge-2026-municipality-of-chatham-kent,49180,https://static.inaturalist.org/projects/276777-icon-7bb885ae8ec4ceb60446c9fe5a4b7658-span2.jpg?1773701610,"Chatham-Kent, ON, CA",42.4178013996,-82.1388642705,414
275147,"Reto Naturalista 2026: Centro Sur Chihuahua: Meoqui, Delicias, Julimes, Rosales., México",reto-naturalista-2026-centro-sur-chihuahua-meoqui-delicias-julimes-rosales-mexico,101616,https://static.inaturalist.org/projects/275147-icon-bd5840301ca500d02151ac13b5a2db75-span2.jpg?1769882772,"Julimes, CH, MX",28.5410107419,-105.054504739,97
276950,City Nature Challenge 2026: Martin County,city-nature-challenge-2026-martin-county,1869,https://static.inaturalist.org/projects/276950-icon-4aa46d6bf7b5680d151f77e17b73fac1-span2.png?1771254240,"Martin County, US, FL",27.0816213039,-80.3984708639,469
276680,BIOMARATON CNC VILLAFRUELA 2026,biomaraton-cnc-villafruela-2026,188729,https://static.inaturalist.org/projects/276680-icon-acf8941fb8f904e83c901f4f8339e9f1-span2.gif?1771074008,"Villafruela y espacios naturales, Burgos",41.922209285,-3.9149773599,254
278102,Reto Naturalista Urbano 2026: Puerto Peñasco,reto-naturalista-urbano-2026-puerto-penasco,37740,https://static.inaturalist.org/projects/278102-icon-59bc483ef3fc4dac0f42230cddacc7f8-span2.png?1771875326,"Puerto Peñasco, MX, SO",31.5036986808,-113.3158908386,50
278154,City Nature Challenge 2026: Fresno & Madera Counties,city-nature-challenge-2026-fresno-madera-counties,1924,https://static.inaturalist.org/projects/278154-icon-5a84daebe24eeb7eee498e5f8225a1c6-span2.png?1771895775,"Fresno County, US, CA",36.7581791893,-119.649319952,416
265164,"Reto Naturalista Urbano 2026: Guasave, Sinaloa",reto-naturalista-urbano-2026-guasave-sinaloa,37686,https://static.inaturalist.org/projects/265164-icon-9b14a03cd1560491f2395f68231a2d6e-span2.png?1776732750,"Guasave, MX, SI",25.5094985343,-108.5777051921,175
265084,EXPEDICIONARIOS CNC  2026 PRIMUS CT HUESCA,expedicionarios-cnc-2026-primus-ct-huesca,30005,https://www.inaturalist.org/attachment_defaults/general/span2.png,"Huesca, AR, ES",42.2028485192,-0.0730283897,289
265167,City Nature Challenge 2026 : Chennai,city-nature-challenge-2026-chennai,32480,https://www.inaturalist.org/attachment_defaults/general/span2.png,"Chennai, TN, IN",13.0449106817,80.2624866269,828
279873,City Nature Challenge 2026: Malé Atoll,city-nature-challenge-2026-male-atoll,229072,https://www.inaturalist.org/attachment_defaults/general/span2.png,"Malé Atoll, MV",4.3878382744,73.4939457943,210
279008,RETO NATURALISTA URBANO 2026: Tacna PE,reto-naturalista-urbano-2026-tacna-pe,11539,https://static.inaturalist.org/projects/279008-icon-dd3d7a2b828730684b8e4a32661df839-span2.png?1778628924,"Tacna, PE",-17.6598161365,-70.2943897487,55
278797,City Nature Challenge 2026: Red Deer Area,city-nature-challenge-2026-red-deer-area,164866,https://static.inaturalist.org/projects/278797-icon-efbfdfd1b077c8b74af46016600f26dc-span2.png?1772229268,"Red Deer County, AB, CA",52.1122672177,-113.7930076406,71
273661,City Nature Challenge 2026: Taranaki,city-nature-challenge-2026-taranaki,11513,https://static.inaturalist.org/projects/273661-icon-3e58f7cd819dc8892e52b0b372194d03-span2.png?1768891692,"Taranaki, NZ",-39.3168294755,174.4354942114,1270
273897,City Nature Challenge 2026: Chiang Rai,city-nature-challenge-2026-chiang-rai,45334,https://static.inaturalist.org/projects/273897-icon-4a94e10a08c6d3125f8b2f7a1be62b5b-span2.jpg?1769052014,"Muang Chiang Rai, TH, CR",19.9156059007,99.7861632535,427
274828,City Nature Challenge 2026 : Koh Mak  Phatthalung,city-nature-challenge-2026-koh-mak-phatthalung,45690,https://static.inaturalist.org/projects/274828-icon-eb22210a904919f84c65eb4417421af8-span2.jpg?1772509714,"Pak Phayun, PL, TH",7.3313022902,100.3080064077,12
277299,City Nature Challenge 2026: Nelson Mandela Bay,city-nature-challenge-2026-nelson-mandela-bay,59204,https://static.inaturalist.org/projects/277299-icon-11e79eb1ace4e5a65af3e7977e854829-span2.jpg?1777271356,"Nelson Mandela Bay, EC, ZA",-33.8378979643,25.5156162673,722
278900,City Nature Challenge 2026: Bratislava,city-nature-challenge-2026-bratislava,44565,https://static.inaturalist.org/projects/278900-icon-16066fbc6ea2d59cf68d9fbb94715f27-span2.png?1772314482,"Bratislava I, BL, SK",48.1492611244,17.0897997464,456
278696,City Nature Challenge 2026: Merced County,city-nature-challenge-2026-merced-county,1920,https://static.inaturalist.org/projects/278696-icon-4e4d6c90acf209493cc70e20551d1b5a-span2.png?1772155342,"Merced County, US, CA",37.1918569465,-120.7176686329,112
278836,City Nature Challenge 2026: Chhatrapati Sambhajinagar,city-nature-challenge-2026-chhatrapati-sambhajinagar,32329,https://static.inaturalist.org/projects/278836-icon-03526dc095fa4c7e21c08a7292cbac9a-span2.png?1772271819,"Aurangabad, MH, IN",20.0226672042,75.2759148341,33
273568,City Nature Challenge 2026: Rayagada,city-nature-challenge-2026-rayagada,32418,https://static.inaturalist.org/projects/273568-icon-ddb65ce4db084870a263a7650b0e6ef9-span2.png?1772820515,"Rayagada, OR, IN",19.3550169321,83.5062650994,316
278392,City Nature Challenge 2026: Queenstown Lakes,city-nature-challenge-2026-queenstown-lakes,40502,https://static.inaturalist.org/projects/278392-icon-53979a14203a196fb19725f2c6fb5e4a-span2.png?1771991296,"Queenstown-Lakes, OT, NZ",-44.675866475,168.8677833183,561
275923,City Nature Challenge - Her Byd Natur y Ddinas 2026: Glamorgan,city-nature-challenge-her-byd-natur-y-ddinas-2026-glamorgan,30502,https://www.inaturalist.org/attachment_defaults/general/span2.png,"Vale of Glamorgan, Wales, GB",51.4049078652,-3.3314808159,417
278908,City Nature Challenge 2026: Sedona,city-nature-challenge-2026-sedona,199802,https://static.inaturalist.org/projects/278908-icon-1c38fb8344ddc970a39e0de5e4232324-span2.png?1772323072,"Verde Valley, AZ, AZ, US",34.7404969384,-111.8824720834,378
278899,2026 City Nature Challenge: Amarillo and Area,2026-city-nature-challenge-amarillo-and-area,121393,https://static.inaturalist.org/projects/278899-icon-7832887e26d8c25935d8e4280250c919-span2.png?1773697605,"Amarillo Metropolitan Area, US, TX",35.3118955778,-101.5751700814,463
277500,City Nature Challenge 2026: Greater Philadelphia Area,city-nature-challenge-2026-greater-philadelphia-area,2983,https://static.inaturalist.org/projects/277500-icon-29c1438f2c8f0db2d5173fea03aa06a7-span2.jpg?1771527555,"Philadelphia County, PA, US",40.0076376824,-75.1339618215,1979
278872,CNC Biodiversity Workshop – Udaipur 2026,cnc-biodiversity-workshop-udaipur-2026,32474,https://www.inaturalist.org/attachment_defaults/general/span2.png,"Udaipur, RJ, IN",24.4110368613,73.7145674495,122
279903,City Nature Challenge 2026 : Ladakh,city-nature-challenge-2026-ladakh,184748,https://static.inaturalist.org/projects/279903-icon-34848a3233ccc343fb7a5649cdffc3f1-span2.jpg?1772877721,"Ladakh Union Territory, IN",34.9594919895,76.800584004,11
279767,City Nature Challenge 2026: Arunachal Pradesh,city-nature-challenge-2026-arunachal-pradesh,10787,https://www.inaturalist.org/attachment_defaults/general/span2.png,"Arunachal Pradesh, IN",28.0390063909,94.6766949515,159
279900,City Nature Challenge 2026 : Kaimur,city-nature-challenge-2026-kaimur,100610,https://www.inaturalist.org/attachment_defaults/general/span2.png,"Kaimur, BR, IN",24.9927341044,83.5985297337,2
279899,City Nature Challenge 2026 : Kinnaur,city-nature-challenge-2026-kinnaur,32193,https://static.inaturalist.org/projects/279899-icon-70ac9592df3c69e3138814e701efb884-span2.jpg?1772876883,"Kinnaur, HP, IN",31.6013583374,78.3968712899,34
279718,City Nature Challenge 2026: Bhavnagar District,city-nature-challenge-2026-bhavnagar-district,32151,https://static.inaturalist.org/projects/279718-icon-2e2d88ed84c27f3dee7e71663cd9aa65-span2.jpeg?1772804800,"Bhavnagar, GJ, IN",21.5945683214,71.9662549413,14
270883,City Nature Challenge 2026 - Punta Campanella MPA - CLUSTER ITALIA,city-nature-challenge-2026-punta-campanella-mpa-cluster-italia,151767,https://static.inaturalist.org/projects/270883-icon-6f99fb6a601ceaa6e9fa81ad2209aca9-span2.jpg?1766140925,"Area naturale marina protetta Punta Campanella, Campania, IT",40.5924312114,14.3546761515,106
264459,RETO NATURALISTA URBANO 2026: AYACUCHO PE,reto-naturalista-urbano-2026-ayacucho-pe,13161,https://static.inaturalist.org/projects/264459-icon-3b54b9ba926c3195227132093a6268b1-span2.jpg?1761323090,"Ayacucho, PE",-14.0915701366,-74.0835041459,323
265347,"Reto Naturalista Urbano 2026, San Andres Tuxtla, Veracruz, Mx",reto-naturalista-urbano-2026-san-andres-tuxtla-veracruz-mx,38004,https://www.inaturalist.org/attachment_defaults/general/span2.png,"San Andrés Tuxtla, MX, VE",18.5032747535,-95.2083438338,30
190261,Défit Nature Urbain 2026: Lékoko,defit-nature-urbain-2026-lekoko,30284,https://static.inaturalist.org/projects/190261-icon-8966e9c456b13bff1402103adf600e0e-span2.JPG?1762172201,"Lékoko, HO, GA",-2.0606783556,13.2299146677,66
265582,City Nature Challenge 2026 - Assam,city-nature-challenge-2026-assam,7453,https://www.inaturalist.org/attachment_defaults/general/span2.png,"Assam, IN",26.357098859,92.8293747715,1232
274413,City Nature Challenge 2026: Tokyo,city-nature-challenge-2026-tokyo,152404,https://static.inaturalist.org/projects/274413-icon-a987d0d50795109da1a9bbac83fd9491-span2.jpg?1769475859,"Tokyo_inland, JP",35.7142947425,139.4374443811,990
265961,"City Nature Challenge 2026: Sisal, Yucatán",city-nature-challenge-2026-sisal-yucatan,182148,https://www.inaturalist.org/attachment_defaults/general/span2.png,Socioecosistema Sisal,21.15891766,-90.0645192342,157
270080,City Nature Challenge 2026: Palu and Surrounding Area,city-nature-challenge-2026-palu-and-surrounding-area,31967,https://static.inaturalist.org/projects/270080-icon-bfae1cf59bc40ef82d6501d511323937-span2.png?1776743595,"Palu, ST, ID",-0.8647682793,119.8941743839,125
266030,City Nature Challenge 2026_Nashik,city-nature-challenge-2026_nashik,32346,https://static.inaturalist.org/projects/266030-icon-fee7f1abc97d57f61ded143016a53799-span2.jpg?1762661084,"Nashik, MH, IN",20.2600030173,74.0778381851,653
105565,Desafio da Natureza Urbana 2026: São Paulo e Região Metropolitana,desafio-da-natureza-urbana-2026-sao-paulo-e-regiao-metropolitana,25311,https://www.inaturalist.org/attachment_defaults/general/span2.png,"São Paulo, SP, BR",-23.6504168524,-46.6480251547,2028
267929,Défi Nature Urbaine 2026 : Ville et Eurométropole de Strasbourg,defi-nature-urbaine-2026-ville-et-eurometropole-de-strasbourg,212079,https://static.inaturalist.org/projects/267929-icon-b0d1a353156d95223ad909d193accac6-span2.png?1764001829,"Ville et Eurométropole de Strasbourg, Alsace, FR",48.5723595263,7.7174043165,604
269136,City Nature Challenge 2026: Redland City QLD Australia,city-nature-challenge-2026-redland-city-qld-australia,144323,https://static.inaturalist.org/projects/269136-icon-7c1444418e3a96016e2490688bfbfa67-span2.png?1769869901,"Redland City LGA, QL, AU",-27.5507284618,153.3548080247,131
272758,City Nature Challenge 2026: Pune,city-nature-challenge-2026-pune,32349,https://www.inaturalist.org/attachment_defaults/general/span2.png,"Pune, MH, IN",18.5705471794,74.0765798671,772
273035,"Desafio Mundial da Natureza Urbana 2026: Grande Rio e Baía de Guanabara, RJ - Brasil",desafio-mundial-da-natureza-urbana-2026-grande-rio-e-baia-de-guanabara-rj-brasil,23708,https://www.inaturalist.org/attachment_defaults/general/span2.png,"Maricá, RJ, BR",-22.9544267365,-42.8324419939,654
273831,City Nature Challenge 2026: West of England (Bristol and Bath),city-nature-challenge-2026-west-of-england-bristol-and-bath,123650,https://static.inaturalist.org/projects/273831-icon-558fd8469254a20cc309443e19e098db-span2.png?1773748970,"Bristol and Bath Region, England, GB",51.4430932836,-2.6069919897,1310
273866,City Nature Challenge 2026: Humboldt County,city-nature-challenge-2026-humboldt-county,1247,https://static.inaturalist.org/projects/273866-icon-46d76b9708c024170c0a9f9ee2f3a4fa-span2.jpeg?1769029478,"Humboldt County, US, CA",40.7050098916,-123.9158194566,964
277645,CITY NATURE CHALLENGE 2026: DEHRADUN,city-nature-challenge-2026-dehradun,100727,https://www.inaturalist.org/attachment_defaults/general/span2.png,"Dehradun, UT, IN",30.4686125164,77.9597518543,116
275087,City Nature Challenge 2026: Bucks County,city-nature-challenge-2026-bucks-county,722,https://static.inaturalist.org/projects/275087-icon-c081ec20f85fe394e22a78ddf22b0abd-span2.png?1769816838,"Bucks County, PA, US",40.336944545,-75.1068653552,631
274096,"City Nature Challenge 2026 : Mati City, Philippines",city-nature-challenge-2026-mati-city-philippines,26312,https://static.inaturalist.org/projects/274096-icon-7378a63b82429d33402040f38b1822f6-span2.png?1769231421,"Mati City, PH, DO",6.7646276641,126.2393181737,369
275788,City Nature Challenge 2026 : NCT of Delhi,city-nature-challenge-2026-nct-of-delhi,96901,https://static.inaturalist.org/projects/275788-icon-b1d4da0d1c0f5c696f3d4e206ad0b8c9-span2.jpg?1772982221,"NCT of Delhi, IN",28.6465189742,77.1089795345,580
277168,"City Nature Challenge 2026 : Prayagraj, Uttar Pradesh.",city-nature-challenge-2026-prayagraj-uttar-pradesh,32515,https://static.inaturalist.org/projects/277168-icon-3009d790332dd8a1367f15aa960da5cd-span2.jpeg?1771512664,"Allahabad, UP, IN",25.2998885743,81.9648086868,1022
278581,City Nature Challenge - CNC 2026 - Krishnagiri District,city-nature-challenge-cnc-2026-krishnagiri-district,100698,https://www.inaturalist.org/attachment_defaults/general/span2.png,"Krishnagiri, TN, IN",12.4791972907,78.0216118933,80
270270,City Nature Challenge 2026: Northeast Wisconsin,city-nature-challenge-2026-northeast-wisconsin,277,https://static.inaturalist.org/projects/270270-icon-8b3a2d281fbdeb768830f098665f639a-span2.png?1773943886,"Winnebago County, US, WI",44.0688769025,-88.6446587449,511
270170,Desafio da Natureza Urbana 2026 Sinop/MT,desafio-da-natureza-urbana-2026-sinop-mt,21558,https://static.inaturalist.org/projects/270170-icon-40401c6b0d2b409022acffa958541907-span2.png?1766102054,"Sinop, MT, BR",-11.7737810139,-55.4557025575,77
278682,City Nature Challenge 2026: Butte County,city-nature-challenge-2026-butte-county,1482,https://static.inaturalist.org/projects/278682-icon-70594317e901b7b8c77cfa8c4c9dccfc-span2.png?1772144891,"Butte County, US, CA",39.6669293637,-121.6006717318,558
278729,City Nature Challenge 2026: Tuolumne County,city-nature-challenge-2026-tuolumne-county,1559,https://static.inaturalist.org/projects/278729-icon-45e752d18555802b97b86c391711d151-span2.png?1772175841,"Tuolumne County, US, CA",38.0276010848,-119.9547530006,217
273555,City Nature Challenge 2026: Joburg,city-nature-challenge-2026-joburg,108102,https://www.inaturalist.org/attachment_defaults/general/span2.png,"West Rand, GT, ZA",-26.2456450765,27.5553837889,1044
275019,City Nature Challenge 2026: Nakhon Si Thammarat,city-nature-challenge-2026-nakhon-si-thammarat,45586,https://www.inaturalist.org/attachment_defaults/general/span2.png,"Muang Nakhon Si Thammarat, TH, NT",8.460373037,99.9853849676,315
274972,"City Nature Challenge 2026: Tuxtla Gutiérrez, Chiapas.MX",city-nature-challenge-2026-tuxtla-gutierrez-chiapas-mx,101694,https://static.inaturalist.org/projects/274972-icon-15842ff6afbc1eff6906df15f9aac1cf-span2.jpg?1772738731,"Tuxtla Gutiérrez, CA, MX",16.7394474782,-93.1372938258,57
274557,Desafío Naturaleza Urbana 2026 - Descubre Quito Biodiverso,desafio-naturaleza-urbana-2026-descubre-quito-biodiverso,10011,https://static.inaturalist.org/projects/274557-icon-e487e9d9bd3e9de8d5213b5644b4064c-span2.png?1769544306,"Pichincha, EC",-0.105616495,-78.5907290653,1563
274517,Reto Naturalista Urbano 2026 Biodiversidad de Hidalgo,reto-naturalista-urbano-2026-biodiversidad-de-hidalgo,11167,https://www.inaturalist.org/attachment_defaults/general/span2.png,"Hidalgo, MX",20.4795840071,-98.8872244134,557
265348,"Reto Naturalista Urbano 2026, Catemaco, Veracruz, Mx.",reto-naturalista-urbano-2026-catemaco-veracruz-mx,37895,https://www.inaturalist.org/attachment_defaults/general/span2.png,"Catemaco, MX, VE",18.4515316342,-95.0188000011,70
269520,City Nature Challenge 2026: Bremen & Bremerhaven,city-nature-challenge-2026-bremen-bremerhaven,12873,https://static.inaturalist.org/projects/269520-icon-f515f7068c91433755aef16eddc8ee6b-span2.png?1776166797,"Bremen, DE",53.2107933482,8.7370330635,538
265963,"City Nature Challenge 2026: Dos Bocas, Tabasco",city-nature-challenge-2026-dos-bocas-tabasco,189549,https://www.inaturalist.org/attachment_defaults/general/span2.png,Socioecosistema Dos Bocas,18.4754144655,-93.2205684027,68
270175,"Reto Naturalista Urbano 2026: Tapachula, Chiapas, MX",reto-naturalista-urbano-2026-tapachula-chiapas-mx,101683,https://www.inaturalist.org/attachment_defaults/general/span2.png,"Tapachula, CA, MX",14.8951041247,-92.3203090205,187
274757,Reto Naturalista Urbano 2026: Puerto Vallarta,reto-naturalista-urbano-2026-puerto-vallarta,36959,https://static.inaturalist.org/projects/274757-icon-40a0022c4a4dd0292f69a3df18fa1248-span2.jpg?1771343317,"Puerto Vallarta, JA, MX",20.6843815143,-105.1658937901,500
279875,RETO NATURALISTA URBANO 2026: LAMBAYEQUE PE,reto-naturalista-urbano-2026-lambayeque-pe,11536,https://www.inaturalist.org/attachment_defaults/general/span2.png,"Lambayeque, PE",-6.3804151003,-79.8500940089,205
278092,Reto Naturalista Urbano 2026: Mexicali,reto-naturalista-urbano-2026-mexicali,200695,https://static.inaturalist.org/projects/278092-icon-fd8e991cd4ca37774ad768a622b18994-span2.png?1771874109,Municipio de Mexicali,32.1692226335,-115.3296630932,85
278798,CNC 2026: Northeast Florida,cnc-2026-northeast-florida,172,https://static.inaturalist.org/projects/278798-icon-b8e6872dd5ab22616f5794568b7f8553-span2.png?1772229614,"Duval County, US, FL",30.3354408643,-81.6480088279,978
279553,"City Nature Challenge 2026: Campbell County, Kentucky",city-nature-challenge-2026-campbell-county-kentucky,2784,https://static.inaturalist.org/projects/279553-icon-350b08b1677ff11c3f02c56710e21025-span2.png?1772728980,"Campbell County, US, KY",38.9464766434,-84.379695696,130
279494,City Nature Challenge 2026: Eugene Oregon,city-nature-challenge-2026-eugene-oregon,191104,https://www.inaturalist.org/attachment_defaults/general/span2.png,"Eugene, OR, US",44.0635427244,-123.1241372156,347
279518,City Nature Challenge 2026: Jabalpur,city-nature-challenge-2026-jabalpur,32299,https://static.inaturalist.org/projects/279518-icon-ab41839396d99256aa463a9f4d6b4f0f-span2.png?1772713992,"Jabalpur, MP, IN",23.1742821757,79.9449885364,216
275074,"City Nature Challenge 2026: Troy, Lincoln County, MT",city-nature-challenge-2026-troy-lincoln-county-mt,3012,https://static.inaturalist.org/projects/275074-icon-d471b15fa4547eb93f6801aca1b2bb50-span2.jpeg?1769807221,"Lincoln County, US, MT",48.5424750901,-115.4050828218,73
279618,CNC Rio Branco e leste do Acre 2026,cnc-rio-branco-e-leste-do-acre-2026,20103,https://static.inaturalist.org/projects/279618-icon-034edf96a5a7b210773c851e851a000e-span2.jpg?1772751019,"Acrelândia, AC, BR",-9.9287860866,-66.9305736291,70
275058,CNC Ventura County 2026,cnc-ventura-county-2026,1930,https://www.inaturalist.org/attachment_defaults/general/span2.png,"Ventura County, CA, US",34.3575285185,-119.1260271961,931
276018,City Nature Challenge 2026 - Eluru,city-nature-challenge-2026-eluru,199796,https://static.inaturalist.org/projects/276018-icon-5260bde2589499cab48cce47d7ce8faf-span2.jpg?1770631436,"Eluru, AP, IN",16.7133663317,81.0938049903,1241
279504,"City Nature Challenge 2026: Surat, Gujarat",city-nature-challenge-2026-surat-gujarat,32165,https://static.inaturalist.org/projects/279504-icon-3f76636290d160dc216455403b749ebf-span2.png?1772708495,"Surat, GJ, IN",21.2610828135,73.0375224206,6
279047,City Nature Challenge 2026: Thane,city-nature-challenge-2026-thane,32356,https://www.inaturalist.org/attachment_defaults/general/span2.png,"Thane, MH, IN",19.3576592864,73.3254158912,224
279598,City Nature Challenge 2026: Kolkata,city-nature-challenge-2026-kolkata,118172,https://static.inaturalist.org/projects/279598-icon-b8b05c0e0a750e5f33bfd9436048eb19-span2.jpg?1777046515,"Kolkata and its Outskirts, WB, IN",22.667848921,88.3713815403,638
279599,City Nature Challenge 2026: Bankura,city-nature-challenge-2026-bankura,32596,https://static.inaturalist.org/projects/279599-icon-b2609bdd6075060f8b7cb31a2ddeb1c1-span2.png?1777051767,"Bankura, WB, IN",23.1382073463,87.1299662881,426
279600,City Nature Challenge 2026: Alipurduar,city-nature-challenge-2026-alipurduar,100736,https://www.inaturalist.org/attachment_defaults/general/span2.png,"Alipurduar, WB, IN",26.6329529595,89.46110491,9
279628,City Nature Challenge 2026: Ubaté,city-nature-challenge-2026-ubate,28796,https://static.inaturalist.org/projects/279628-icon-3239c34d69d586ace6ab866cb42098f5-span2.png?1775836403,"Sutatausa, CU, CO",5.2289810389,-73.8791293042,455
279758,City Nature Challenge 2026:  North & Middle Andaman,city-nature-challenge-2026-north-middle-andaman,100592,https://www.inaturalist.org/attachment_defaults/general/span2.png,"North and Middle Andaman, AN, IN",13.0768793705,92.9597428669,4
279876,City Nature Challenge 2026: Bhagalpur,city-nature-challenge-2026-bhagalpur,32091,https://www.inaturalist.org/attachment_defaults/general/span2.png,"Bhagalpur, BR, IN",25.269245716,87.0772598958,7
280002,City Nature Challenge 2026 : Jamnagar,city-nature-challenge-2026-jamnagar,32154,https://www.inaturalist.org/attachment_defaults/general/span2.png,"Jamnagar, GJ, IN",22.3625262199,70.2170788578,65
279760,City Nature Challenge 2026: Hamburg,city-nature-challenge-2026-hamburg,119864,https://static.inaturalist.org/projects/279760-icon-5dcebd645525dc378835e60e97dc53a3-span2.png?1772817157,"Hamburg, DE",53.5343266011,10.0152785934,455
279854,CNC2026: Desafío Santa Cruz,cnc2026-desafio-santa-cruz,12983,https://static.inaturalist.org/projects/279854-icon-13b8610ac87e3ef7ff6997723014edde-span2.png?1772828027,"Santa Cruz, AR",-48.8180140513,-69.8938657741,10
279851,CNC2026: Desafío Santiago del Estero,cnc2026-desafio-santiago-del-estero,7191,https://static.inaturalist.org/projects/279851-icon-e8653b13f172de45f39ad6da9d3770db-span2.png?1772827844,"Santiago del Estero, AR",-27.7822284339,-63.2584765813,28
279850,CNC2026: Desafío Tucumán,cnc2026-desafio-tucuman,10426,https://static.inaturalist.org/projects/279850-icon-01ea32ff94ab9a1e35049ad07fc5a4b1-span2.png?1772827730,"Tucumán, AR",-26.9437919643,-65.3656983589,51
279848,CNC2026: Desafío Jujuy,cnc2026-desafio-jujuy,7596,https://static.inaturalist.org/projects/279848-icon-e26ccdb67566b3a2a6c87e00bd2717c8-span2.png?1772827399,"Jujuy, AR",-23.3174642322,-65.7621906636,41
279845,CNC2026: Desafío Chaco,cnc2026-desafio-chaco,10419,https://static.inaturalist.org/projects/279845-icon-004ffcb8c1c2624d20e92ee71c188c77-span2.png?1772827301,"Chaco, AR",-26.3873749499,-60.766741836,7
279844,CNC2026: Desafío Corrientes,cnc2026-desafio-corrientes,10439,https://static.inaturalist.org/projects/279844-icon-4e01577c90637ef9d19b0273efc8dd5b-span2.png?1772827199,"Corrientes, AR",-28.7765197928,-57.8058586394,114
279841,CNC2026: Desafío Salta,cnc2026-desafio-salta,10424,https://static.inaturalist.org/projects/279841-icon-0f4208887b07d24da25bfade18924c38-span2.png?1772829285,"Salta, AR",-24.2957540629,-64.8202085356,106
279840,"CNC2026: Desafío Tierra del Fuego, Antártida e Islas del Atlántico Sur",cnc2026-desafio-tierra-del-fuego-antartida-e-islas-del-atlantico-sur,9120,https://static.inaturalist.org/projects/279840-icon-b45320913843d3a3daaba8d36a5df125-span2.png?1772826711,"Tierra del Fuego, AR",-54.3373943398,-67.2075342091,29
279839,CNC2026: Desafío Río Negro,cnc2026-desafio-rio-negro,12982,https://static.inaturalist.org/projects/279839-icon-4b89165499083f4308e7f56bda6e34f1-span2.png?1772826555,"Río Negro, AR",-40.4131988378,-67.2021231212,104
279838,CNC2026: Desafío Entre Ríos,cnc2026-desafio-entre-rios,10440,https://static.inaturalist.org/projects/279838-icon-264847144d48b30fc1aa1224a47e4ccd-span2.png?1772826339,"Entre Ríos, AR",-32.0547387348,-59.2028958102,158
279835,CNC2026: Desafío Córdoba,cnc2026-desafio-cordoba,10438,https://static.inaturalist.org/projects/279835-icon-56d04f11db8b453fe8c77b9761473dac-span2.png?1772826101,"Córdoba, AR",-32.1412180977,-63.799547769,325
279833,CNC2026: Desafío La Pampa,cnc2026-desafio-la-pampa,10442,https://static.inaturalist.org/projects/279833-icon-755cd18214124dbbb9a4b4b6e2a249b7-span2.png?1772829274,"La Pampa, AR",-37.1303109315,-65.4483377446,399
279824,CNC2026: Desafío Buenos Aires y CABA,cnc2026-desafio-buenos-aires-y-caba,10434,https://static.inaturalist.org/projects/279824-icon-50e6cbfb2793a438d943d0bb9e0a2a9c-span2.png?1772825162,"Ciudad de Buenos Aires, AR",-34.6002241444,-58.4204964846,617
277502,CNC2026: Desafío Mendoza,cnc2026-desafio-mendoza,10421,https://www.inaturalist.org/attachment_defaults/general/span2.png,"Mendoza, AR",-34.6286514751,-68.5866790483,59
279703,City Nature Challenge 2026: Panchmahal,city-nature-challenge-2026-panchmahal,32160,https://static.inaturalist.org/projects/279703-icon-03a1237758fff16e3515e30958048f2c-span2.png?1772795780,"Panch Mahals, GJ, IN",22.734345013,73.6115424636,1
279705,City Nature Challenge 2026 : Gurugram,city-nature-challenge-2026-gurugram,32174,https://www.inaturalist.org/attachment_defaults/general/span2.png,"Gurgaon, HR, IN",28.3747211597,76.9219044106,12
279593,"City Nature Challenge 2026 : Ranchi , Jharkhand",city-nature-challenge-2026-ranchi-jharkhand,32233,https://static.inaturalist.org/projects/279593-icon-21d25bece205bb958dccf60bfbabe4fa-span2.jpg?1772741801,"Ranchi, JH, IN",23.3310620531,85.3656940073,69
279541,City Nature Challenge 2026 : Nagpur,city-nature-challenge-2026-nagpur,32343,https://www.inaturalist.org/attachment_defaults/general/span2.png,"Nagpur, MH, IN",21.1769358027,79.0820406488,27
274116,City Nature Challenge 2026: Jalgaon,city-nature-challenge-2026-jalgaon,32339,https://www.inaturalist.org/attachment_defaults/general/span2.png,"Jalgaon, MH, IN",20.937425064,75.4913184219,470
279570,City Nature Challenge 2026 : Sikkim,city-nature-challenge-2026-sikkim,100696,https://static.inaturalist.org/projects/279570-icon-072bf76c04cd6e2814297af3b8f40271-span2.png?1772732582,"East Sikkim, SK, IN",27.2928855811,88.6713301759,123
279784,City Nature Challenge 2026: Kamareddy,city-nature-challenge-2026-kamareddy,199285,https://www.inaturalist.org/attachment_defaults/general/span2.png,"Kamareddy District, TG, IN",18.3248138143,78.0616806801,34
279790,City Nature Challenge 2026:  Mahabubnagar,city-nature-challenge-2026-mahabubnagar,199215,https://www.inaturalist.org/attachment_defaults/general/span2.png,"Mahabubnagar District, TG, IN",16.7514898752,78.0132468478,30
279792,City Nature Challenge 2026: Medak,city-nature-challenge-2026-medak,199205,https://www.inaturalist.org/attachment_defaults/general/span2.png,"Medak District, TG, IN",17.9532091104,78.2650375471,1
279800,City Nature Challenge 2026: Nagarkurnool,city-nature-challenge-2026-nagarkurnool,199299,https://www.inaturalist.org/attachment_defaults/general/span2.png,"Nagarkurnool District, TG, IN",16.382245762,78.5959878989,51
279811,City Nature Challenge 2026: Peddapalli,city-nature-challenge-2026-peddapalli,199286,https://www.inaturalist.org/attachment_defaults/general/span2.png,"Peddapalli District, TG, IN",18.6201546259,79.4536814755,19
279813,City Nature Challenge 2026: Rajanna Sircilla,city-nature-challenge-2026-rajanna-sircilla,199254,https://www.inaturalist.org/attachment_defaults/general/span2.png,"Ranjanna Sircilla District, TG, IN",18.4140956692,78.7634467163,9
279753,City Nature Challenge 2026 : Mayiladuthurai,city-nature-challenge-2026-mayiladuthurai,32490,https://www.inaturalist.org/attachment_defaults/general/span2.png,"Nagapattinam, TN, IN",10.8460195,79.713561,67
279692,City Nature Challenge 2026: Erode,city-nature-challenge-2026-erode,32485,https://www.inaturalist.org/attachment_defaults/general/span2.png,"Erode, TN, IN",11.4949092012,77.4036230644,284
279658,City Nature Challenge 2026: Dharmapuri District,city-nature-challenge-2026-dharmapuri-district,229014,https://static.inaturalist.org/projects/279658-icon-707496a8b14508911fee49bd7de003d3-span2.png?1772778464,Dharmapuri,12.0956269659,78.0725352842,19
279682,City Nature Challenge 2026: The Nilgiris,city-nature-challenge-2026-the-nilgiris,100697,https://static.inaturalist.org/projects/279682-icon-97e5e94c05a35fa010220d6b8a662ad2-span2.png?1772785989,"The Nilgiris, TN, IN",11.4483847314,76.6328116785,221
279751,City Nature Challenge 2026 : Rajapalayam,city-nature-challenge-2026-rajapalayam,171063,https://static.inaturalist.org/projects/279751-icon-8d9d4bba6170ac89874c7bb5e276e6fa-span2.png?1772864399,"Rajapalayam, TN, IN",9.4330808769,77.5629718232,154
279762,City Nature Challenge 2026:  Adilabad,city-nature-challenge-2026-adilabad,199256,https://www.inaturalist.org/attachment_defaults/general/span2.png,"Adilabad District, TG, IN",19.5199157487,78.5659817385,28
279832,City Nature Challenge 2026:  Warangal Urban,city-nature-challenge-2026-warangal-urban,199206,https://www.inaturalist.org/attachment_defaults/general/span2.png,"Warangal Urban District, TG, IN",18.0465335061,79.4637298126,132
279807,City Nature Challenge 2026:  Nizamabad,city-nature-challenge-2026-nizamabad,199284,https://www.inaturalist.org/attachment_defaults/general/span2.png,"Nizamabad District, TG, IN",18.7016035097,78.2113641429,1
279791,City Nature Challenge 2026: Mancherial,city-nature-challenge-2026-mancherial,199282,https://www.inaturalist.org/attachment_defaults/general/span2.png,"Mancherial District, TG, IN",18.9914633673,79.5123153124,22
279823,City Nature Challenge 2026: Suryapet,city-nature-challenge-2026-suryapet,199214,https://www.inaturalist.org/attachment_defaults/general/span2.png,"Suryapet District, TG, IN",17.080642516,79.754395227,30
279769,City Nature Challenge 2026:  Bhadradri Kothagudem,city-nature-challenge-2026-bhadradri-kothagudem,199266,https://www.inaturalist.org/attachment_defaults/general/span2.png,"BHADRADRI KOTHAGUDEM, TG, IN",17.6904541655,80.7164925866,9
279781,City Nature Challenge 2026: Jagtial,city-nature-challenge-2026-jagtial,199255,https://www.inaturalist.org/attachment_defaults/general/span2.png,"Jagtial District, TG, IN",18.832238118,78.8778962735,41
279822,City Nature Challenge 2026: Siddipet,city-nature-challenge-2026-siddipet,199207,https://www.inaturalist.org/attachment_defaults/general/span2.png,"Siddipet District, TG, IN",18.0216405818,78.8550826292,50
279830,City Nature Challenge 2026: Warangal Rural,city-nature-challenge-2026-warangal-rural,199290,https://www.inaturalist.org/attachment_defaults/general/span2.png,"Warangal Rural District, TG, IN",17.9192044566,79.7374820461,2
279785,City Nature Challenge 2026: Karimnagar,city-nature-challenge-2026-karimnagar,199208,https://www.inaturalist.org/attachment_defaults/general/span2.png,"Karimnagar District, TG, IN",18.3800326104,79.2453479937,39
279803,City Nature Challenge 2026: Nalgonda,city-nature-challenge-2026-nalgonda,199213,https://www.inaturalist.org/attachment_defaults/general/span2.png,"Nalgonda District, TG, IN",16.8765254296,79.1930643786,4
279786,City Nature Challenge 2026: Khammam,city-nature-challenge-2026-khammam,199227,https://www.inaturalist.org/attachment_defaults/general/span2.png,"Khammam District, TG, IN",17.2059474856,80.3651309236,18
279773,City Nature Challenge 2026:  Jayashankar Bhupalpally,city-nature-challenge-2026-jayashankar-bhupalpally,199287,https://www.inaturalist.org/attachment_defaults/general/span2.png,"Jayashankar Bhupalapally District, TG, IN",18.5060296043,79.9243653048,49
279774,City Nature Challenge 2026:  Jogulamba Gadwal,city-nature-challenge-2026-jogulamba-gadwal,199268,https://www.inaturalist.org/attachment_defaults/general/span2.png,"Jogulamba Gadwal, TG, IN",16.0716972755,77.7809933616,2
279805,City Nature Challenge 2026: Nirmal,city-nature-challenge-2026-nirmal,199283,https://www.inaturalist.org/attachment_defaults/general/span2.png,"Nirmal District, TG, IN",19.1131805981,78.3149418773,3
279761,City Nature Challenge 2026: Tripura,city-nature-challenge-2026-tripura,8214,https://www.inaturalist.org/attachment_defaults/general/span2.png,"Tripura, IN",23.7467989888,91.7435879887,30
279714,City Nature Challenge 2026 : Lucknow,city-nature-challenge-2026-lucknow,32558,https://www.inaturalist.org/attachment_defaults/general/span2.png,"Lucknow, UP, IN",26.8466970851,80.8970040696,1
279759,City Nature Challenge 2026 : Nainital,city-nature-challenge-2026-nainital,100730,https://www.inaturalist.org/attachment_defaults/general/span2.png,"Nainital, UT, IN",29.3167742374,79.4550328758,154
279659,City Nature Challenge 2026: Darjeeling,city-nature-challenge-2026-darjeeling,32600,https://static.inaturalist.org/projects/279659-icon-371622339c901cc9537442d11a105fb4-span2.png?1772779868,"Darjiling, WB, IN",26.9142950407,88.3923675114,606
224570,City Nature Challenge 2026: Orange County,city-nature-challenge-2026-orange-county,934,https://www.inaturalist.org/attachment_defaults/general/span2.png,"Orange County, US, FL",28.5144225618,-81.3234784823,1195
274931,City Nature Challenge 2026: State College Borough,city-nature-challenge-2026-state-college-borough,226753,https://static.inaturalist.org/projects/274931-icon-5ac6dcb84c63d742c83b162404b7c73c-span2.png?1769711847,"State College Borough, PA, US",40.7910521361,-77.8568155949,156
279421,City Nature Challenge 2026: Umbertide,city-nature-challenge-2026-umbertide,33200,https://www.inaturalist.org/attachment_defaults/general/span2.png,"Perugia, Umbria, IT",43.067633208,12.5321311593,129
279750,City Nature Challenge 2026: Madurai and Rest of TN,city-nature-challenge-2026-madurai-and-rest-of-tn,6842,https://www.inaturalist.org/attachment_defaults/general/span2.png,"Tamil Nadu, IN",10.9671999646,78.4356211954,489
279650,City Nature Challange 2026 : Daman & Diu,city-nature-challange-2026-daman-diu,10790,https://static.inaturalist.org/projects/279650-icon-434130db11c5b823655e7be6ed02c4cb-span2.png?1772781621,"Daman and Diu, IN",20.5529317894,71.9314080616,8
279885,City Nature Challenge 2026: Theni,city-nature-challenge-2026-theni-d9323915-136b-4e2c-9335-271fb3129637,32499,https://www.inaturalist.org/attachment_defaults/general/span2.png,"Theni, TN, IN",9.8807514394,77.4239323202,91
279752,City Nature Challenge 2026 : Gorari,city-nature-challenge-2026-gorari,32113,https://www.inaturalist.org/attachment_defaults/general/span2.png,"Rohtas, BR, IN",24.9806557942,84.0197352205,17
280775,City Nature Challenge 2026: High Peak,city-nature-challenge-2026-high-peak,203034,https://static.inaturalist.org/projects/280775-icon-e9e0053640c041dd0004ec8f0dc54941-span2.jpg?1773328331,"High Peak Borough Council, England, GB",53.373069093,-1.8738987518,710
272975,City Nature Challenge 2026: Abu Dhabi,city-nature-challenge-2026-abu-dhabi,12981,https://www.inaturalist.org/attachment_defaults/general/span2.png,"Abu Dhabi, AE",23.6975780027,53.8225435244,198
277723,Reto Naturalista Urbano 2026: Bucaramanga,reto-naturalista-urbano-2026-bucaramanga,135899,https://static.inaturalist.org/projects/277723-icon-d6587341c897bab6845564edcd15fa9b-span2.jpg?1771624495,"Área Metropolitana de Bucaramanga, ST, CO",7.0257791887,-73.1210822627,1036
277726,"Reto Naturalista Urbano 2026: Manizales, Colombia",reto-naturalista-urbano-2026-manizales-colombia,28546,https://static.inaturalist.org/projects/277726-icon-adbf76fbdfda1b1c33b3feba6f5d47f4-span2.png?1776881330,"Manizales, CL, CO",5.0716363905,-75.5419145737,387
279920,City Nature Challenge 2026: Limassol,city-nature-challenge-2026-limassol,12794,https://static.inaturalist.org/projects/279920-icon-a5f4ddd6413d431872acc0528dee6a12-span2.png?1772888631,"Limassol, CY",34.7689603373,32.9551028855,108
274998,City Nature Challenge 2026: Surin,city-nature-challenge-2026-surin,45975,https://static.inaturalist.org/projects/274998-icon-96424264bfd239d95b2fe732c1ec5f03-span2.png?1769759141,"Muang Surin, TH, SU",14.8837323142,103.5127083503,4
278546,City Nature Challenge 2026: KZN Midlands,city-nature-challenge-2026-kzn-midlands,108115,https://static.inaturalist.org/projects/278546-icon-7a663effdd6c318391d594433b737631-span2.png?1773215554,"Umgungundlovu, NL, ZA",-29.5092243622,30.1985252962,463
284900,"Desafio Mundial da Natureza Urbana 2026: Roraima, Brasil",desafio-mundial-da-natureza-urbana-2026-roraima-brasil,12597,https://www.inaturalist.org/attachment_defaults/general/span2.png,"Roraima, BR",2.084692212,-61.3980194621,119
270084,City Nature Challenge 2026 : Tirupati,city-nature-challenge-2026-tirupati,185437,https://static.inaturalist.org/projects/270084-icon-0d0b8643fd971e7ff7b9fe806b7145ff-span2.JPG?1776793076,Tirupati Biodiversity Project,13.6512381264,79.4706279497,114
264783,"City Nature Challenge 2026,Bhopal",city-nature-challenge-2026-bhopal,32284,https://static.inaturalist.org/projects/264783-icon-18cb672470474a3d966fb37cf818b3c5-span2.jpg?1772788308,"Bhopal, MP, IN",23.4819459439,77.3917909829,618
279050,CITY NATURE CHALLENGE 2026: DURGAPUR,city-nature-challenge-2026-durgapur,229353,https://www.inaturalist.org/attachment_defaults/general/span2.png,"Durgapur WB, IN, WB, IN",23.5354153252,87.2953380777,4
267395,"City Nature Challenge 2026 : Rajgir, Nalanda",city-nature-challenge-2026-rajgir-nalanda,198291,https://static.inaturalist.org/projects/267395-icon-6b457507735cca30cb9246d34427932b-span2.png?1777394489,"Rajgir, BR, IN",24.9841982262,85.3823757357,484
280871,"City Nature Challenge 2026, Baran",city-nature-challenge-2026-baran,32446,https://www.inaturalist.org/attachment_defaults/general/span2.png,"Baran, RJ, IN",25.0004597265,76.7518884703,5
276380,"City Nature Challenge 2026: Klinča Sela, Jasterbarsko",city-nature-challenge-2026-klinca-sela-jasterbarsko,100327,https://www.inaturalist.org/attachment_defaults/general/span2.png,"Jastrebarsko, HR, ZG",45.6791521658,15.6265019733,48
280311,City nature Challenge 2026 : Narmada,city-nature-challenge-2026-narmada,32158,https://static.inaturalist.org/projects/280311-icon-48d33222b46b55f1f1549a5a516c1322-span2.png?1773137061,"Narmada, GJ, IN",21.7115053463,73.657499748,2
279704,City Nature Challenge 2026 : Faridabad,city-nature-challenge-2026-faridabad-8b69f5d4-e5af-49de-8cb2-e6a036897fa4,229220,https://www.inaturalist.org/attachment_defaults/general/span2.png,"Faridabad, HR, IN (Correct), HR, IN",28.388675587,77.3214798261,18
279671,City Nature Challenge 2026 - Manipur,city-nature-challenge-2026-manipur,7461,https://www.inaturalist.org/attachment_defaults/general/span2.png,"Manipur, IN",24.7389749867,93.8825407839,27
280359,City Nature Challenge 2026: Jalpaiguri-HNAF,city-nature-challenge-2026-jalpaiguri-hnaf,32604,https://www.inaturalist.org/attachment_defaults/general/span2.png,"Jalpaiguri, WB, IN",26.6865459197,88.764287556,42
280553,City Nature Challenge 2026 : Auroville,city-nature-challenge-2026-auroville,193573,https://www.inaturalist.org/attachment_defaults/general/span2.png,"Auroville, TN, IN",12.0086172131,79.8096379031,148
280983,CNC 2026 Puebla y Zona Metropolitana,cnc-2026-puebla-y-zona-metropolitana,37394,https://static.inaturalist.org/projects/280983-icon-711102a40a771ef99af7ae810dcc2dcf-span2.png?1774488843,"Amozoc, MX, PU",19.0472762514,-98.0531078413,351
281581,City Nature Challenge 2026: Regionalni park Mura-Drava,city-nature-challenge-2026-regionalni-park-mura-drava,10738,https://www.inaturalist.org/attachment_defaults/general/span2.png,"Medimurska, HR",46.4107279594,16.5083154072,1209
281643,City Nature Challenge 2026: Town of Fort Erie,city-nature-challenge-2026-town-of-fort-erie,213623,https://www.inaturalist.org/attachment_defaults/general/span2.png,Fort Erie,42.9168144104,-79.0276084464,49
281647,City Nature Challenge 2026: Greater Lansing Area,city-nature-challenge-2026-greater-lansing-area,131394,https://static.inaturalist.org/projects/281647-icon-678070ff429bd148bff5ee9c7dc13e38-span2.png?1773863665,"Lansing-East Lansing-Owosso CSA (Ingham, Clinton, Eaton, & Shiawassee Counties), MI, US",42.7388752571,-84.4942789655,502
279565,City Nature Challenge 2026: Puducherry,city-nature-challenge-2026-puducherry,231962,https://www.inaturalist.org/attachment_defaults/general/span2.png,"Puducherry District, IN, PY, IN",11.910952348,79.7339182932,282
281257,City Nature Challenge 2026: Brisbane,city-nature-challenge-2026-brisbane,144315,https://static.inaturalist.org/projects/281257-icon-49a48ce112ec0c186b5967b70218216f-span2.jpg?1773624408,Brisbane City,-27.4369584216,153.0413234785,784
274406,"City Nature Challenge 2026 - Las Vegas, NV",city-nature-challenge-2026-las-vegas-nv,2388,https://static.inaturalist.org/projects/274406-icon-a1987e4dcc96bdfc16cd592531f648db-span2.png?1769470277,"Clark County, US, NV",36.2151981008,-115.0135616989,645
270832,"Reto Mundial Naturalista ""Cuetzalan""",reto-mundial-naturalista-cuetzalan,218085,https://static.inaturalist.org/projects/270832-icon-69b9b644f67e54c0d651a7b817a05fb2-span2.jpg?1775618241,"Jardín Etnobiológico Xoxoctic , PU, MX",20.0398970677,-97.5091361737,186
280261,City Nature Challenge 2026: Siskiyou County California,city-nature-challenge-2026-siskiyou-county-california,2757,https://static.inaturalist.org/projects/280261-icon-e63f425b482f7623679e14618faa926e-span2.png?1773096448,"Siskiyou County, US, CA",41.5926499666,-122.5403742052,526
272773,"City Nature Challenge 2026: City of Niagara Falls, Canada",city-nature-challenge-2026-city-of-niagara-falls-canada,189254,https://www.inaturalist.org/attachment_defaults/general/span2.png,"Niagara Falls, ON, CA",43.0509673969,-79.1016814498,282
242086,City Nature Challenge 2026 - Messina - Cluster Biodiversità Italia,city-nature-challenge-2026-messina-cluster-biodiversita-italia,178823,https://static.inaturalist.org/projects/242086-icon-281d8071a456462b1f7c5b114bcfe1bb-span2.jpg?1775034375,"Messina - Rete Natura 2000, IT",38.2320055627,15.5398014396,190
269964,Défi Nature Urbaine 2026 : Angers Loire Métropole et Ville d'Angers,defi-nature-urbaine-2026-angers-loire-metropole-et-ville-d-angers,212390,https://static.inaturalist.org/projects/269964-icon-f356ccf6e47a4a358ddd25010cbffb32-span2.png?1766141050,"Communauté urbaine d'Angers Loire Métropole, Pays de la Loire, FR",47.493847358,-0.5457032081,757
275022,City Nature Challenge 2026: Surat Thani,city-nature-challenge-2026-surat-thani,45958,https://static.inaturalist.org/projects/275022-icon-a91e417fb55c69705ca380f352616239-span2.png?1776958526,"Ko Samui, TH, ST",9.5090706924,99.9964536881,133
272558,"Reto Naturalista Urbano 2026: La Convención, Perú",reto-naturalista-urbano-2026-la-convencion-peru,49446,https://static.inaturalist.org/projects/272558-icon-b89b9500cb68c07f846f662a319420a4-span2.jpg?1768148204,"La Convención, CS, PE",-12.3496155094,-72.9152414365,348
266287,City Nature Challenge 2026: Grande Curitiba,city-nature-challenge-2026-grande-curitiba,125697,https://static.inaturalist.org/projects/266287-icon-7ed0578403ed3ef92df4eecc8b075ec6-span2.png?1776439857,"Curitiba Metropolitan Area, BR",-25.3493583679,-49.3188705496,1176
266308,"Reto Mundial Naturalista 2026: San Fernando, Chiapas",reto-mundial-naturalista-2026-san-fernando-chiapas,101673,https://www.inaturalist.org/attachment_defaults/general/span2.png,"San Fernando, MX, CA",16.9131331893,-93.2096782719,29
266312,"Reto Mundial Naturalista 2026: Huixquilucan, Edo. de México",reto-mundial-naturalista-2026-huixquilucan-edo-de-mexico,37051,https://www.inaturalist.org/attachment_defaults/general/span2.png,"Huixquilucan, MX, MX",19.3831008247,-99.339527602,151
266317,"Reto Mundial Naturalista 2026: Parque Nacional Los Remedios, Edo. de México",reto-mundial-naturalista-2026-parque-nacional-los-remedios-edo-de-mexico,55289,https://www.inaturalist.org/attachment_defaults/general/span2.png,"Parque Nacional Los Remedios, MX, MX",19.4725911251,-99.2544130798,61
266318,"Reto Mundial Naturalista 2026: Apaxco, Estado de México",reto-mundial-naturalista-2026-apaxco-estado-de-mexico,37022,https://www.inaturalist.org/attachment_defaults/general/span2.png,"Apaxco, MX, MX",19.9845089249,-99.1478989253,37
279635,City Nature Challenge 2026: Mendocino County,city-nature-challenge-2026-mendocino-county,436,https://static.inaturalist.org/projects/279635-icon-615c98fd0bccf9041eec486b55be7848-span2.png?1772760612,"Mendocino County, CA, US",39.4336238312,-123.4315539161,672
266306,Reto Mundial Naturalista 2026: Cuernavaca y Área Metropolitana,reto-mundial-naturalista-2026-cuernavaca-y-area-metropolitana,92793,https://www.inaturalist.org/attachment_defaults/general/span2.png,"Parque Estatal El Texcal, MX",18.8993540126,-99.1471652927,187
266310,"Reto Mundial Naturalista 2026: Lerma, Edo. de México",reto-mundial-naturalista-2026-lerma-edo-de-mexico,37066,https://www.inaturalist.org/attachment_defaults/general/span2.png,"Lerma, MX, MX",19.3450805561,-99.4748569786,182
283673,City Nature Challenge: Loja Biodiversa 2026,city-nature-challenge-loja-biodiversa-2026,146787,https://static.inaturalist.org/projects/283673-icon-a1a517a787a335b504cc6ead7adc0861-span2.jpg?1777002447,"Loja y sus alrededores, LJ, EC",-3.9875011751,-79.1971285064,339
281923,Desafío Llajta Viva Cochabamba 2026,desafio-llajta-viva-cochabamba-2026,195127,https://static.inaturalist.org/projects/281923-icon-d6be2c00a0075184b6bef6e86c1c1ec5-span2.png?1774068366,"Cochabamba, Bolivia",-17.2354870427,-65.6360342918,1253
280406,City Nature Challenge 2026: Heart of Texas,city-nature-challenge-2026-heart-of-texas,1878,https://static.inaturalist.org/projects/280406-icon-0c13b5478382e4cc34624ef13555f368-span2.jpg?1777412062,"Bell County, US, TX",31.0376717121,-97.4782023946,2136
274795,City Nature Challenge 2026: Spokane County,city-nature-challenge-2026-spokane-county,1595,https://www.inaturalist.org/attachment_defaults/general/span2.png,"Spokane County, US, WA",47.6206392322,-117.4040094879,458
279847,CNC 2026: Desafío Misiones,cnc-2026-desafio-misiones,10422,https://static.inaturalist.org/projects/279847-icon-5de3a68ebbc25312ddd637860c3323e9-span2.png?1774022666,"Misiones, AR",-26.8748759562,-54.6472770098,215
274785,Desafio Mundial da Natureza Urbana 2026: Carangola,desafio-mundial-da-natureza-urbana-2026-carangola,21791,https://www.inaturalist.org/attachment_defaults/general/span2.png,"Carangola, MG, BR",-20.7031432381,-42.0882206215,36
285925,City Nature Challenge 2026: Veselsko,city-nature-challenge-2026-veselsko-864b2d3a-8ba7-46ac-be0b-7364e7ca4558,198657,https://static.inaturalist.org/projects/285925-icon-7044ee9f3a8ce2cf19c0c5f21dd5e28f-span2.png?1776407742,Veselsko,48.9512419136,17.3768892596,638
274994,City Nature Challenge Khon Kaen 2026,city-nature-challenge-khon-kaen-2026,45415,https://www.inaturalist.org/attachment_defaults/general/span2.png,"Muang Khon Kaen, KK, TH",16.4610176719,102.8080655101,492
