project_id,taxon_id,count,iconic_taxon_name,name,preferred_common_name,rank
278966,9184,3,Aves,Zonotrichia albicollis,White-throated Sparrow,species
278966,26790,3,Amphibia,Ambystoma maculatum,Spotted Salamander,species
278966,27186,3,Amphibia,Plethodon cinereus,Eastern Red-backed Salamander,species
278966,28362,3,Reptilia,Thamnophis sirtalis,Common Garter Snake,species
278966,29305,3,Reptilia,Nerodia sipedon,Common Watersnake,species
278966,39771,3,Reptilia,Chrysemys picta,Painted Turtle,species
278966,56222,3,Plantae,Tussilago farfara,colt's-foot,species
278966,62376,3,Plantae,Gaultheria procumbens,Eastern Teaberry,species
278966,217053,3,Insecta,Cladara atroliturata,The Scribbler,species
278966,217054,3,Insecta,Cladara limitaria,Mottled Gray Carpet,species
273860,64715,24,Plantae,Xylorhiza tortifolia,Mojave Woodyaster,species
273860,50153,20,Plantae,Sphaeralcea ambigua,apricot globemallow,species
273860,59459,18,Plantae,Eriogonum inflatum,Desert Trumpet,species
273860,75598,17,Plantae,Artemisia tridentata,Big Sagebrush,species
273860,58369,16,Plantae,Bromus tectorum,Cheatgrass,species
273860,54999,14,Plantae,Eriogonum fasciculatum,California Buckwheat,species
273860,57872,14,Plantae,Opuntia basilaris,Beavertail Pricklypear,species
273860,78269,14,Plantae,Opuntia polyacantha,Plains Pricklypear,species
273860,56996,13,Plantae,Sisymbrium altissimum,Tall Tumblemustard,species
273860,67804,13,Plantae,Purshia tridentata,Antelope Bitterbrush,species
274908,9864,11,Aves,Sicalis flaveola,Saffron Finch,species
274908,18199,11,Aves,Melanerpes rubricapillus,Red-crowned Woodpecker,species
274908,60439,11,Plantae,Caesalpinia pulcherrima,peacock flower,species
274908,1432779,11,Aves,Daptrius chimachima,Yellow-headed Caracara,species
274908,16447,10,Aves,Pyrocephalus rubinus,Vermilion Flycatcher,species
274908,3736,9,Aves,Phimosus infuscatus,Bare-faced Ibis,species
274908,10295,9,Aves,Thraupis episcopus,Blue-gray Tanager,species
274908,3766,8,Aves,Theristicus caudatus,Buff-necked Ibis,species
274908,9308,8,Aves,Euphonia laniirostris,Thick-billed Euphonia,species
274908,3580,7,Aves,Columbina talpacoti,Ruddy Ground Dove,species
274586,116461,15,Reptilia,Anolis sagrei,Brown Anole,species
274586,59040,11,Plantae,Phyla nodiflora,turkey tangle frogfruit,species
274586,47219,10,Insecta,Apis mellifera,Western Honey Bee,species
274586,50278,9,Plantae,Parthenocissus quinquefolia,Virginia creeper,species
274586,127284,9,Plantae,Coccoloba uvifera,sea grape,species
274586,169763,9,Plantae,Tillandsia balbisiana,Balbis' airplant,species
274586,1095846,9,Plantae,Bidens alba,White beggarticks,species
274586,3454,8,Aves,Zenaida macroura,Mourning Dove,species
274586,3751,8,Aves,Eudocimus albus,White Ibis,species
274586,43111,8,Mammalia,Sylvilagus floridanus,Eastern Cottontail,species
263173,54999,360,Plantae,Eriogonum fasciculatum,California Buckwheat,species
263173,36204,218,Reptilia,Sceloporus occidentalis,Western Fence Lizard,species
263173,199840,194,Aves,Haemorhous mexicanus,House Finch,species
263173,53395,188,Plantae,Eriophyllum confertiflorum,Golden Yarrow,species
263173,53357,164,Plantae,Artemisia californica,California sagebrush,species
263173,47219,163,Insecta,Apis mellifera,Western Honey Bee,species
263173,4345,159,Aves,Larus occidentalis,Western Gull,species
263173,53134,158,Plantae,Acmispon glaber,deerweed,species
263173,50643,157,Plantae,Salvia mellifera,black sage,species
263173,55009,155,Plantae,Rhus integrifolia,lemonade berry,species
263189,47602,15,Plantae,Taraxacum officinale,common dandelion,species
263189,53294,13,Plantae,Sonchus oleraceus,Common Sow-thistle,species
263189,56292,13,Plantae,Euphorbia helioscopia,Sun spurge,species
263189,76365,13,Plantae,Cistus salviifolius,Sage-leaved Rock-rose,species
263189,52990,10,Plantae,Carduus pycnocephalus,Italian thistle,species
263189,55666,10,Plantae,Veronica persica,bird's-eye speedwell,species
263189,55851,10,Plantae,Lamium purpureum,red deadnettle,species
263189,57036,10,Plantae,Euphorbia peplus,Petty Spurge,species
263189,57281,9,Plantae,Parietaria judaica,pellitory-of-the-wall,species
263189,480298,9,Mollusca,Cornu aspersum,Garden Snail,species
263198,54834,93,Plantae,Prunus serotina,black cherry,species
263198,56061,90,Plantae,Alliaria petiolata,garlic mustard,species
263198,12727,88,Aves,Turdus migratorius,American Robin,species
263198,78882,67,Plantae,Rosa multiflora,multiflora rose,species
263198,77835,64,Plantae,Lonicera japonica,Japanese honeysuckle,species
263198,49157,61,Plantae,Betula lenta,sweet birch,species
263198,52856,57,Plantae,Artemisia vulgaris,common mugwort,species
263198,6930,52,Aves,Anas platyrhynchos,Mallard,species
263198,81597,52,Plantae,Potentilla canadensis,dwarf cinquefoil,species
263198,9083,50,Aves,Cardinalis cardinalis,Northern Cardinal,species
270235,9744,10,Aves,Agelaius phoeniceus,Red-winged Blackbird,species
270235,55402,7,Plantae,Trillium grandiflorum,large white trillium,species
270235,9100,6,Aves,Melospiza melodia,Song Sparrow,species
270235,49288,6,Plantae,Podophyllum peltatum,mayapple,species
270235,6930,5,Aves,Anas platyrhynchos,Mallard,species
270235,54037,5,Plantae,Thuja occidentalis,northern whitecedar,species
270235,59029,5,Plantae,Verbascum thapsus,great mullein,species
270235,65982,5,Amphibia,Lithobates clamitans,Green Frog,species
270235,7089,4,Aves,Branta canadensis,Canada Goose,species
270235,12727,4,Aves,Turdus migratorius,American Robin,species
265695,60946,46,Plantae,Asclepias viridis,green antelopehorns,species
265695,16783,33,Aves,Tyrannus forficatus,Scissor-tailed Flycatcher,species
265695,3460,30,Aves,Zenaida asiatica,White-winged Dove,species
265695,123956,30,Plantae,Castilleja indivisa,Texas Paintbrush,species
265695,199840,29,Aves,Haemorhous mexicanus,House Finch,species
265695,48505,27,Insecta,Junonia coenia,Common Buckeye,species
265695,13858,26,Aves,Passer domesticus,House Sparrow,species
265695,48549,25,Insecta,Vanessa virginiensis,American Lady,species
265695,47219,21,Insecta,Apis mellifera,Western Honey Bee,species
265695,8229,20,Aves,Cyanocitta cristata,Blue Jay,species
265733,3460,40,Aves,Zenaida asiatica,White-winged Dove,species
265733,3544,31,Aves,Columbina inca,Inca Dove,species
265733,16447,29,Aves,Pyrocephalus rubinus,Vermilion Flycatcher,species
265733,9607,23,Aves,Quiscalus mexicanus,Great-tailed Grackle,species
265733,199840,22,Aves,Haemorhous mexicanus,House Finch,species
265733,12714,20,Aves,Turdus rufopalliatus,Rufous-backed Robin,species
265733,6141,19,Aves,Cynanthus latirostris,Broad-billed Hummingbird,species
265733,18161,17,Aves,Melanerpes uropygialis,Gila Woodpecker,species
265733,15035,14,Aves,Melanotis caerulescens,Blue Mockingbird,species
265733,10369,13,Aves,Molothrus aeneus,Bronzed Cowbird,species
265860,9744,202,Aves,Agelaius phoeniceus,Red-winged Blackbird,species
265860,126334,184,Plantae,Trillium recurvatum,prairie trillium,species
265860,7089,172,Aves,Branta canadensis,Canada Goose,species
265860,47699,165,Plantae,Geranium maculatum,wild geranium,species
265860,49288,156,Plantae,Podophyllum peltatum,mayapple,species
265860,12727,154,Aves,Turdus migratorius,American Robin,species
265860,13858,150,Aves,Passer domesticus,House Sparrow,species
265860,56061,142,Plantae,Alliaria petiolata,garlic mustard,species
265860,59771,128,Plantae,Mertensia virginica,Virginia bluebells,species
265860,549981,112,Plantae,Primula meadia,eastern shooting star,species
265874,199840,95,Aves,Haemorhous mexicanus,House Finch,species
265874,273618,90,Plantae,Cylindropuntia imbricata,tree cholla,species
265874,12727,89,Aves,Turdus migratorius,American Robin,species
265874,3460,87,Aves,Zenaida asiatica,White-winged Dove,species
265874,6930,87,Aves,Anas platyrhynchos,Mallard,species
265874,79542,86,Plantae,Xanthisma spinulosum,Spiny Goldenweed,species
265874,79137,83,Plantae,Solanum elaeagnifolium,silverleaf nightshade,species
265874,58113,80,Plantae,Atriplex canescens,Fourwing Saltbush,species
265874,36094,67,Reptilia,Uta stansburiana,Common Side-blotched Lizard,species
265874,122596,66,Plantae,Phacelia integrifolia,gypsum phacelia,species
265895,6930,13,Aves,Anas platyrhynchos,Mallard,species
265895,48961,12,Plantae,Symplocarpus foetidus,Eastern Skunk Cabbage,species
265895,56222,10,Plantae,Tussilago farfara,colt's-foot,species
265895,1289388,9,Aves,Corthylio calendula,Ruby-crowned Kinglet,species
265895,10094,8,Aves,Junco hyemalis,Dark-eyed Junco,species
265895,9083,6,Aves,Cardinalis cardinalis,Northern Cardinal,species
265895,9744,6,Aves,Agelaius phoeniceus,Red-winged Blackbird,species
265895,12727,6,Aves,Turdus migratorius,American Robin,species
265895,46017,6,Mammalia,Sciurus carolinensis,Eastern Gray Squirrel,species
265895,4665,5,Aves,Falco sparverius,American Kestrel,species
265964,549981,93,Plantae,Primula meadia,eastern shooting star,species
265964,126334,92,Plantae,Trillium recurvatum,prairie trillium,species
265964,49288,71,Plantae,Podophyllum peltatum,mayapple,species
265964,59771,58,Plantae,Mertensia virginica,Virginia bluebells,species
265964,47699,54,Plantae,Geranium maculatum,wild geranium,species
265964,51044,50,Plantae,Sanguinaria canadensis,bloodroot,species
265964,56061,47,Plantae,Alliaria petiolata,garlic mustard,species
265964,50310,42,Plantae,Arisaema triphyllum,Jack-in-the-Pulpit,species
265964,85320,40,Plantae,Monarda fistulosa,wild bergamot,species
265964,117434,35,Plantae,Claytonia virginica,Virginia Springbeauty,species
265080,1521906,41,Plantae,Convolvulus althaeoides,Mallow Bindweed,species
265080,53169,37,Plantae,Oxalis pes-caprae,Bermuda buttercup,species
265080,55721,33,Plantae,Silene vulgaris,bladder campion,species
265080,47898,32,Plantae,Opuntia stricta,shell mound pricklypear,species
265080,59202,31,Aves,Larus michahellis,Yellow-legged Gull,species
265080,82906,27,Plantae,Asphodelus ramosus,Branched Asphodel,species
265080,337045,26,Reptilia,Podarcis siculus,Italian Wall Lizard,species
265080,57140,24,Plantae,Olea europaea,Olive,species
265080,76764,24,Plantae,Echium plantagineum,purple viper's-bugloss,species
265080,77111,24,Plantae,Euphorbia dendroides,tree spurge,species
266229,57283,92,Plantae,Centranthus ruber,Red Valerian,species
266229,118642,74,Actinopterygii,Tripterygion delaisi,Black-faced Blenny,species
266229,59343,73,Plantae,Urospermum dalechampii,smooth golden fleece,species
266229,358839,72,Animalia,Eunicella cavolini,Yellow Gorgonian,species
266229,338008,67,Animalia,Prostheceraeus roseus,Pink Flatworm,species
266229,338012,67,Animalia,Sabella spallanzanii,Mediterranean Fanworm,species
266229,118667,64,Actinopterygii,Diplodus vulgaris,Common Two-banded Seabream,species
266229,50968,63,Actinopterygii,Coris julis,Mediterranean Rainbow Wrasse,species
266229,52796,61,Plantae,Hordeum murinum,wall barley,species
266229,326343,57,Mollusca,Peltodoris atromaculata,Leopard Sea Slug,species
266713,61369,7,Plantae,Momordica charantia,Bitter Melon,species
266713,19822,6,Aves,Glaucidium brasilianum,Ferruginous Pygmy-Owl,species
266713,49665,6,Plantae,Taxodium mucronatum,Montezuma cypress,species
266713,130734,6,Plantae,Bursera simaruba,Gumbo Limbo,species
266713,277086,6,Plantae,Sarcoglottis sceptrodes,,species
266713,75602,5,Plantae,Asclepias curassavica,tropical milkweed,species
266713,126305,5,Plantae,Hamelia patens,Firebush,species
266713,133291,5,Plantae,Rivina humilis,pigeonberry,species
266713,3460,4,Aves,Zenaida asiatica,White-winged Dove,species
266713,9291,4,Aves,Euphonia affinis,Scrub Euphonia,species
263237,48484,138,Insecta,Harmonia axyridis,Asian Lady Beetle,species
263237,51702,119,Insecta,Coccinella septempunctata,Seven-spotted Lady Beetle,species
263237,55925,115,Plantae,Geranium robertianum,Herb Robert,species
263237,56061,106,Plantae,Alliaria petiolata,garlic mustard,species
263237,51147,104,Plantae,Crataegus monogyna,common hawthorn,species
263237,53178,94,Plantae,Plantago lanceolata,ribwort plantain,species
263237,119791,89,Plantae,Acer pseudoplatanus,sycamore maple,species
263237,124544,88,Plantae,Anthriscus sylvestris,Cow Parsley,species
263237,47602,84,Plantae,Taraxacum officinale,common dandelion,species
263237,55563,82,Plantae,Bellis perennis,Lawn daisy,species
266246,51702,55,Insecta,Coccinella septempunctata,Seven-spotted Lady Beetle,species
266246,56061,26,Plantae,Alliaria petiolata,garlic mustard,species
266246,53178,23,Plantae,Plantago lanceolata,ribwort plantain,species
266246,55925,22,Plantae,Geranium robertianum,Herb Robert,species
266246,166466,20,Plantae,Pentaglottis sempervirens,Green Alkanet,species
266246,55563,18,Plantae,Bellis perennis,Lawn daisy,species
266246,55851,18,Plantae,Lamium purpureum,red deadnettle,species
266246,124544,18,Plantae,Anthriscus sylvestris,Cow Parsley,species
266246,55876,17,Plantae,Lamium album,White deadnettle,species
266246,47602,16,Plantae,Taraxacum officinale,common dandelion,species
266255,56061,6,Plantae,Alliaria petiolata,garlic mustard,species
266255,47726,5,Plantae,Acer negundo,box elder,species
266255,54037,5,Plantae,Thuja occidentalis,northern whitecedar,species
266255,9602,4,Aves,Quiscalus quiscula,Common Grackle,species
266255,59029,4,Plantae,Verbascum thapsus,great mullein,species
266255,83799,4,Plantae,Mitchella repens,partridgeberry,species
266255,1454382,4,Aves,Nannopterum auritum,Double-crested Cormorant,species
266255,9135,3,Aves,Spizella passerina,Chipping Sparrow,species
266255,48240,3,Plantae,Erythronium americanum,yellow trout lily,species
266255,48734,3,Plantae,Tsuga canadensis,eastern hemlock,species
266239,904336,95,Arachnida,Trichonephila clavipes,Golden Silk Spider,species
266239,43374,51,Mammalia,Callithrix penicillata,Black-tufted-ear Marmoset,species
266239,556961,43,Plantae,Piptadenia gonoacantha,,species
266239,9864,35,Aves,Sicalis flaveola,Saffron Finch,species
266239,49761,32,Insecta,Anartia jatrophae,White Peacock,species
266239,17278,31,Aves,Fluvicola nengeta,Masked Water-Tyrant,species
266239,67706,31,Arachnida,Argiope argentata,Silver Garden Orbweaver,species
266239,2061,28,Aves,Penelope superciliaris,Rusty-margined Guan,species
266239,3102,28,Aves,Patagioenas picazuro,Picazuro Pigeon,species
266239,416422,28,Arachnida,Aglaoctenus lagotis,,species
266298,10702,6,Aves,Oriturus superciliosus,Striped Sparrow,species
266298,153386,6,Plantae,Salvia elegans,Pineapple Sage,species
266298,199840,6,Aves,Haemorhous mexicanus,House Finch,species
266298,47219,5,Insecta,Apis mellifera,Western Honey Bee,species
266298,133740,5,Plantae,Castilleja arvensis,Field Paintbrush,species
266298,285163,5,Plantae,Salvia carnea,,species
266298,9100,4,Aves,Melospiza melodia,Song Sparrow,species
266298,9744,4,Aves,Agelaius phoeniceus,Red-winged Blackbird,species
266298,12727,4,Aves,Turdus migratorius,American Robin,species
266298,47602,4,Plantae,Taraxacum officinale,common dandelion,species
266309,48240,62,Plantae,Erythronium americanum,yellow trout lily,species
266309,49288,52,Plantae,Podophyllum peltatum,mayapple,species
266309,51044,51,Plantae,Sanguinaria canadensis,bloodroot,species
266309,48961,47,Plantae,Symplocarpus foetidus,Eastern Skunk Cabbage,species
266309,56061,47,Plantae,Alliaria petiolata,garlic mustard,species
266309,9744,45,Aves,Agelaius phoeniceus,Red-winged Blackbird,species
266309,7089,43,Aves,Branta canadensis,Canada Goose,species
266309,6930,39,Aves,Anas platyrhynchos,Mallard,species
266309,55402,38,Plantae,Trillium grandiflorum,large white trillium,species
266309,204321,38,Plantae,Ficaria verna,lesser celandine,species
266374,49288,85,Plantae,Podophyllum peltatum,mayapple,species
266374,117434,64,Plantae,Claytonia virginica,Virginia Springbeauty,species
266374,56061,62,Plantae,Alliaria petiolata,garlic mustard,species
266374,39771,56,Reptilia,Chrysemys picta,Painted Turtle,species
266374,47602,50,Plantae,Taraxacum officinale,common dandelion,species
266374,48240,50,Plantae,Erythronium americanum,yellow trout lily,species
266374,55402,50,Plantae,Trillium grandiflorum,large white trillium,species
266374,48502,44,Plantae,Cercis canadensis,eastern redbud,species
266374,48961,41,Plantae,Symplocarpus foetidus,Eastern Skunk Cabbage,species
266374,55851,38,Plantae,Lamium purpureum,red deadnettle,species
266402,50855,327,Plantae,Trillium erectum,red trillium,species
266402,55634,302,Plantae,Allium tricoccum,wide leek,species
266402,48240,278,Plantae,Erythronium americanum,yellow trout lily,species
266402,9744,215,Aves,Agelaius phoeniceus,Red-winged Blackbird,species
266402,51044,163,Plantae,Sanguinaria canadensis,bloodroot,species
266402,6930,159,Aves,Anas platyrhynchos,Mallard,species
266402,55402,154,Plantae,Trillium grandiflorum,large white trillium,species
266402,12727,146,Aves,Turdus migratorius,American Robin,species
266402,56061,121,Plantae,Alliaria petiolata,garlic mustard,species
266402,46017,114,Mammalia,Sciurus carolinensis,Eastern Gray Squirrel,species
263437,36204,266,Reptilia,Sceloporus occidentalis,Western Fence Lizard,species
263437,47219,146,Insecta,Apis mellifera,Western Honey Bee,species
263437,54999,131,Plantae,Eriogonum fasciculatum,California Buckwheat,species
263437,199840,129,Aves,Haemorhous mexicanus,House Finch,species
263437,46020,104,Mammalia,Sciurus niger,Eastern Fox Squirrel,species
263437,3454,99,Aves,Zenaida macroura,Mourning Dove,species
263437,6930,97,Aves,Anas platyrhynchos,Mallard,species
263437,53357,96,Plantae,Artemisia californica,California sagebrush,species
263437,73044,96,Aves,Melozone crissalis,California Towhee,species
263437,10094,95,Aves,Junco hyemalis,Dark-eyed Junco,species
263576,4981,836,Aves,Nycticorax nycticorax,Black-crowned Night Heron,species
263576,51080,510,Plantae,Toxicodendron diversilobum,Pacific poison oak,species
263576,777371,426,Plantae,Diplacus aurantiacus,orange bush monkeyflower,species
263576,48225,369,Plantae,Eschscholzia californica,California poppy,species
263576,57078,369,Plantae,Trifolium hirtum,Rose Clover,species
263576,52821,318,Plantae,Achillea millefolium,common yarrow,species
263576,51085,315,Plantae,Triteleia laxa,Ithuriel's Spear,species
263576,53348,294,Plantae,Aesculus californica,California buckeye,species
263576,53359,292,Plantae,Baccharis pilularis,coyote brush,species
263576,49918,275,Plantae,Sisyrinchium bellum,western blue-eyed grass,species
263231,56121,48,Plantae,Capsella bursa-pastoris,shepherd's-purse,species
263231,204321,41,Plantae,Ficaria verna,lesser celandine,species
263231,56061,38,Plantae,Alliaria petiolata,garlic mustard,species
263231,47602,37,Plantae,Taraxacum officinale,common dandelion,species
263231,55830,37,Plantae,Glechoma hederacea,ground-ivy,species
263231,55851,35,Plantae,Lamium purpureum,red deadnettle,species
263231,51884,34,Plantae,Urtica dioica,great stinging nettle,species
263231,55757,34,Plantae,Chelidonium majus,Greater celandine,species
263231,705439,30,Plantae,Veronica sublobata,Pink Ivy-leaved Speedwell,species
263231,47219,29,Insecta,Apis mellifera,Western Honey Bee,species
263235,55851,50,Plantae,Lamium purpureum,red deadnettle,species
263235,56061,50,Plantae,Alliaria petiolata,garlic mustard,species
263235,47219,42,Insecta,Apis mellifera,Western Honey Bee,species
263235,55563,36,Plantae,Bellis perennis,Lawn daisy,species
263235,55830,36,Plantae,Glechoma hederacea,ground-ivy,species
263235,204321,35,Plantae,Ficaria verna,lesser celandine,species
263235,12716,32,Aves,Turdus merula,Eurasian Blackbird,species
263235,56099,32,Plantae,Ajuga reptans,carpet bugle,species
263235,54531,30,Plantae,Cardamine pratensis,Cuckooflower,species
263235,55757,29,Plantae,Chelidonium majus,Greater celandine,species
264998,7089,75,Aves,Branta canadensis,Canada Goose,species
264998,6930,65,Aves,Anas platyrhynchos,Mallard,species
264998,48548,49,Insecta,Vanessa cardui,Painted Lady,species
264998,46020,38,Mammalia,Sciurus niger,Eastern Fox Squirrel,species
264998,47687,36,Plantae,Erodium cicutarium,Redstem Stork's-bill,species
264998,59029,26,Plantae,Verbascum thapsus,great mullein,species
264998,52846,23,Plantae,Anthriscus caucalis,Bur Parsley,species
264998,9744,22,Aves,Agelaius phoeniceus,Red-winged Blackbird,species
264998,56996,22,Plantae,Sisymbrium altissimum,Tall Tumblemustard,species
264998,55851,21,Plantae,Lamium purpureum,red deadnettle,species
243528,56061,19,Plantae,Alliaria petiolata,garlic mustard,species
243528,7089,12,Aves,Branta canadensis,Canada Goose,species
243528,49288,12,Plantae,Podophyllum peltatum,mayapple,species
243528,50855,12,Plantae,Trillium erectum,red trillium,species
243528,48240,11,Plantae,Erythronium americanum,yellow trout lily,species
243528,54412,11,Plantae,Polystichum acrostichoides,Christmas fern,species
243528,67748,11,Plantae,Maianthemum canadense,Canada mayflower,species
243528,12727,10,Aves,Turdus migratorius,American Robin,species
243528,9135,9,Aves,Spizella passerina,Chipping Sparrow,species
243528,906,8,Aves,Meleagris gallopavo,Wild Turkey,species
263986,199206,160,Plantae,Pachycereus pringlei,Mexican Giant Cactus,species
263986,3460,157,Aves,Zenaida asiatica,White-winged Dove,species
263986,274276,138,Plantae,Cylindropuntia cholla,Chain-link Cholla,species
263986,9319,125,Aves,Icterus cucullatus,Hooded Oriole,species
263986,274261,123,Plantae,Stenocereus gummosus,Galloping Cactus,species
263986,82005,105,Plantae,Stenocereus thurberi,organ pipe cactus,species
263986,9083,97,Aves,Cardinalis cardinalis,Northern Cardinal,species
263986,4328,96,Aves,Pelecanus occidentalis,Brown Pelican,species
263986,199840,87,Aves,Haemorhous mexicanus,House Finch,species
263986,18161,85,Aves,Melanerpes uropygialis,Gila Woodpecker,species
264006,31508,36,Reptilia,Otocryptis wiegmanni,Sri Lanka Kangaroo Lizard,species
264006,1584560,32,Aves,Copsychus leggei,Sri Lanka Shama,species
264006,5062,31,Aves,Anhinga melanogaster,Oriental Darter,species
264006,62345,30,Amphibia,Duttaphrynus melanostictus,Asian Common Toad,species
264006,4981,28,Aves,Nycticorax nycticorax,Black-crowned Night Heron,species
264006,4993,26,Aves,Ardeola grayii,Indian Pond-Heron,species
264006,68528,26,Reptilia,Ahaetulla nasuta,Long-nosed Whipsnake,species
264006,204519,25,Aves,Halcyon smyrnensis,White-throated Kingfisher,species
264006,2599,23,Aves,Alcedo atthis,Common Kingfisher,species
264006,512423,22,Insecta,Harmatelia bilinea,,species
266621,141634,59,Plantae,Leonotis nepetifolia,lion's ear,species
266621,56083,41,Animalia,Armadillidium vulgare,Common Pill Woodlouse,species
266621,147990,39,Plantae,Bouvardia ternifolia,firecrackerbush,species
266621,47219,34,Insecta,Apis mellifera,Western Honey Bee,species
266621,57354,33,Plantae,Schinus molle,Peruvian Pepper Tree,species
266621,84002,31,Plantae,Tillandsia recurvata,ballmoss,species
266621,36262,27,Reptilia,Sceloporus grammicus,Graphic Spiny Lizard,species
266621,58334,26,Plantae,Nicotiana glauca,tree tobacco,species
266621,36149,25,Reptilia,Sceloporus torquatus,Crevice Swift,species
266621,480298,23,Mollusca,Cornu aspersum,Garden Snail,species
229716,55990,66,Reptilia,Podarcis muralis,Common Wall Lizard,species
229716,59343,51,Plantae,Urospermum dalechampii,smooth golden fleece,species
229716,12716,50,Aves,Turdus merula,Eurasian Blackbird,species
229716,48548,49,Insecta,Vanessa cardui,Painted Lady,species
229716,52592,40,Insecta,Pararge aegeria,Speckled Wood,species
229716,83085,36,Plantae,Anacamptis pyramidalis,pyramidal orchid,species
229716,55563,35,Plantae,Bellis perennis,Lawn daisy,species
229716,59321,35,Plantae,Orchis purpurea,Lady Orchid,species
229716,6930,33,Aves,Anas platyrhynchos,Mallard,species
229716,3017,31,Aves,Columba livia,Rock Pigeon,species
264096,9083,80,Aves,Cardinalis cardinalis,Northern Cardinal,species
264096,62741,74,Plantae,Rudbeckia hirta,black-eyed Susan,species
264096,125677,61,Plantae,Smilax bona-nox,saw greenbrier,species
264096,47219,60,Insecta,Apis mellifera,Western Honey Bee,species
264096,49399,56,Plantae,Juniperus virginiana,eastern redcedar,species
264096,56083,56,Animalia,Armadillidium vulgare,Common Pill Woodlouse,species
264096,69714,54,Plantae,Rubus trivialis,southern dewberry,species
264096,127941,53,Plantae,Callirhoe involucrata,winecup mallow,species
264096,14886,51,Aves,Mimus polyglottos,Northern Mockingbird,species
264096,56846,50,Plantae,Torilis arvensis,common hedge parsley,species
264271,61963,268,Plantae,Oxalis debilis,Largeflower pink-sorrel,species
264271,13851,252,Aves,Passer montanus,Eurasian Tree Sparrow,species
264271,1455918,238,Aves,Spilopelia chinensis,Spotted Dove,species
264271,3017,230,Aves,Columba livia,Rock Pigeon,species
264271,14591,210,Aves,Pycnonotus jocosus,Red-whiskered Bulbul,species
264271,145098,202,Aves,Gracupica nigricollis,Black-collared Starling,species
264271,1095846,158,Plantae,Bidens alba,White beggarticks,species
264271,246102,156,Plantae,Sphagneticola trilobata,Trailing Daisy,species
264271,50333,131,Plantae,Lantana camara,common lantana,species
264271,204491,125,Aves,Copsychus saularis,Oriental Magpie-Robin,species
266320,46017,192,Mammalia,Sciurus carolinensis,Eastern Gray Squirrel,species
266320,7089,131,Aves,Branta canadensis,Canada Goose,species
266320,12727,127,Aves,Turdus migratorius,American Robin,species
266320,9744,122,Aves,Agelaius phoeniceus,Red-winged Blackbird,species
266320,6930,117,Aves,Anas platyrhynchos,Mallard,species
266320,9083,104,Aves,Cardinalis cardinalis,Northern Cardinal,species
266320,48240,102,Plantae,Erythronium americanum,yellow trout lily,species
266320,51044,83,Plantae,Sanguinaria canadensis,bloodroot,species
266320,14850,80,Aves,Sturnus vulgaris,European Starling,species
266320,56222,79,Plantae,Tussilago farfara,colt's-foot,species
249425,9184,52,Aves,Zonotrichia albicollis,White-throated Sparrow,species
249425,6930,49,Aves,Anas platyrhynchos,Mallard,species
249425,7089,47,Aves,Branta canadensis,Canada Goose,species
249425,10094,42,Aves,Junco hyemalis,Dark-eyed Junco,species
249425,145245,38,Aves,Setophaga coronata,Yellow-rumped Warbler,species
249425,12890,32,Aves,Catharus guttatus,Hermit Thrush,species
249425,46260,31,Mammalia,Tamiasciurus hudsonicus,American Red Squirrel,species
249425,66012,29,Amphibia,Lithobates sylvaticus,Wood Frog,species
249425,9744,28,Aves,Agelaius phoeniceus,Red-winged Blackbird,species
249425,18236,28,Aves,Colaptes auratus,Northern Flicker,species
264313,48711,79,Fungi,Lobaria pulmonaria,Tree Lungwort,species
264313,52354,46,Amphibia,Ambystoma laterale,Blue-spotted Salamander,species
264313,62376,29,Plantae,Gaultheria procumbens,Eastern Teaberry,species
264313,42223,25,Mammalia,Odocoileus virginianus,White-tailed Deer,species
264313,52391,23,Plantae,Pinus strobus,eastern white pine,species
264313,52383,22,Plantae,Pinus resinosa,red pine,species
264313,6930,21,Aves,Anas platyrhynchos,Mallard,species
264313,54037,16,Plantae,Thuja occidentalis,northern whitecedar,species
264313,46017,15,Mammalia,Sciurus carolinensis,Eastern Gray Squirrel,species
264313,49883,15,Plantae,Betula papyrifera,paper birch,species
264323,9744,10,Aves,Agelaius phoeniceus,Red-winged Blackbird,species
264323,82342,10,Plantae,Lonicera maackii,Amur honeysuckle,species
264323,56061,9,Plantae,Alliaria petiolata,garlic mustard,species
264323,49288,8,Plantae,Podophyllum peltatum,mayapple,species
264323,56137,8,Plantae,Ornithogalum umbellatum,common star-of-Bethlehem,species
264323,99912,8,Insecta,Enallagma geminatum,Skimming Bluet,species
264323,12727,7,Aves,Turdus migratorius,American Robin,species
264323,55830,7,Plantae,Glechoma hederacea,ground-ivy,species
264323,121593,7,Plantae,Hydrophyllum appendiculatum,great waterleaf,species
264323,6930,6,Aves,Anas platyrhynchos,Mallard,species
264338,50278,21,Plantae,Parthenocissus quinquefolia,Virginia creeper,species
264338,58732,21,Plantae,Toxicodendron radicans,eastern poison ivy,species
264338,9083,18,Aves,Cardinalis cardinalis,Northern Cardinal,species
264338,7089,16,Aves,Branta canadensis,Canada Goose,species
264338,12727,16,Aves,Turdus migratorius,American Robin,species
264338,49658,16,Plantae,Liquidambar styraciflua,American sweetgum,species
264338,53582,16,Plantae,Liriodendron tulipifera,American tuliptree,species
264338,60749,15,Plantae,Ilex opaca,American holly,species
264338,77835,14,Plantae,Lonicera japonica,Japanese honeysuckle,species
264338,46017,13,Mammalia,Sciurus carolinensis,Eastern Gray Squirrel,species
264362,99331,53,Insecta,Diplacodes trivialis,Chalky Percher,species
264362,14593,47,Aves,Pycnonotus cafer,Red-vented Bulbul,species
264362,561940,39,Insecta,Ischnura rubilio,Western Golden Dartlet,species
264362,3017,38,Aves,Columba livia,Rock Pigeon,species
264362,1204,30,Aves,Pavo cristatus,Indian Peafowl,species
264362,31281,29,Reptilia,Calotes versicolor,Oriental Garden Lizard,species
264362,145031,29,Aves,Copsychus fulicatus,Indian Robin,species
264362,319135,25,Plantae,Azadirachta indica,Neem,species
264362,1455918,25,Aves,Spilopelia chinensis,Spotted Dove,species
264362,67835,24,Insecta,Danaus chrysippus,Plain Tiger Butterfly,species
264394,979756,16,Aves,Leiothlypis peregrina,Tennessee Warbler,species
264394,145258,12,Aves,Setophaga virens,Black-throated Green Warbler,species
264394,145237,11,Aves,Setophaga fusca,Blackburnian Warbler,species
264394,3865,10,Aves,Calidris melanotos,Pectoral Sandpiper,species
264394,9915,10,Aves,Piranga rubra,Summer Tanager,species
264394,52764,9,Plantae,Prunella vulgaris,common selfheal,species
264394,145239,9,Aves,Setophaga pensylvanica,Chestnut-sided Warbler,species
264394,162,7,Aves,Porzana carolina,Sora,species
264394,3751,7,Aves,Eudocimus albus,White Ibis,species
264394,9346,7,Aves,Icterus galbula,Baltimore Oriole,species
264563,410762,58,Plantae,Protea neriifolia,Oleander-leaf Protea,species
264563,404420,48,Plantae,Osteospermum moniliferum,Bietou,species
264563,77361,44,Plantae,Helichrysum petiolare,Licorice plant,species
264563,132849,39,Plantae,Leonotis leonurus,Common Lionspaw,species
264563,566478,39,Plantae,Leucadendron salignum,Common Sunshine Conebush,species
264563,430977,37,Plantae,Erica discolor,Discolorous Heath,species
264563,593077,37,Plantae,Rhoicissus digitata,Baboon Grape,species
264563,595129,35,Plantae,Tarchonanthus littoralis,Coastal Camphorbush,species
264563,362175,34,Plantae,Sideroxylon inerme,white milkwood,species
264563,583883,34,Plantae,Diospyros dichrophylla,Poison Starapple,species
264575,204321,71,Plantae,Ficaria verna,lesser celandine,species
264575,55757,62,Plantae,Chelidonium majus,Greater celandine,species
264575,56061,54,Plantae,Alliaria petiolata,garlic mustard,species
264575,55830,49,Plantae,Glechoma hederacea,ground-ivy,species
264575,54763,46,Plantae,Acer platanoides,Norway maple,species
264575,950596,45,Plantae,Anemonoides ranunculoides,Yellow Anemone,species
264575,51884,42,Plantae,Urtica dioica,great stinging nettle,species
264575,51736,36,Plantae,Impatiens parviflora,small balsam,species
264575,55891,36,Plantae,Geum urbanum,Wood Avens,species
264575,765394,36,Plantae,Sambucus nigra,European black elderberry,species
264578,4208,2,Aves,Podiceps cristatus,Great Crested Grebe,species
264578,13071,2,Aves,Luscinia svecica,Bluethroat,species
264578,51702,2,Insecta,Coccinella septempunctata,Seven-spotted Lady Beetle,species
264578,55576,2,Fungi,Xanthoria parietina,Common Sunburst Lichen,species
264578,55757,2,Plantae,Chelidonium majus,Greater celandine,species
264578,55851,2,Plantae,Lamium purpureum,red deadnettle,species
264578,204321,2,Plantae,Ficaria verna,lesser celandine,species
264578,336378,2,Plantae,Senecio vernalis,Eastern Groundsel,species
264578,2969,1,Aves,Streptopelia decaocto,Eurasian Collared-Dove,species
264578,3017,1,Aves,Columba livia,Rock Pigeon,species
264718,51048,36,Plantae,Dicentra formosa,Pacific Bleeding Heart,species
264718,47751,33,Plantae,Polystichum munitum,western sword fern,species
264718,49463,32,Plantae,Trillium ovatum,Pacific trillium,species
264718,48258,25,Plantae,Acer circinatum,Vine Maple,species
264718,53268,25,Plantae,Maianthemum stellatum,star-flowered lily-of-the-valley,species
264718,51646,24,Plantae,Rubus parviflorus,thimbleberry,species
264718,52669,24,Plantae,Athyrium filix-femina,lady fern,species
264718,57824,24,Plantae,Sambucus racemosa,red-berried elder,species
264718,47543,20,Plantae,Rubus spectabilis,Salmonberry,species
264718,51655,20,Plantae,Tellima grandiflora,fringe cups,species
264793,950596,214,Plantae,Anemonoides ranunculoides,Yellow Anemone,species
264793,204321,184,Plantae,Ficaria verna,lesser celandine,species
264793,10070,165,Aves,Fringilla coelebs,Common Chaffinch,species
264793,245677,161,Plantae,Pulmonaria obscura,Suffolk Lungwort,species
264793,12707,159,Aves,Turdus pilaris,Fieldfare,species
264793,55814,148,Plantae,Corydalis solida,Bird-in-a-bush,species
264793,56222,147,Plantae,Tussilago farfara,colt's-foot,species
264793,13695,127,Aves,Motacilla alba,White Wagtail,species
264793,126913,120,Fungi,Sarcoscypha austriaca,Scarlet Elfcup,species
264793,6930,115,Aves,Anas platyrhynchos,Mallard,species
264795,4356,10,Aves,Larus canus,Common Gull,species
264795,144510,10,Aves,Chroicocephalus ridibundus,Black-headed Gull,species
264795,204512,7,Aves,Ficedula hypoleuca,European Pied Flycatcher,species
264795,3048,6,Aves,Columba palumbus,Common Wood-Pigeon,species
264795,4733,6,Aves,Ciconia ciconia,White Stork,species
264795,14850,5,Aves,Sturnus vulgaris,European Starling,species
264795,4208,4,Aves,Podiceps cristatus,Great Crested Grebe,species
264795,12822,3,Aves,Oenanthe oenanthe,Northern Wheatear,species
264795,13000,3,Aves,Phoenicurus ochruros,Black Redstart,species
264795,69613,3,Plantae,Luzula pilosa,Hairy Woodrush,species
264099,51702,283,Insecta,Coccinella septempunctata,Seven-spotted Lady Beetle,species
264099,51884,275,Plantae,Urtica dioica,great stinging nettle,species
264099,53059,267,Plantae,Galium aparine,catchweed bedstraw,species
264099,47602,243,Plantae,Taraxacum officinale,common dandelion,species
264099,55759,223,Plantae,Silene dioica,red campion,species
264099,56061,220,Plantae,Alliaria petiolata,garlic mustard,species
264099,51147,215,Plantae,Crataegus monogyna,common hawthorn,species
264099,53178,210,Plantae,Plantago lanceolata,ribwort plantain,species
264099,124544,194,Plantae,Anthriscus sylvestris,Cow Parsley,species
264099,55563,189,Plantae,Bellis perennis,Lawn daisy,species
266448,54531,28,Plantae,Cardamine pratensis,Cuckooflower,species
266448,55851,28,Plantae,Lamium purpureum,red deadnettle,species
266448,204321,28,Plantae,Ficaria verna,lesser celandine,species
266448,56061,27,Plantae,Alliaria petiolata,garlic mustard,species
266448,47602,25,Plantae,Taraxacum officinale,common dandelion,species
266448,51884,25,Plantae,Urtica dioica,great stinging nettle,species
266448,51147,24,Plantae,Crataegus monogyna,common hawthorn,species
266448,51702,24,Insecta,Coccinella septempunctata,Seven-spotted Lady Beetle,species
266448,53059,24,Plantae,Galium aparine,catchweed bedstraw,species
266448,53178,24,Plantae,Plantago lanceolata,ribwort plantain,species
264999,56061,47,Plantae,Alliaria petiolata,garlic mustard,species
264999,48961,30,Plantae,Symplocarpus foetidus,Eastern Skunk Cabbage,species
264999,12727,28,Aves,Turdus migratorius,American Robin,species
264999,49288,28,Plantae,Podophyllum peltatum,mayapple,species
264999,55851,25,Plantae,Lamium purpureum,red deadnettle,species
264999,46017,17,Mammalia,Sciurus carolinensis,Eastern Gray Squirrel,species
264999,55830,17,Plantae,Glechoma hederacea,ground-ivy,species
264999,3454,16,Aves,Zenaida macroura,Mourning Dove,species
264999,52856,16,Plantae,Artemisia vulgaris,common mugwort,species
264999,54777,16,Plantae,Cornus florida,flowering dogwood,species
264021,78793,27,Plantae,Pyrola asarifolia,bog wintergreen,species
264021,522193,25,Mammalia,Alces alces,Moose,species
264021,145245,21,Aves,Setophaga coronata,Yellow-rumped Warbler,species
264021,8021,20,Aves,Corvus brachyrhynchos,American Crow,species
264021,126887,18,Plantae,Berberis aquifolium,Oregon grape,species
264021,60881,16,Plantae,Lonicera involucrata,twinberry honeysuckle,species
264021,46260,14,Mammalia,Tamiasciurus hudsonicus,American Red Squirrel,species
264021,49883,13,Plantae,Betula papyrifera,paper birch,species
264021,53094,13,Plantae,Heracleum maximum,common cowparsnip,species
264021,1138381,13,Plantae,Hylocomiadelphus triquetrus,rough goose neck moss,species
260796,84405,782,Plantae,Calyptocarpus vialis,straggler daisy,species
260796,125675,683,Plantae,Glandularia bipinnatifida,Dakota mock vervain,species
260796,79137,602,Plantae,Solanum elaeagnifolium,silverleaf nightshade,species
260796,120026,583,Plantae,Zephyranthes drummondii,Drummond's rain lily,species
260796,78836,570,Plantae,Ratibida columnifera,upright prairie coneflower,species
260796,120505,566,Plantae,Diospyros texana,Texas Persimmon,species
260796,1493134,494,Plantae,Neltuma glandulosa,honey mesquite,species
260796,273862,483,Plantae,Berberis trifoliolata,Agarita,species
260796,125677,457,Plantae,Smilax bona-nox,saw greenbrier,species
260796,244815,442,Plantae,Wedelia hispida,Texas creeping-oxeye,species
265074,1204,7,Aves,Pavo cristatus,Indian Peafowl,species
265074,145031,6,Aves,Copsychus fulicatus,Indian Robin,species
265074,13858,4,Aves,Passer domesticus,House Sparrow,species
265074,145193,3,Aves,Cinnyris asiaticus,Purple Sunbird,species
265074,204491,3,Aves,Copsychus saularis,Oriental Magpie-Robin,species
265074,8026,2,Aves,Corvus macrorhynchos,Large-billed Crow,species
265074,14593,2,Aves,Pycnonotus cafer,Red-vented Bulbul,species
265074,1493141,2,Plantae,Neltuma juliflora,mesquite,species
265074,2229,1,Aves,Merops orientalis,Asian Green Bee-eater,species
265074,7711,1,Aves,Prinia socialis,Ashy Prinia,species
265091,51702,202,Insecta,Coccinella septempunctata,Seven-spotted Lady Beetle,species
265091,56061,164,Plantae,Alliaria petiolata,garlic mustard,species
265091,55925,145,Plantae,Geranium robertianum,Herb Robert,species
265091,124544,125,Plantae,Anthriscus sylvestris,Cow Parsley,species
265091,51147,115,Plantae,Crataegus monogyna,common hawthorn,species
265091,51884,114,Plantae,Urtica dioica,great stinging nettle,species
265091,47602,113,Plantae,Taraxacum officinale,common dandelion,species
265091,166466,112,Plantae,Pentaglottis sempervirens,Green Alkanet,species
265091,55563,100,Plantae,Bellis perennis,Lawn daisy,species
265091,56152,98,Plantae,Allium ursinum,Ramsons,species
265092,50855,61,Plantae,Trillium erectum,red trillium,species
265092,49397,58,Plantae,Kalmia latifolia,mountain laurel,species
265092,51435,56,Plantae,Trillium undulatum,painted trillium,species
265092,82812,55,Plantae,Iris cristata,dwarf crested iris,species
265092,49288,53,Plantae,Podophyllum peltatum,mayapple,species
265092,53582,53,Plantae,Liriodendron tulipifera,American tuliptree,species
265092,51432,48,Plantae,Galearis spectabilis,showy orchis,species
265092,59980,46,Plantae,Conopholis americana,American cancer-root,species
265092,47588,45,Plantae,Cypripedium acaule,pink lady's slipper,species
265092,51227,45,Plantae,Pedicularis canadensis,Canadian lousewort,species
265094,9083,9,Aves,Cardinalis cardinalis,Northern Cardinal,species
265094,12727,9,Aves,Turdus migratorius,American Robin,species
265094,16782,9,Aves,Tyrannus tyrannus,Eastern Kingbird,species
265094,50278,9,Plantae,Parthenocissus quinquefolia,Virginia creeper,species
265094,77835,9,Plantae,Lonicera japonica,Japanese honeysuckle,species
265094,4956,8,Aves,Ardea herodias,Great Blue Heron,species
265094,10227,8,Aves,Passerina cyanea,Indigo Bunting,species
265094,54776,8,Plantae,Cornus drummondii,roughleaf dogwood,species
265094,54921,8,Plantae,Packera glabella,Butterweed,species
265094,73792,8,Reptilia,Plestiodon laticeps,Broad-headed Skink,species
265011,35342,77,Reptilia,Iguana iguana,Green Iguana,species
265011,6141,46,Aves,Cynanthus latirostris,Broad-billed Hummingbird,species
265011,3460,45,Aves,Zenaida asiatica,White-winged Dove,species
265011,69940,44,Insecta,Hemiargus ceraunus,Ceraunus Blue,species
265011,3454,39,Aves,Zenaida macroura,Mourning Dove,species
265011,9336,38,Aves,Icterus pustulatus,Streak-backed Oriole,species
265011,9607,36,Aves,Quiscalus mexicanus,Great-tailed Grackle,species
265011,1289601,36,Aves,Nannopterum brasilianum,Neotropic Cormorant,species
265011,6893,34,Aves,Dendrocygna autumnalis,Black-bellied Whistling-Duck,species
265011,18161,34,Aves,Melanerpes uropygialis,Gila Woodpecker,species
265130,950598,26,Plantae,Anemonoides quinquefolia,wood anemone,species
265130,52856,22,Plantae,Artemisia vulgaris,common mugwort,species
265130,69752,21,Plantae,Houstonia caerulea,azure bluet,species
265130,48961,19,Plantae,Symplocarpus foetidus,Eastern Skunk Cabbage,species
265130,55851,17,Plantae,Lamium purpureum,red deadnettle,species
265130,204321,17,Plantae,Ficaria verna,lesser celandine,species
265130,56061,15,Plantae,Alliaria petiolata,garlic mustard,species
265130,67748,15,Plantae,Maianthemum canadense,Canada mayflower,species
265130,27186,14,Amphibia,Plethodon cinereus,Eastern Red-backed Salamander,species
265130,42223,14,Mammalia,Odocoileus virginianus,White-tailed Deer,species
265135,12727,24,Aves,Turdus migratorius,American Robin,species
265135,50310,23,Plantae,Arisaema triphyllum,Jack-in-the-Pulpit,species
265135,53582,21,Plantae,Liriodendron tulipifera,American tuliptree,species
265135,54412,18,Plantae,Polystichum acrostichoides,Christmas fern,species
265135,78882,18,Plantae,Rosa multiflora,multiflora rose,species
265135,81800,18,Plantae,Delphinium tricorne,dwarf larkspur,species
265135,163878,18,Plantae,Hydrophyllum macrophyllum,Large-leaf water leaf,species
265135,49288,17,Plantae,Podophyllum peltatum,mayapple,species
265135,64977,17,Amphibia,Anaxyrus fowleri,Fowler's Toad,species
265135,130900,16,Plantae,Menispermum canadense,moonseed,species
265107,47543,203,Plantae,Rubus spectabilis,Salmonberry,species
265107,49463,164,Plantae,Trillium ovatum,Pacific trillium,species
265107,47751,161,Plantae,Polystichum munitum,western sword fern,species
265107,51048,134,Plantae,Dicentra formosa,Pacific Bleeding Heart,species
265107,53445,130,Plantae,Rubus ursinus,trailing blackberry,species
265107,75756,124,Plantae,Berberis nervosa,Cascade Oregon-grape,species
265107,12727,118,Aves,Turdus migratorius,American Robin,species
265107,48441,113,Plantae,Gaultheria shallon,salal,species
265107,55925,113,Plantae,Geranium robertianum,Herb Robert,species
265107,6930,112,Aves,Anas platyrhynchos,Mallard,species
265176,114891,108,Reptilia,Varanus salvator,Common Water Monitor,species
265176,204491,37,Aves,Copsychus saularis,Oriental Magpie-Robin,species
265176,4775,33,Aves,Anastomus oscitans,Asian Openbill,species
265176,3017,30,Aves,Columba livia,Rock Pigeon,species
265176,199,23,Aves,Amaurornis phoenicurus,White-breasted Waterhen,species
265176,3607,20,Aves,Geopelia striata,Zebra Dove,species
265176,1636180,20,Aves,Butorides atricapilla,Little Heron,species
265176,13851,18,Aves,Passer montanus,Eurasian Tree Sparrow,species
265176,14870,18,Aves,Acridotheres grandis,Great Myna,species
265176,204454,17,Aves,Acridotheres tristis,Common Myna,species
265205,204321,119,Plantae,Ficaria verna,lesser celandine,species
265205,51147,114,Plantae,Crataegus monogyna,common hawthorn,species
265205,51702,104,Insecta,Coccinella septempunctata,Seven-spotted Lady Beetle,species
265205,56061,97,Plantae,Alliaria petiolata,garlic mustard,species
265205,47602,96,Plantae,Taraxacum officinale,common dandelion,species
265205,56132,90,Plantae,Hyacinthoides non-scripta,bluebell,species
265205,51884,89,Plantae,Urtica dioica,great stinging nettle,species
265205,53856,88,Plantae,Ilex aquifolium,European holly,species
265205,55759,83,Plantae,Silene dioica,red campion,species
265205,119791,82,Plantae,Acer pseudoplatanus,sycamore maple,species
265272,9083,28,Aves,Cardinalis cardinalis,Northern Cardinal,species
265272,48625,26,Plantae,Oenothera speciosa,Pinkladies,species
265272,60946,23,Plantae,Asclepias viridis,green antelopehorns,species
265272,61495,23,Insecta,Erythemis simplicicollis,Eastern Pondhawk,species
265272,123956,23,Plantae,Castilleja indivisa,Texas Paintbrush,species
265272,48549,22,Insecta,Vanessa virginiensis,American Lady,species
265272,49399,22,Plantae,Juniperus virginiana,eastern redcedar,species
265272,47912,19,Plantae,Asclepias tuberosa,butterfly milkweed,species
265272,48484,19,Insecta,Harmonia axyridis,Asian Lady Beetle,species
265272,69714,18,Plantae,Rubus trivialis,southern dewberry,species
265274,164861,3,Plantae,Ludwigia octovalvis,Mexican Primrose-willow,species
265274,334322,3,Plantae,Microlobius foetidus,,species
265274,59040,2,Plantae,Phyla nodiflora,turkey tangle frogfruit,species
265274,61369,2,Plantae,Momordica charantia,Bitter Melon,species
265274,3017,1,Aves,Columba livia,Rock Pigeon,species
265274,4328,1,Aves,Pelecanus occidentalis,Brown Pelican,species
265274,9607,1,Aves,Quiscalus mexicanus,Great-tailed Grackle,species
265274,18161,1,Aves,Melanerpes uropygialis,Gila Woodpecker,species
265274,35342,1,Reptilia,Iguana iguana,Green Iguana,species
265274,43099,1,Mammalia,Sylvilagus cunicularius,Mexican Cottontail,species
259655,36514,138,Reptilia,Anolis carolinensis,Green Anole,species
259655,127635,130,Insecta,Plecia nearctica,Common Lovebug,species
259655,61495,110,Insecta,Erythemis simplicicollis,Eastern Pondhawk,species
259655,50278,99,Plantae,Parthenocissus quinquefolia,Virginia creeper,species
259655,9083,87,Aves,Cardinalis cardinalis,Northern Cardinal,species
259655,55745,82,Plantae,Trifolium repens,white clover,species
259655,127269,77,Plantae,Cirsium horridulum,bristle thistle,species
259655,46017,70,Mammalia,Sciurus carolinensis,Eastern Gray Squirrel,species
259655,79388,70,Plantae,Triadica sebifera,Chinese Tallow,species
259655,58732,69,Plantae,Toxicodendron radicans,eastern poison ivy,species
265338,56193,23,Plantae,Acer campestre,field maple,species
265338,59321,20,Plantae,Orchis purpurea,Lady Orchid,species
265338,51147,18,Plantae,Crataegus monogyna,common hawthorn,species
265338,6930,16,Aves,Anas platyrhynchos,Mallard,species
265338,56002,12,Plantae,Dipsacus fullonum,wild teasel,species
265338,52592,10,Insecta,Pararge aegeria,Speckled Wood,species
265338,56162,10,Plantae,Malva sylvestris,Common Mallow,species
265338,891696,9,Aves,Pica pica,Eurasian Magpie,species
265338,55563,8,Plantae,Bellis perennis,Lawn daisy,species
265338,47779,7,Plantae,Iris pseudacorus,Yellow Iris,species
265388,3740,66,Aves,Threskiornis molucca,Australian Ibis,species
265388,321075,62,Plantae,Bossiaea heterophylla,Variable Bossiaea,species
265388,2413,59,Aves,Dacelo novaeguineae,Laughing Kookaburra,species
265388,208902,53,Plantae,Banksia spinulosa,Hairpin Banksia,species
265388,321062,47,Plantae,Acacia suaveolens,Sweet Wattle,species
265388,131642,46,Plantae,Banksia ericifolia,Heath-leaved banksia,species
265388,83616,42,Plantae,Lambertia formosa,Mountain Devil,species
265388,321185,40,Plantae,Woollsia pungens,Snow Wreath,species
265388,980095,40,Aves,Trichoglossus moluccanus,Rainbow Lorikeet,species
265388,12231,39,Aves,Manorina melanocephala,Noisy Miner,species
265398,61369,29,Plantae,Momordica charantia,Bitter Melon,species
265398,11275,28,Aves,Furnarius rufus,Rufous Hornero,species
265398,4867,14,Aves,Vanellus chilensis,Southern Lapwing,species
265398,16447,14,Aves,Pyrocephalus rubinus,Vermilion Flycatcher,species
265398,74442,14,Mammalia,Hydrochoerus hydrochaeris,Capybara,species
265398,1979,13,Aves,Guira guira,Guira Cuckoo,species
265398,1971,12,Aves,Crotophaga ani,Smooth-billed Ani,species
265398,3577,12,Aves,Columbina picui,Picuí Ground Dove,species
265398,10126,12,Aves,Psarocolius decumanus,Crested Oropendola,species
265398,10254,12,Aves,Paroaria coronata,Red-crested Cardinal,species
265443,49288,50,Plantae,Podophyllum peltatum,mayapple,species
265443,50310,47,Plantae,Arisaema triphyllum,Jack-in-the-Pulpit,species
265443,82342,45,Plantae,Lonicera maackii,Amur honeysuckle,species
265443,9744,38,Aves,Agelaius phoeniceus,Red-winged Blackbird,species
265443,49566,38,Insecta,Cicindela sexguttata,Six-spotted Tiger Beetle,species
265443,12727,33,Aves,Turdus migratorius,American Robin,species
265443,121593,33,Plantae,Hydrophyllum appendiculatum,great waterleaf,species
265443,50278,31,Plantae,Parthenocissus quinquefolia,Virginia creeper,species
265443,9083,29,Aves,Cardinalis cardinalis,Northern Cardinal,species
265443,58732,29,Plantae,Toxicodendron radicans,eastern poison ivy,species
265445,474210,55,Aves,Spizelloides arborea,American Tree Sparrow,species
265445,10094,37,Aves,Junco hyemalis,Dark-eyed Junco,species
265445,6930,36,Aves,Anas platyrhynchos,Mallard,species
265445,7089,32,Aves,Branta canadensis,Canada Goose,species
265445,9184,32,Aves,Zonotrichia albicollis,White-throated Sparrow,species
265445,9744,30,Aves,Agelaius phoeniceus,Red-winged Blackbird,species
265445,46260,26,Mammalia,Tamiasciurus hudsonicus,American Red Squirrel,species
265445,3892,25,Aves,Tringa melanoleuca,Greater Yellowlegs,species
265445,4756,23,Aves,Cathartes aura,Turkey Vulture,species
265445,9100,23,Aves,Melospiza melodia,Song Sparrow,species
265458,53983,20,Plantae,Digitalis purpurea,purple foxglove,species
265458,904328,19,Plantae,Asterotrichion discolor,Tasmanian Currajong,species
265458,6914,17,Aves,Cygnus atratus,Black Swan,species
265458,198923,16,Insecta,Phaulacridium vittatum,Wingless Grasshopper,species
265458,42970,15,Mammalia,Thylogale billardierii,Rufous-bellied Pademelon,species
265458,955796,15,Plantae,Beyeria viscosa,Pinkwood,species
265458,184928,14,Plantae,Pomaderris apetala,Tainui,species
265458,6958,13,Aves,Anas castanea,Chestnut Teal,species
265458,144481,12,Aves,Tribonyx mortierii,Tasmanian Nativehen,species
265458,4872,11,Aves,Vanellus miles,Masked Lapwing,species
270127,55610,15,Insecta,Pyrrhocoris apterus,European Firebug,species
270127,82875,12,Plantae,Ophrys speculum,Mirror orchid,species
270127,52592,11,Insecta,Pararge aegeria,Speckled Wood,species
270127,52586,10,Plantae,Silybum marianum,milk thistle,species
270127,52796,10,Plantae,Hordeum murinum,wall barley,species
270127,47406,7,Plantae,Spartium junceum,Spanish Broom,species
270127,48548,7,Insecta,Vanessa cardui,Painted Lady,species
270127,54404,7,Plantae,Papaver rhoeas,common poppy,species
270127,85469,7,Plantae,Thymus vulgaris,common thyme,species
270127,52287,6,Plantae,Borago officinalis,Borage,species
270043,85030,27,Insecta,Crocothemis erythraea,Broad Scarlet,species
270043,166729,22,Plantae,Phoenix reclinata,Reclining Date Palm,species
270043,321501,20,Plantae,Nymphaea nouchali,Day Waterlily,species
270043,340008,20,Plantae,Hyphaene coriacea,Ilala palm,species
270043,108298,17,Insecta,Palpopleura lucia,Lucia Widow,species
270043,344320,17,Plantae,Asystasia intrusa,African Coromandel,species
270043,68465,16,Insecta,Junonia oenone,Blue-spot Pansy,species
270043,95998,16,Insecta,Brachythemis leucosticta,Southern Banded Groundling,species
270043,338719,16,Plantae,Syzygium cordatum,Water Berry,species
270043,13701,15,Aves,Motacilla aguimp,African Pied Wagtail,species
265801,1455918,484,Aves,Spilopelia chinensis,Spotted Dove,species
265801,13851,330,Aves,Passer montanus,Eurasian Tree Sparrow,species
265801,61963,295,Plantae,Oxalis debilis,Largeflower pink-sorrel,species
265801,123010,215,Animalia,Trigoniulus corallinus,Rusty Millipede,species
265801,14591,188,Aves,Pycnonotus jocosus,Red-whiskered Bulbul,species
265801,204491,167,Aves,Copsychus saularis,Oriental Magpie-Robin,species
265801,415288,155,Animalia,Helicorthomorpha holstii,Orange Rosary Millipede,species
265801,14621,153,Aves,Pycnonotus sinensis,Light-vented Bulbul,species
265801,4943,126,Aves,Egretta garzetta,Little Egret,species
265801,14872,126,Aves,Acridotheres cristatellus,Crested Myna,species
265319,52287,79,Plantae,Borago officinalis,Borage,species
265319,55563,75,Plantae,Bellis perennis,Lawn daisy,species
265319,47219,73,Insecta,Apis mellifera,Western Honey Bee,species
265319,3017,69,Aves,Columba livia,Rock Pigeon,species
265319,68328,69,Insecta,Oxythyrea funesta,Mediterranean Spotted Chafer,species
265319,59343,62,Plantae,Urospermum dalechampii,smooth golden fleece,species
265319,144757,54,Aves,Corvus cornix,Hooded Crow,species
265319,337045,51,Reptilia,Podarcis siculus,Italian Wall Lizard,species
265319,12716,50,Aves,Turdus merula,Eurasian Blackbird,species
265319,57805,50,Plantae,Oxalis articulata,pink-sorrel,species
267345,50278,29,Plantae,Parthenocissus quinquefolia,Virginia creeper,species
267345,7089,26,Aves,Branta canadensis,Canada Goose,species
267345,77835,26,Plantae,Lonicera japonica,Japanese honeysuckle,species
267345,39782,24,Reptilia,Trachemys scripta,Pond Slider,species
267345,9083,21,Aves,Cardinalis cardinalis,Northern Cardinal,species
267345,82529,21,Plantae,Vitis rotundifolia,muscadine,species
267345,55745,19,Plantae,Trifolium repens,white clover,species
267345,144514,18,Aves,Leucophaeus atricilla,Laughing Gull,species
267345,46017,17,Mammalia,Sciurus carolinensis,Eastern Gray Squirrel,species
267345,125677,17,Plantae,Smilax bona-nox,saw greenbrier,species
270128,132759,26,Plantae,Chamaerops humilis,Mediterranean fan palm,species
270128,59343,13,Plantae,Urospermum dalechampii,smooth golden fleece,species
270128,470237,8,Insecta,Psilothrix viridicoerulea,,species
270128,1521906,8,Plantae,Convolvulus althaeoides,Mallow Bindweed,species
270128,48548,7,Insecta,Vanessa cardui,Painted Lady,species
270128,64017,7,Plantae,Arundo donax,giant reed,species
270128,208322,7,Plantae,Paronychia argentea,Algerian Tea,species
270128,209296,7,Plantae,Coris monspeliensis,Montpellier Coris,species
270128,509582,7,Plantae,Anacyclus valentinus,,species
270128,512372,7,Plantae,Antirrhinum barrelieri,Spanish snapdragon,species
269089,62406,30,Plantae,Goodyera pubescens,downy rattlesnake plantain,species
269089,9083,27,Aves,Cardinalis cardinalis,Northern Cardinal,species
269089,105098,25,Insecta,Magicicada septendecim,Pharaoh Cicada,species
269089,324726,25,Insecta,Lycorma delicatula,Spotted Lanternfly,species
269089,54412,23,Plantae,Polystichum acrostichoides,Christmas fern,species
269089,46017,22,Mammalia,Sciurus carolinensis,Eastern Gray Squirrel,species
269089,12942,21,Aves,Sialia sialis,Eastern Bluebird,species
269089,82576,21,Plantae,Onoclea sensibilis,sensitive fern,species
269089,12727,19,Aves,Turdus migratorius,American Robin,species
269089,50278,19,Plantae,Parthenocissus quinquefolia,Virginia creeper,species
269095,204165,10,Plantae,Osmundastrum cinnamomeum,cinnamon fern,species
269095,123900,9,Insecta,Callirhytis seminator,Wool Sower Gall Wasp,species
269095,36142,8,Reptilia,Sceloporus undulatus,Eastern Fence Lizard,species
269095,49658,8,Plantae,Liquidambar styraciflua,American sweetgum,species
269095,4956,7,Aves,Ardea herodias,Great Blue Heron,species
269095,49397,7,Plantae,Kalmia latifolia,mountain laurel,species
269095,118731,7,Plantae,Woodwardia areolata,netted chain fern,species
269095,6930,6,Aves,Anas platyrhynchos,Mallard,species
269095,39814,6,Reptilia,Terrapene carolina,Common Box Turtle,species
269095,54412,6,Plantae,Polystichum acrostichoides,Christmas fern,species
270247,62266,25,Plantae,Balsamorhiza sagittata,arrowleaf balsamroot,species
270247,77795,17,Plantae,Lithospermum ruderale,western stoneseed,species
270247,9176,14,Aves,Zonotrichia leucophrys,White-crowned Sparrow,species
270247,363448,14,Plantae,Amelanchier cusickii,Cusick's serviceberry,species
270247,48461,12,Plantae,Pinus ponderosa,Western Ponderosa Pine,species
270247,76630,12,Plantae,Delphinium nuttallianum,upland larkspur,species
270247,12727,11,Aves,Turdus migratorius,American Robin,species
270247,76912,10,Plantae,Erigeron compositus,cut-leaf fleabane,species
270247,77776,10,Plantae,Linaria dalmatica,Balkan toadflax,species
270247,145245,10,Aves,Setophaga coronata,Yellow-rumped Warbler,species
269093,49658,13,Plantae,Liquidambar styraciflua,American sweetgum,species
269093,51702,12,Insecta,Coccinella septempunctata,Seven-spotted Lady Beetle,species
269093,58732,11,Plantae,Toxicodendron radicans,eastern poison ivy,species
269093,50278,10,Plantae,Parthenocissus quinquefolia,Virginia creeper,species
269093,54834,10,Plantae,Prunus serotina,black cherry,species
269093,55745,10,Plantae,Trifolium repens,white clover,species
269093,57788,10,Mollusca,Littoraria irrorata,Marsh Periwinkle,species
269093,60742,10,Plantae,Saururus cernuus,lizard's tail,species
269093,60746,10,Plantae,Smilax rotundifolia,roundleaf greenbrier,species
269093,4840,9,Aves,Haematopus palliatus,American Oystercatcher,species
266515,48548,8,Insecta,Vanessa cardui,Painted Lady,species
266515,52586,7,Plantae,Silybum marianum,milk thistle,species
266515,52592,7,Insecta,Pararge aegeria,Speckled Wood,species
266515,3048,6,Aves,Columba palumbus,Common Wood-Pigeon,species
266515,47406,5,Plantae,Spartium junceum,Spanish Broom,species
266515,51702,5,Insecta,Coccinella septempunctata,Seven-spotted Lady Beetle,species
266515,6930,4,Aves,Anas platyrhynchos,Mallard,species
266515,68328,4,Insecta,Oxythyrea funesta,Mediterranean Spotted Chafer,species
266515,162161,4,Plantae,Ecballium elaterium,squirting cucumber,species
266515,201282,4,Aves,Gallinula chloropus,Common Moorhen,species
267392,53178,4,Plantae,Plantago lanceolata,ribwort plantain,species
267392,57056,4,Plantae,Medicago lupulina,Black Medick,species
267392,9744,3,Aves,Agelaius phoeniceus,Red-winged Blackbird,species
267392,53211,3,Plantae,Senecio vulgaris,common groundsel,species
267392,58732,3,Plantae,Toxicodendron radicans,eastern poison ivy,species
267392,7107,2,Aves,Aix sponsa,Wood Duck,species
267392,9184,2,Aves,Zonotrichia albicollis,White-throated Sparrow,species
267392,12727,2,Aves,Turdus migratorius,American Robin,species
267392,13858,2,Aves,Passer domesticus,House Sparrow,species
267392,14850,2,Aves,Sturnus vulgaris,European Starling,species
267471,6930,2,Aves,Anas platyrhynchos,Mallard,species
267471,53178,2,Plantae,Plantago lanceolata,ribwort plantain,species
267471,55851,2,Plantae,Lamium purpureum,red deadnettle,species
267471,60307,2,Plantae,Poa pratensis,Smooth Meadow-grass,species
267471,82342,2,Plantae,Lonicera maackii,Amur honeysuckle,species
267471,384496,2,Fungi,Tetracladium marchalianum,,species
267471,46017,1,Mammalia,Sciurus carolinensis,Eastern Gray Squirrel,species
267471,47687,1,Plantae,Erodium cicutarium,Redstem Stork's-bill,species
267471,48622,1,Plantae,Nepeta cataria,Catnip,species
267471,51875,1,Plantae,Trifolium pratense,Red Clover,species
267482,49397,52,Plantae,Kalmia latifolia,mountain laurel,species
267482,64093,45,Plantae,Salvia lyrata,lyreleaf sage,species
267482,53582,44,Plantae,Liriodendron tulipifera,American tuliptree,species
267482,51432,43,Plantae,Galearis spectabilis,showy orchis,species
267482,54412,40,Plantae,Polystichum acrostichoides,Christmas fern,species
267482,1455147,38,Plantae,Asarum arifolium,Little Brown Jugs,species
267482,27805,35,Amphibia,Notophthalmus viridescens,Eastern Newt,species
267482,49972,33,Insecta,Battus philenor,Pipevine Swallowtail,species
267482,126485,32,Plantae,Calycanthus floridus,Carolina sweetshrub,species
267482,49288,31,Plantae,Podophyllum peltatum,mayapple,species
267493,56061,26,Plantae,Alliaria petiolata,garlic mustard,species
267493,12727,21,Aves,Turdus migratorius,American Robin,species
267493,7089,17,Aves,Branta canadensis,Canada Goose,species
267493,49288,13,Plantae,Podophyllum peltatum,mayapple,species
267493,55757,13,Plantae,Chelidonium majus,Greater celandine,species
267493,58732,13,Plantae,Toxicodendron radicans,eastern poison ivy,species
267493,6930,11,Aves,Anas platyrhynchos,Mallard,species
267493,48961,11,Plantae,Symplocarpus foetidus,Eastern Skunk Cabbage,species
267493,52856,11,Plantae,Artemisia vulgaris,common mugwort,species
267493,55830,11,Plantae,Glechoma hederacea,ground-ivy,species
268402,7089,5,Aves,Branta canadensis,Canada Goose,species
268402,3454,3,Aves,Zenaida macroura,Mourning Dove,species
268402,6993,3,Aves,Bucephala albeola,Bufflehead,species
268402,9135,3,Aves,Spizella passerina,Chipping Sparrow,species
268402,9176,3,Aves,Zonotrichia leucophrys,White-crowned Sparrow,species
268402,58382,3,Plantae,Poa bulbosa,Bulbous Bluegrass,species
268402,59176,3,Insecta,Phyciodes mylitta,Mylitta Crescent,species
268402,69145,3,Insecta,Coenonympha california,Common Ringlet,species
268402,75415,3,Plantae,Amelanchier alnifolia,Saskatoon,species
268402,77791,3,Plantae,Lithophragma parviflorum,smallflower woodland star,species
268617,49761,7,Insecta,Anartia jatrophae,White Peacock,species
268617,357827,4,Plantae,Tilesia baccata,,species
268617,702097,4,Insecta,Metacharis lucius,,species
268617,47219,3,Insecta,Apis mellifera,Western Honey Bee,species
268617,84963,3,Plantae,Heliconia acuminata,,species
268617,123010,3,Animalia,Trigoniulus corallinus,Rusty Millipede,species
268617,164427,3,Plantae,Laportea aestuans,West Indian woodnettle,species
268617,502885,3,Mollusca,Lissachatina fulica,African Giant Snail,species
268617,4867,2,Aves,Vanellus chilensis,Southern Lapwing,species
268617,23156,2,Amphibia,Physalaemus ephippifer,Steindachner's Dwarf Frog,species
267947,81800,8,Plantae,Delphinium tricorne,dwarf larkspur,species
267947,11935,6,Aves,Tachycineta bicolor,Tree Swallow,species
267947,50278,6,Plantae,Parthenocissus quinquefolia,Virginia creeper,species
267947,56061,5,Plantae,Alliaria petiolata,garlic mustard,species
267947,125677,5,Plantae,Smilax bona-nox,saw greenbrier,species
267947,54921,4,Plantae,Packera glabella,Butterweed,species
267947,78882,4,Plantae,Rosa multiflora,multiflora rose,species
267947,82342,4,Plantae,Lonicera maackii,Amur honeysuckle,species
267947,121593,4,Plantae,Hydrophyllum appendiculatum,great waterleaf,species
267947,232960,4,Insecta,Trigrammia quadrinotaria,Four-spotted Angle,species
267863,116461,13,Reptilia,Anolis sagrei,Brown Anole,species
267863,144455,11,Aves,Ardea alba,Great Egret,species
267863,508048,10,Aves,Antigone canadensis,Sandhill Crane,species
267863,144514,9,Aves,Leucophaeus atricilla,Laughing Gull,species
267863,3751,8,Aves,Eudocimus albus,White Ibis,species
267863,4938,7,Aves,Egretta tricolor,Tricolored Heron,species
267863,6893,7,Aves,Dendrocygna autumnalis,Black-bellied Whistling-Duck,species
267863,122099,7,Plantae,Abrus precatorius,rosary pea,species
267863,1095846,7,Plantae,Bidens alba,White beggarticks,species
267863,5063,6,Aves,Anhinga anhinga,Anhinga,species
268692,1545604,26,Actinopterygii,Lepomis solis,Gulf Longear Sunfish,species
268692,9083,21,Aves,Cardinalis cardinalis,Northern Cardinal,species
268692,10271,20,Aves,Pheucticus ludovicianus,Rose-breasted Grosbeak,species
268692,36514,13,Reptilia,Anolis carolinensis,Green Anole,species
268692,49591,13,Actinopterygii,Lepomis macrochirus,Bluegill,species
268692,53582,12,Plantae,Liriodendron tulipifera,American tuliptree,species
268692,46017,11,Mammalia,Sciurus carolinensis,Eastern Gray Squirrel,species
268692,1556812,10,Actinopterygii,Nothonotus jordani,Greenbreast Darter,species
268692,12942,9,Aves,Sialia sialis,Eastern Bluebird,species
268692,18205,9,Aves,Melanerpes carolinus,Red-bellied Woodpecker,species
269091,47699,12,Plantae,Geranium maculatum,wild geranium,species
269091,49972,12,Insecta,Battus philenor,Pipevine Swallowtail,species
269091,60551,9,Insecta,Papilio glaucus,Eastern Tiger Swallowtail,species
269091,47697,7,Plantae,Hesperis matronalis,dame's rocket,species
269091,49288,6,Plantae,Podophyllum peltatum,mayapple,species
269091,49822,6,Plantae,Rhododendron periclymenoides,Pinxter Flower,species
269091,51227,6,Plantae,Pedicularis canadensis,Canadian lousewort,species
269091,58525,6,Insecta,Papilio troilus,Spicebush Swallowtail,species
269091,68034,6,Plantae,Hieracium venosum,rattlesnakeweed,species
269091,126702,6,Plantae,Stellaria pubera,star chickweed,species
268790,128769,32,Plantae,Ligustrum sinense,Chinese privet,species
268790,119146,22,Plantae,Spigelia marilandica,woodland pinkroot,species
268790,53582,20,Plantae,Liriodendron tulipifera,American tuliptree,species
268790,39782,15,Reptilia,Trachemys scripta,Pond Slider,species
268790,48484,15,Insecta,Harmonia axyridis,Asian Lady Beetle,species
268790,50278,15,Plantae,Parthenocissus quinquefolia,Virginia creeper,species
268790,58732,15,Plantae,Toxicodendron radicans,eastern poison ivy,species
268790,64093,15,Plantae,Salvia lyrata,lyreleaf sage,species
268790,48625,14,Plantae,Oenothera speciosa,Pinkladies,species
268790,51875,13,Plantae,Trifolium pratense,Red Clover,species
268776,51702,31,Insecta,Coccinella septempunctata,Seven-spotted Lady Beetle,species
268776,53227,20,Insecta,Boisea trivittata,Eastern Boxelder Bug,species
268776,48484,15,Insecta,Harmonia axyridis,Asian Lady Beetle,species
268776,49658,14,Plantae,Liquidambar styraciflua,American sweetgum,species
268776,50278,14,Plantae,Parthenocissus quinquefolia,Virginia creeper,species
268776,9083,13,Aves,Cardinalis cardinalis,Northern Cardinal,species
268776,47219,13,Insecta,Apis mellifera,Western Honey Bee,species
268776,82529,13,Plantae,Vitis rotundifolia,muscadine,species
268776,51110,12,Insecta,Xylocopa virginica,Eastern Carpenter Bee,species
268776,53582,12,Plantae,Liriodendron tulipifera,American tuliptree,species
269103,49288,9,Plantae,Podophyllum peltatum,mayapple,species
269103,54412,9,Plantae,Polystichum acrostichoides,Christmas fern,species
269103,7089,8,Aves,Branta canadensis,Canada Goose,species
269103,55830,8,Plantae,Glechoma hederacea,ground-ivy,species
269103,49868,7,Plantae,Aquilegia canadensis,red columbine,species
269103,50278,7,Plantae,Parthenocissus quinquefolia,Virginia creeper,species
269103,51435,7,Plantae,Trillium undulatum,painted trillium,species
269103,56061,7,Plantae,Alliaria petiolata,garlic mustard,species
269103,6930,6,Aves,Anas platyrhynchos,Mallard,species
269103,12727,6,Aves,Turdus migratorius,American Robin,species
268926,204531,12,Aves,Lanius collaris,Southern Fiscal,species
268926,13853,9,Aves,Passer melanurus,Cape Sparrow,species
268926,517007,9,Aves,Lamprotornis bicolor,African Pied Starling,species
268926,1428,8,Aves,Numida meleagris,Helmeted Guineafowl,species
268926,3036,8,Aves,Columba guinea,Speckled Pigeon,species
268926,1455922,7,Aves,Spilopelia senegalensis,Laughing Dove,species
268926,3704,6,Aves,Colius striatus,Speckled Mousebird,species
268926,13804,6,Aves,Ploceus velatus,Southern Masked Weaver,species
268926,2988,5,Aves,Streptopelia semitorquata,Red-eyed Dove,species
268926,8006,5,Aves,Corvus capensis,Cape Crow,species
269038,204321,8,Plantae,Ficaria verna,lesser celandine,species
269038,56061,7,Plantae,Alliaria petiolata,garlic mustard,species
269038,47602,6,Plantae,Taraxacum officinale,common dandelion,species
269038,51884,5,Plantae,Urtica dioica,great stinging nettle,species
269038,876599,5,Insecta,Osmia bicornis,Red Mason Bee,species
269038,48586,4,Mollusca,Cepaea nemoralis,Brown-lipped Snail,species
269038,55819,4,Plantae,Primula veris,Cowslip,species
269038,119791,4,Plantae,Acer pseudoplatanus,sycamore maple,species
269038,166466,4,Plantae,Pentaglottis sempervirens,Green Alkanet,species
269038,47219,3,Insecta,Apis mellifera,Western Honey Bee,species
269057,12727,13,Aves,Turdus migratorius,American Robin,species
269057,51053,13,Plantae,Dicentra cucullaria,Dutchman's breeches,species
269057,7089,12,Aves,Branta canadensis,Canada Goose,species
269057,51044,11,Plantae,Sanguinaria canadensis,bloodroot,species
269057,914922,11,Plantae,Reynoutria japonica,Japanese knotweed,species
269057,9744,10,Aves,Agelaius phoeniceus,Red-winged Blackbird,species
269057,6921,8,Aves,Cygnus olor,Mute Swan,species
269057,950603,8,Plantae,Anemonoides nemorosa,wood anemone,species
269057,6930,7,Aves,Anas platyrhynchos,Mallard,species
269057,9602,7,Aves,Quiscalus quiscula,Common Grackle,species
269121,49288,115,Plantae,Podophyllum peltatum,mayapple,species
269121,47699,109,Plantae,Geranium maculatum,wild geranium,species
269121,50310,75,Plantae,Arisaema triphyllum,Jack-in-the-Pulpit,species
269121,55402,72,Plantae,Trillium grandiflorum,large white trillium,species
269121,56061,69,Plantae,Alliaria petiolata,garlic mustard,species
269121,9744,64,Aves,Agelaius phoeniceus,Red-winged Blackbird,species
269121,54777,54,Plantae,Cornus florida,flowering dogwood,species
269121,12727,51,Aves,Turdus migratorius,American Robin,species
269121,7089,49,Aves,Branta canadensis,Canada Goose,species
269121,82576,46,Plantae,Onoclea sensibilis,sensitive fern,species
263993,77835,92,Plantae,Lonicera japonica,Japanese honeysuckle,species
263993,49658,88,Plantae,Liquidambar styraciflua,American sweetgum,species
263993,46017,85,Mammalia,Sciurus carolinensis,Eastern Gray Squirrel,species
263993,50278,78,Plantae,Parthenocissus quinquefolia,Virginia creeper,species
263993,58732,74,Plantae,Toxicodendron radicans,eastern poison ivy,species
263993,9083,68,Aves,Cardinalis cardinalis,Northern Cardinal,species
263993,12727,65,Aves,Turdus migratorius,American Robin,species
263993,53582,64,Plantae,Liriodendron tulipifera,American tuliptree,species
263993,82529,61,Plantae,Vitis rotundifolia,muscadine,species
263993,12942,57,Aves,Sialia sialis,Eastern Bluebird,species
270144,49288,14,Plantae,Podophyllum peltatum,mayapple,species
270144,6930,11,Aves,Anas platyrhynchos,Mallard,species
270144,7089,11,Aves,Branta canadensis,Canada Goose,species
270144,50310,10,Plantae,Arisaema triphyllum,Jack-in-the-Pulpit,species
270144,47699,9,Plantae,Geranium maculatum,wild geranium,species
270144,55402,8,Plantae,Trillium grandiflorum,large white trillium,species
270144,9744,7,Aves,Agelaius phoeniceus,Red-winged Blackbird,species
270144,12727,6,Aves,Turdus migratorius,American Robin,species
270144,46017,6,Mammalia,Sciurus carolinensis,Eastern Gray Squirrel,species
270144,46217,6,Mammalia,Tamias striatus,Eastern Chipmunk,species
270159,49288,28,Plantae,Podophyllum peltatum,mayapple,species
270159,59771,25,Plantae,Mertensia virginica,Virginia bluebells,species
270159,203479,21,Animalia,Trachelipus rathkii,Rathke's Woodlouse,species
270159,47726,19,Plantae,Acer negundo,box elder,species
270159,50310,19,Plantae,Arisaema triphyllum,Jack-in-the-Pulpit,species
270159,55629,19,Plantae,Erythronium albidum,white fawnlily,species
270159,126334,19,Plantae,Trillium recurvatum,prairie trillium,species
270159,56061,17,Plantae,Alliaria petiolata,garlic mustard,species
270159,12727,16,Aves,Turdus migratorius,American Robin,species
270159,51044,16,Plantae,Sanguinaria canadensis,bloodroot,species
270062,143955,8,Plantae,Hedychium coronarium,Butterfly ginger lily,species
270062,464189,8,Fungi,Herpothallon rubrocinctum,Christmas lichen,species
270062,83652,7,Insecta,Anartia amathea,Red Peacock,species
270062,545074,7,Plantae,Microgramma vacciniifolia,,species
270062,4867,6,Aves,Vanellus chilensis,Southern Lapwing,species
270062,19975,6,Aves,Athene cunicularia,Burrowing Owl,species
270062,83168,6,Plantae,Araucaria angustifolia,Paraná Araucaria,species
270062,130872,6,Plantae,Schinus terebinthifolia,Brazilian pepper,species
270062,246102,6,Plantae,Sphagneticola trilobata,Trailing Daisy,species
270062,339586,6,Aves,Ortalis squamata,Scaled Chachalaca,species
270174,27120,2,Amphibia,Eurycea bislineata,Northern Two-lined Salamander,species
270174,27805,2,Amphibia,Notophthalmus viridescens,Eastern Newt,species
270174,50855,2,Plantae,Trillium erectum,red trillium,species
270174,63166,2,Plantae,Viburnum lantanoides,hobblebush,species
270174,67775,2,Plantae,Claytonia caroliniana,Carolina Springbeauty,species
270174,27420,1,Amphibia,Desmognathus fuscus,Northern Dusky Salamander,species
270174,48240,1,Plantae,Erythronium americanum,yellow trout lily,species
270174,51053,1,Plantae,Dicentra cucullaria,Dutchman's breeches,species
270174,65982,1,Amphibia,Lithobates clamitans,Green Frog,species
270174,66012,1,Amphibia,Lithobates sylvaticus,Wood Frog,species
270180,59318,476,Plantae,Anacamptis morio,green-winged orchid,species
270180,55851,26,Plantae,Lamium purpureum,red deadnettle,species
270180,12716,25,Aves,Turdus merula,Eurasian Blackbird,species
270180,55563,21,Plantae,Bellis perennis,Lawn daisy,species
270180,55576,21,Fungi,Xanthoria parietina,Common Sunburst Lichen,species
270180,336378,20,Plantae,Senecio vernalis,Eastern Groundsel,species
270180,47602,19,Plantae,Taraxacum officinale,common dandelion,species
270180,51702,19,Insecta,Coccinella septempunctata,Seven-spotted Lady Beetle,species
270180,55757,18,Plantae,Chelidonium majus,Greater celandine,species
270180,144757,17,Aves,Corvus cornix,Hooded Crow,species
269068,97060,4,Insecta,Ceriagrion coromandelianum,Coromandel Marsh Dart,species
269068,3888,2,Aves,Tringa glareola,Wood Sandpiper,species
269068,4835,2,Aves,Himantopus himantopus,Black-winged Stilt,species
269068,4871,2,Aves,Vanellus indicus,Red-wattled Lapwing,species
269068,82001,2,Insecta,Rhyothemis variegata,Common Picture Wing,species
269068,508056,2,Aves,Antigone antigone,Sarus Crane,species
269068,2662,1,Aves,Ceryle rudis,Pied Kingfisher,species
269068,2935,1,Aves,Streptopelia tranquebarica,Red Collared-Dove,species
269068,3756,1,Aves,Plegadis falcinellus,Glossy Ibis,species
269068,3763,1,Aves,Pseudibis papillosa,Red-naped Ibis,species
263275,13695,87,Aves,Motacilla alba,White Wagtail,species
263275,144510,85,Aves,Chroicocephalus ridibundus,Black-headed Gull,species
263275,950603,85,Plantae,Anemonoides nemorosa,wood anemone,species
263275,10070,77,Aves,Fringilla coelebs,Common Chaffinch,species
263275,7046,65,Aves,Aythya fuligula,Tufted Duck,species
263275,12716,60,Aves,Turdus merula,Eurasian Blackbird,species
263275,47602,58,Plantae,Taraxacum officinale,common dandelion,species
263275,12707,56,Aves,Turdus pilaris,Fieldfare,species
263275,51741,56,Plantae,Aegopodium podagraria,Goutweed,species
263275,6930,54,Aves,Anas platyrhynchos,Mallard,species
269044,355849,95,Plantae,Protea repens,Common Sugarbush,species
269044,514327,74,Plantae,Phaenocoma prolifera,Cape everlasting,species
269044,567833,71,Plantae,Tritoniopsis lata,Pink Reedpipe,species
269044,521000,57,Plantae,Leucadendron xanthoconus,Sickleleaf Conebush,species
269044,566478,53,Plantae,Leucadendron salignum,Common Sunshine Conebush,species
269044,525264,51,Plantae,Erica plukenetii,Hangertjies,species
269044,527622,49,Plantae,Erica corifolia,Purpletip Heath,species
269044,532040,49,Plantae,Mimetes cucullatus,Common Pagoda,species
269044,568345,48,Plantae,Othonna quinquedentata,Fivetooth Babooncabbage,species
269044,404420,45,Plantae,Osteospermum moniliferum,Bietou,species
267352,204321,13,Plantae,Ficaria verna,lesser celandine,species
267352,54531,12,Plantae,Cardamine pratensis,Cuckooflower,species
267352,47602,10,Plantae,Taraxacum officinale,common dandelion,species
267352,53178,10,Plantae,Plantago lanceolata,ribwort plantain,species
267352,55759,10,Plantae,Silene dioica,red campion,species
267352,950603,10,Plantae,Anemonoides nemorosa,wood anemone,species
267352,204533,9,Aves,Larus argentatus,European Herring Gull,species
267352,12716,8,Aves,Turdus merula,Eurasian Blackbird,species
267352,43151,8,Mammalia,Oryctolagus cuniculus,European Rabbit,species
267352,56061,8,Plantae,Alliaria petiolata,garlic mustard,species
267779,83004,11,Plantae,Lavandula pedunculata,spanish lavender,species
267779,3048,8,Aves,Columba palumbus,Common Wood-Pigeon,species
267779,48548,8,Insecta,Vanessa cardui,Painted Lady,species
267779,76362,7,Plantae,Cistus ladanifer,Gum Rock-rose,species
267779,75429,6,Plantae,Anchusa azurea,Italian Bugloss,species
267779,76764,6,Plantae,Echium plantagineum,purple viper's-bugloss,species
267779,165590,6,Plantae,Muscari comosum,Tassel Hyacinth,species
267779,51147,5,Plantae,Crataegus monogyna,common hawthorn,species
267779,209660,5,Insecta,Chrysolina americana,Rosemary Beetle,species
267779,355985,5,Insecta,Heliotaurus ruficollis,,species
269082,47602,459,Plantae,Taraxacum officinale,common dandelion,species
269082,950596,370,Plantae,Anemonoides ranunculoides,Yellow Anemone,species
269082,51741,309,Plantae,Aegopodium podagraria,Goutweed,species
269082,55757,304,Plantae,Chelidonium majus,Greater celandine,species
269082,51884,297,Plantae,Urtica dioica,great stinging nettle,species
269082,55814,229,Plantae,Corydalis solida,Bird-in-a-bush,species
269082,245677,190,Plantae,Pulmonaria obscura,Suffolk Lungwort,species
269082,204321,169,Plantae,Ficaria verna,lesser celandine,species
269082,56158,152,Plantae,Ballota nigra,Black horehound,species
269082,126757,134,Plantae,Mercurialis perennis,Dog's Mercury,species
267905,12707,50,Aves,Turdus pilaris,Fieldfare,species
267905,10070,42,Aves,Fringilla coelebs,Common Chaffinch,species
267905,13695,42,Aves,Motacilla alba,White Wagtail,species
267905,47602,38,Plantae,Taraxacum officinale,common dandelion,species
267905,6930,37,Aves,Anas platyrhynchos,Mallard,species
267905,144757,37,Aves,Corvus cornix,Hooded Crow,species
267905,47726,35,Plantae,Acer negundo,box elder,species
267905,3017,34,Aves,Columba livia,Rock Pigeon,species
267905,56222,34,Plantae,Tussilago farfara,colt's-foot,species
267905,77265,30,Plantae,Geum aleppicum,Yellow Avens,species
268804,204454,2,Aves,Acridotheres tristis,Common Myna,species
268804,5406,1,Aves,Haliastur indus,Brahminy Kite,species
268804,14623,1,Aves,Pycnonotus goiavier,Yellow-vented Bulbul,species
268804,15347,1,Aves,Orthotomus sutorius,Common Tailorbird,species
268804,26592,1,Amphibia,Polypedates leucomystax,Common Southeast Asian Tree Frog,species
268804,33376,1,Reptilia,Hemidactylus platyurus,Flat-tailed House Gecko,species
268804,37004,1,Reptilia,Dasia olivacea,Olive Dasia,species
268804,114891,1,Reptilia,Varanus salvator,Common Water Monitor,species
268804,148396,1,Arachnida,Telamonia dimidiata,Two-striped Telamonia,species
268804,149271,1,Insecta,Ceriagrion chaoi,Fiery Coraltail,species
269083,49288,6,Plantae,Podophyllum peltatum,mayapple,species
269083,55830,6,Plantae,Glechoma hederacea,ground-ivy,species
269083,48502,5,Plantae,Cercis canadensis,eastern redbud,species
269083,67820,5,Plantae,Erigeron philadelphicus,Philadelphia fleabane,species
269083,81705,5,Plantae,Phlox divaricata,blue phlox,species
269083,52925,4,Insecta,Phyciodes tharos,Pearl Crescent,species
269083,56088,4,Plantae,Robinia pseudoacacia,black locust,species
269083,56137,4,Plantae,Ornithogalum umbellatum,common star-of-Bethlehem,species
269083,130900,4,Plantae,Menispermum canadense,moonseed,species
269083,243824,4,Plantae,Potentilla indica,mock strawberry,species
264125,49463,274,Plantae,Trillium ovatum,Pacific trillium,species
264125,53201,259,Plantae,Sanicula crassicaulis,Pacific Sanicle,species
264125,47751,151,Plantae,Polystichum munitum,western sword fern,species
264125,59520,125,Plantae,Erythronium oregonum,giant white fawn lily,species
264125,55851,120,Plantae,Lamium purpureum,red deadnettle,species
264125,57786,120,Plantae,Plectritis congesta,shortspur seablush,species
264125,62218,116,Plantae,Camassia leichtlinii,great camas,species
264125,48538,115,Plantae,Cytisus scoparius,Scotch Broom,species
264125,47543,108,Plantae,Rubus spectabilis,Salmonberry,species
264125,51655,104,Plantae,Tellima grandiflora,fringe cups,species
242360,56061,328,Plantae,Alliaria petiolata,garlic mustard,species
242360,12727,239,Aves,Turdus migratorius,American Robin,species
242360,52856,200,Plantae,Artemisia vulgaris,common mugwort,species
242360,144047,176,Plantae,Persicaria virginiana,American jumpseed,species
242360,58732,171,Plantae,Toxicodendron radicans,eastern poison ivy,species
242360,3017,148,Aves,Columba livia,Rock Pigeon,species
242360,78882,139,Plantae,Rosa multiflora,multiflora rose,species
242360,13858,130,Aves,Passer domesticus,House Sparrow,species
242360,55851,124,Plantae,Lamium purpureum,red deadnettle,species
242360,204321,115,Plantae,Ficaria verna,lesser celandine,species
264365,4999,1,Aves,Nyctanassa violacea,Yellow-crowned Night Heron,species
264365,18204,1,Aves,Melanerpes erythrocephalus,Red-headed Woodpecker,species
264365,26159,1,Reptilia,Alligator mississippiensis,American Alligator,species
264365,27137,1,Reptilia,Coluber constrictor,North American Racer,species
264365,41301,1,Mammalia,Tadarida brasiliensis,Mexican Free-tailed Bat,species
264365,46886,1,Mammalia,Blarina carolinensis,Southern Short-tailed Shrew,species
264365,48262,1,Insecta,Apatelodes torrefacta,Spotted Apatelodes Moth,species
264365,48625,1,Plantae,Oenothera speciosa,Pinkladies,species
264365,49658,1,Plantae,Liquidambar styraciflua,American sweetgum,species
264365,52764,1,Plantae,Prunella vulgaris,common selfheal,species
264387,61152,27,Insecta,Pyrrhosoma nymphula,Large Red Damselfly,species
264387,55563,24,Plantae,Bellis perennis,Lawn daisy,species
264387,204496,23,Aves,Corvus corone,Carrion Crow,species
264387,482,20,Aves,Fulica atra,Eurasian Coot,species
264387,47602,19,Plantae,Taraxacum officinale,common dandelion,species
264387,6930,17,Aves,Anas platyrhynchos,Mallard,species
264387,51824,14,Insecta,Calopteryx splendens,Banded Demoiselle,species
264387,55925,14,Plantae,Geranium robertianum,Herb Robert,species
264387,56061,14,Plantae,Alliaria petiolata,garlic mustard,species
264387,61508,14,Insecta,Ischnura elegans,Blue-tailed Damselfly,species
265132,54449,926,Plantae,Carnegiea gigantea,saguaro,species
265132,158267,441,Plantae,Ambrosia deltoidea,triangle-leaf bursage,species
265132,68205,405,Plantae,Larrea tridentata,Creosote Bush,species
265132,49339,288,Plantae,Encelia farinosa,Brittlebush,species
265132,49354,219,Plantae,Cylindropuntia acanthocarpa,Buckhorn Cholla,species
265132,54453,211,Plantae,Ferocactus cylindraceus,California Barrel Cactus,species
265132,129418,180,Plantae,Cylindropuntia fulgida,Chain-fruit Cholla,species
265132,49325,143,Plantae,Fouquieria splendens,ocotillo,species
265132,78256,140,Plantae,Olneya tesota,desert ironwood,species
265132,6930,135,Aves,Anas platyrhynchos,Mallard,species
266500,56137,8,Plantae,Ornithogalum umbellatum,common star-of-Bethlehem,species
266500,81705,8,Plantae,Phlox divaricata,blue phlox,species
266500,54921,7,Plantae,Packera glabella,Butterweed,species
266500,81800,6,Plantae,Delphinium tricorne,dwarf larkspur,species
266500,49662,5,Plantae,Platanus occidentalis,American sycamore,species
266500,52998,5,Plantae,Conium maculatum,poison hemlock,species
266500,67790,5,Plantae,Aesculus glabra,Ohio buckeye,species
266500,67820,5,Plantae,Erigeron philadelphicus,Philadelphia fleabane,species
266500,78882,5,Plantae,Rosa multiflora,multiflora rose,species
266500,116339,5,Plantae,Trillium sessile,toadshade,species
266708,12716,23,Aves,Turdus merula,Eurasian Blackbird,species
266708,56099,20,Plantae,Ajuga reptans,carpet bugle,species
266708,56152,20,Plantae,Allium ursinum,Ramsons,species
266708,204339,20,Plantae,Lamium galeobdolon,yellow archangel,species
266708,55830,18,Plantae,Glechoma hederacea,ground-ivy,species
266708,56061,18,Plantae,Alliaria petiolata,garlic mustard,species
266708,47219,17,Insecta,Apis mellifera,Western Honey Bee,species
266708,55727,16,Plantae,Cymbalaria muralis,Ivy-leaved toadflax,species
266708,55757,16,Plantae,Chelidonium majus,Greater celandine,species
266708,55828,16,Plantae,Lamium maculatum,Spotted deadnettle,species
264155,4981,36,Aves,Nycticorax nycticorax,Black-crowned Night Heron,species
264155,16447,29,Aves,Pyrocephalus rubinus,Vermilion Flycatcher,species
264155,3469,24,Aves,Zenaida meloda,West Peruvian Dove,species
264155,1289601,23,Aves,Nannopterum brasilianum,Neotropic Cormorant,species
264155,9864,22,Aves,Sicalis flaveola,Saffron Finch,species
264155,4325,19,Aves,Pelecanus thagus,Peruvian Pelican,species
264155,14881,19,Aves,Mimus longicaudatus,Long-tailed Mockingbird,species
264155,3786,18,Aves,Sula nebouxii,Blue-footed Booby,species
264155,3576,17,Aves,Columbina cruziana,Croaking Ground Dove,species
264155,509028,14,Aves,Dives warczewiczi,Scrub Blackbird,species
269402,51147,9,Plantae,Crataegus monogyna,common hawthorn,species
269402,56061,9,Plantae,Alliaria petiolata,garlic mustard,species
269402,51702,8,Insecta,Coccinella septempunctata,Seven-spotted Lady Beetle,species
269402,55640,8,Insecta,Celastrina argiolus,Holly Blue,species
269402,55891,6,Plantae,Geum urbanum,Wood Avens,species
269402,47602,5,Plantae,Taraxacum officinale,common dandelion,species
269402,55759,5,Plantae,Silene dioica,red campion,species
269402,56064,5,Plantae,Ranunculus acris,meadow buttercup,species
269402,57845,5,Insecta,Sialis,Holarctic Alderflies,genus
269402,163682,5,Plantae,Heracleum sphondylium,hogweed,species
269405,166466,27,Plantae,Pentaglottis sempervirens,Green Alkanet,species
269405,6930,26,Aves,Anas platyrhynchos,Mallard,species
269405,124544,25,Plantae,Anthriscus sylvestris,Cow Parsley,species
269405,56061,23,Plantae,Alliaria petiolata,garlic mustard,species
269405,7089,21,Aves,Branta canadensis,Canada Goose,species
269405,55640,21,Insecta,Celastrina argiolus,Holly Blue,species
269405,55876,19,Plantae,Lamium album,White deadnettle,species
269405,3048,18,Aves,Columba palumbus,Common Wood-Pigeon,species
269405,51147,18,Plantae,Crataegus monogyna,common hawthorn,species
269405,55759,17,Plantae,Silene dioica,red campion,species
270187,3017,49,Aves,Columba livia,Rock Pigeon,species
270187,47219,36,Insecta,Apis mellifera,Western Honey Bee,species
270187,12781,27,Aves,Turdus fuscater,Great Thrush,species
270187,9183,26,Aves,Zonotrichia capensis,Rufous-collared Sparrow,species
270187,3439,25,Aves,Zenaida auriculata,Eared Dove,species
270187,132458,23,Plantae,Thunbergia alata,Black-eyed Susan vine,species
270187,16100,20,Aves,Contopus virens,Eastern Wood-Pewee,species
270187,78451,17,Plantae,Persicaria capitata,pink knotweed,species
270187,54712,15,Plantae,Fuchsia boliviana,lady's eardrops,species
270187,6072,14,Aves,Colibri coruscans,Sparkling Violetear,species
269098,48484,26,Insecta,Harmonia axyridis,Asian Lady Beetle,species
269098,61862,26,Insecta,Cercopis vulnerata,Common Froghopper,species
269098,204339,26,Plantae,Lamium galeobdolon,yellow archangel,species
269098,85338,25,Plantae,Salvia pratensis,Meadow Sage,species
269098,56061,23,Plantae,Alliaria petiolata,garlic mustard,species
269098,56099,21,Plantae,Ajuga reptans,carpet bugle,species
269098,47219,19,Insecta,Apis mellifera,Western Honey Bee,species
269098,51610,19,Plantae,Veronica chamaedrys,Germander Speedwell,species
269098,119791,19,Plantae,Acer pseudoplatanus,sycamore maple,species
269098,53178,18,Plantae,Plantago lanceolata,ribwort plantain,species
270147,55563,39,Plantae,Bellis perennis,Lawn daisy,species
270147,55925,32,Plantae,Geranium robertianum,Herb Robert,species
270147,204321,30,Plantae,Ficaria verna,lesser celandine,species
270147,56061,27,Plantae,Alliaria petiolata,garlic mustard,species
270147,55505,26,Plantae,Allium triquetrum,Three-cornered garlic,species
270147,55759,25,Plantae,Silene dioica,red campion,species
270147,51610,24,Plantae,Veronica chamaedrys,Germander Speedwell,species
270147,51884,24,Plantae,Urtica dioica,great stinging nettle,species
270147,54531,23,Plantae,Cardamine pratensis,Cuckooflower,species
270147,56132,23,Plantae,Hyacinthoides non-scripta,bluebell,species
270275,6930,27,Aves,Anas platyrhynchos,Mallard,species
270275,10094,25,Aves,Junco hyemalis,Dark-eyed Junco,species
270275,7089,21,Aves,Branta canadensis,Canada Goose,species
270275,6990,17,Aves,Bucephala clangula,Common Goldeneye,species
270275,474210,17,Aves,Spizelloides arborea,American Tree Sparrow,species
270275,7044,16,Aves,Aythya collaris,Ring-necked Duck,species
270275,7004,15,Aves,Mergus merganser,Common Merganser,species
270275,5305,13,Aves,Haliaeetus leucocephalus,Bald Eagle,species
270275,9184,13,Aves,Zonotrichia albicollis,White-throated Sparrow,species
270275,199841,13,Aves,Haemorhous purpureus,Purple Finch,species
270253,6930,108,Aves,Anas platyrhynchos,Mallard,species
270253,54835,98,Plantae,Prunus virginiana,chokecherry,species
270253,9744,88,Aves,Agelaius phoeniceus,Red-winged Blackbird,species
270253,12727,80,Aves,Turdus migratorius,American Robin,species
270253,55544,66,Plantae,Ribes aureum,golden currant,species
270253,7089,64,Aves,Branta canadensis,Canada Goose,species
270253,46020,64,Mammalia,Sciurus niger,Eastern Fox Squirrel,species
270253,47687,55,Plantae,Erodium cicutarium,Redstem Stork's-bill,species
270253,57934,47,Plantae,Ericameria nauseosa,Rubber Rabbitbrush,species
270253,59029,47,Plantae,Verbascum thapsus,great mullein,species
270285,6930,209,Aves,Anas platyrhynchos,Mallard,species
270285,51702,136,Insecta,Coccinella septempunctata,Seven-spotted Lady Beetle,species
270285,480298,96,Mollusca,Cornu aspersum,Garden Snail,species
270285,7089,82,Aves,Branta canadensis,Canada Goose,species
270285,47687,79,Plantae,Erodium cicutarium,Redstem Stork's-bill,species
270285,46020,74,Mammalia,Sciurus niger,Eastern Fox Squirrel,species
270285,48548,64,Insecta,Vanessa cardui,Painted Lady,species
270285,62266,57,Plantae,Balsamorhiza sagittata,arrowleaf balsamroot,species
270285,12727,56,Aves,Turdus migratorius,American Robin,species
270285,166706,53,Plantae,Phlox longifolia,Longleaf Phlox,species
270269,14870,23,Aves,Acridotheres grandis,Great Myna,species
270269,14623,18,Aves,Pycnonotus goiavier,Yellow-vented Bulbul,species
270269,3607,17,Aves,Geopelia striata,Zebra Dove,species
270269,4775,15,Aves,Anastomus oscitans,Asian Openbill,species
270269,62148,15,Aves,Chlidonias hybrida,Whiskered Tern,species
270269,96494,15,Reptilia,Calotes irawadi,Indochinese Garden Lizard,species
270269,13851,14,Aves,Passer montanus,Eurasian Tree Sparrow,species
270269,1585373,14,Aves,Ardea coromanda,Eastern Cattle-Egret,species
270269,107002,12,Insecta,Neurothemis fluctuans,Common Parasol,species
270269,33376,11,Reptilia,Hemidactylus platyurus,Flat-tailed House Gecko,species
270223,50203,6,Plantae,Bidens pilosa,Hairy Beggarticks,species
270223,68562,6,Plantae,Cosmos bipinnatus,garden cosmos,species
270223,487,5,Aves,Fulica cristata,Red-knobbed Coot,species
270223,52344,5,Plantae,Ipomoea purpurea,common morning-glory,species
270223,53168,5,Plantae,Oxalis corniculata,Creeping Woodsorrel,species
270223,1455922,5,Aves,Spilopelia senegalensis,Laughing Dove,species
270223,1428,4,Aves,Numida meleagris,Helmeted Guineafowl,species
270223,3017,4,Aves,Columba livia,Rock Pigeon,species
270223,3743,4,Aves,Bostrychia hagedash,Hadada Ibis,species
270223,55745,4,Plantae,Trifolium repens,white clover,species
270590,50855,44,Plantae,Trillium erectum,red trillium,species
270590,63166,37,Plantae,Viburnum lantanoides,hobblebush,species
270590,67748,33,Plantae,Maianthemum canadense,Canada mayflower,species
270590,62376,28,Plantae,Gaultheria procumbens,Eastern Teaberry,species
270590,83799,28,Plantae,Mitchella repens,partridgeberry,species
270590,26790,25,Amphibia,Ambystoma maculatum,Spotted Salamander,species
270590,48734,24,Plantae,Tsuga canadensis,eastern hemlock,species
270590,83075,24,Plantae,Epigaea repens,trailing arbutus,species
270590,48240,23,Plantae,Erythronium americanum,yellow trout lily,species
270590,132767,23,Plantae,Chamaedaphne calyculata,leatherleaf,species
270324,881504,173,Plantae,Pulsatilla nuttalliana,prairie pasqueflower,species
270324,6930,138,Aves,Anas platyrhynchos,Mallard,species
270324,144515,124,Aves,Leucophaeus pipixcan,Franklin's Gull,species
270324,78548,85,Plantae,Phlox hoodii,spiny phlox,species
270324,7089,77,Aves,Branta canadensis,Canada Goose,species
270324,180002,74,Mammalia,Urocitellus richardsonii,Richardson's Ground Squirrel,species
270324,12727,71,Aves,Turdus migratorius,American Robin,species
270324,6990,70,Aves,Bucephala clangula,Common Goldeneye,species
270324,68049,62,Plantae,Arctostaphylos uva-ursi,bearberry,species
270324,473,61,Aves,Fulica americana,American Coot,species
270317,62877,4,Plantae,Hibiscus schizopetalus,Spider Hibiscus,species
270317,525575,4,Plantae,Tillandsia stricta,upright airplant,species
270317,1453469,4,Plantae,Eulophia maculata,Monk Orchid,species
270317,67706,3,Arachnida,Argiope argentata,Silver Garden Orbweaver,species
270317,109964,3,Reptilia,Polychrus marmoratus,Common Monkey Lizard,species
270317,130872,3,Plantae,Schinus terebinthifolia,Brazilian pepper,species
270317,4580,2,Aves,Jacana jacana,Wattled Jacana,species
270317,7182,2,Aves,Amazonetta brasiliensis,Brazilian Teal,species
270317,38961,2,Reptilia,Tropidurus torquatus,Amazon Lava Lizard,species
270317,62811,2,Plantae,Carica papaya,Papaya,species
264640,870919,105,Plantae,Vachellia tortuosa,twisted acacia,species
264640,441413,92,Plantae,Opuntia caracassana,,species
264640,319135,89,Plantae,Azadirachta indica,Neem,species
264640,281804,80,Plantae,Stenocereus griseus,,species
264640,291609,73,Plantae,Quadrella odoratissima,,species
264640,120917,71,Plantae,Calotropis procera,giant milkweed,species
264640,193075,70,Plantae,Guaiacum officinale,roughbark lignum-vitae,species
264640,320319,64,Plantae,Cereus repandus,Venezuelan apple cactus,species
264640,48380,63,Plantae,Antigonon leptopus,Coral Vine,species
264640,1065360,63,Plantae,Libidibia coriaria,,species
264656,48484,80,Insecta,Harmonia axyridis,Asian Lady Beetle,species
264656,55757,69,Plantae,Chelidonium majus,Greater celandine,species
264656,3017,66,Aves,Columba livia,Rock Pigeon,species
264656,480298,61,Mollusca,Cornu aspersum,Garden Snail,species
264656,6930,58,Aves,Anas platyrhynchos,Mallard,species
264656,204496,58,Aves,Corvus corone,Carrion Crow,species
264656,51702,55,Insecta,Coccinella septempunctata,Seven-spotted Lady Beetle,species
264656,55563,53,Plantae,Bellis perennis,Lawn daisy,species
264656,47219,52,Insecta,Apis mellifera,Western Honey Bee,species
264656,7089,50,Aves,Branta canadensis,Canada Goose,species
264278,51884,73,Plantae,Urtica dioica,great stinging nettle,species
264278,204321,73,Plantae,Ficaria verna,lesser celandine,species
264278,55576,72,Fungi,Xanthoria parietina,Common Sunburst Lichen,species
264278,56061,72,Plantae,Alliaria petiolata,garlic mustard,species
264278,55757,70,Plantae,Chelidonium majus,Greater celandine,species
264278,55830,61,Plantae,Glechoma hederacea,ground-ivy,species
264278,56083,58,Animalia,Armadillidium vulgare,Common Pill Woodlouse,species
264278,143793,58,Plantae,Prunus padus,bird cherry,species
264278,55563,57,Plantae,Bellis perennis,Lawn daisy,species
264278,47726,56,Plantae,Acer negundo,box elder,species
269087,116461,78,Reptilia,Anolis sagrei,Brown Anole,species
269087,73669,66,Reptilia,Aspidoscelis gularis,Common Spotted Whiptail,species
269087,69940,63,Insecta,Hemiargus ceraunus,Ceraunus Blue,species
269087,79137,59,Plantae,Solanum elaeagnifolium,silverleaf nightshade,species
269087,6893,55,Aves,Dendrocygna autumnalis,Black-bellied Whistling-Duck,species
269087,160873,55,Plantae,Cordia boissieri,Anacahuita,species
269087,9607,50,Aves,Quiscalus mexicanus,Great-tailed Grackle,species
269087,1493134,47,Plantae,Neltuma glandulosa,honey mesquite,species
269087,118914,46,Insecta,Echinargus isola,Reakirt's Blue,species
269087,162209,45,Plantae,Ehretia anacua,Anacua,species
264010,6930,163,Aves,Anas platyrhynchos,Mallard,species
264010,7089,94,Aves,Branta canadensis,Canada Goose,species
264010,17013,86,Aves,Sayornis nigricans,Black Phoebe,species
264010,49972,75,Insecta,Battus philenor,Pipevine Swallowtail,species
264010,46020,68,Mammalia,Sciurus niger,Eastern Fox Squirrel,species
264010,506118,66,Aves,Aphelocoma californica,California Scrub-Jay,species
264010,9744,64,Aves,Agelaius phoeniceus,Red-winged Blackbird,species
264010,144455,58,Aves,Ardea alba,Great Egret,species
264010,57078,57,Plantae,Trifolium hirtum,Rose Clover,species
264010,3454,52,Aves,Zenaida macroura,Mourning Dove,species
263907,204321,78,Plantae,Ficaria verna,lesser celandine,species
263907,55830,66,Plantae,Glechoma hederacea,ground-ivy,species
263907,204339,66,Plantae,Lamium galeobdolon,yellow archangel,species
263907,56061,64,Plantae,Alliaria petiolata,garlic mustard,species
263907,950603,62,Plantae,Anemonoides nemorosa,wood anemone,species
263907,1024536,54,Plantae,Rabelera holostea,greater stitchwort,species
263907,55851,50,Plantae,Lamium purpureum,red deadnettle,species
263907,6930,41,Aves,Anas platyrhynchos,Mallard,species
263907,55563,40,Plantae,Bellis perennis,Lawn daisy,species
263907,3048,36,Aves,Columba palumbus,Common Wood-Pigeon,species
264100,84722,20,Insecta,Ischnura verticalis,Eastern Forktail,species
264100,56061,16,Plantae,Alliaria petiolata,garlic mustard,species
264100,6930,15,Aves,Anas platyrhynchos,Mallard,species
264100,43111,15,Mammalia,Sylvilagus floridanus,Eastern Cottontail,species
264100,46017,12,Mammalia,Sciurus carolinensis,Eastern Gray Squirrel,species
264100,47697,12,Plantae,Hesperis matronalis,dame's rocket,species
264100,1081329,12,Insecta,Lon zabulon,Zabulon Skipper,species
264100,7089,11,Aves,Branta canadensis,Canada Goose,species
264100,42223,11,Mammalia,Odocoileus virginianus,White-tailed Deer,species
264100,49288,10,Plantae,Podophyllum peltatum,mayapple,species
179569,12716,25,Aves,Turdus merula,Eurasian Blackbird,species
179569,51875,21,Plantae,Trifolium pratense,Red Clover,species
179569,55757,21,Plantae,Chelidonium majus,Greater celandine,species
179569,10070,20,Aves,Fringilla coelebs,Common Chaffinch,species
179569,204339,20,Plantae,Lamium galeobdolon,yellow archangel,species
179569,51884,18,Plantae,Urtica dioica,great stinging nettle,species
179569,55876,18,Plantae,Lamium album,White deadnettle,species
179569,117016,18,Aves,Phylloscopus collybita,Common Chiffchaff,species
179569,203153,18,Aves,Parus major,Great Tit,species
179569,6930,17,Aves,Anas platyrhynchos,Mallard,species
266453,51702,132,Insecta,Coccinella septempunctata,Seven-spotted Lady Beetle,species
266453,56061,98,Plantae,Alliaria petiolata,garlic mustard,species
266453,55563,76,Plantae,Bellis perennis,Lawn daisy,species
266453,124544,75,Plantae,Anthriscus sylvestris,Cow Parsley,species
266453,6930,68,Aves,Anas platyrhynchos,Mallard,species
266453,204321,68,Plantae,Ficaria verna,lesser celandine,species
266453,55876,65,Plantae,Lamium album,White deadnettle,species
266453,55759,64,Plantae,Silene dioica,red campion,species
266453,55819,63,Plantae,Primula veris,Cowslip,species
266453,1024536,63,Plantae,Rabelera holostea,greater stitchwort,species
264388,204775,3,Insecta,Kricogonia lyside,Lyside Sulphur,species
264388,3751,2,Aves,Eudocimus albus,White Ibis,species
264388,4328,2,Aves,Pelecanus occidentalis,Brown Pelican,species
264388,4956,2,Aves,Ardea herodias,Great Blue Heron,species
264388,6141,2,Aves,Cynanthus latirostris,Broad-billed Hummingbird,species
264388,14912,2,Aves,Toxostoma curvirostre,Curve-billed Thrasher,species
264388,49540,2,Arachnida,Gasteracantha cancriformis,Spinybacked Orbweaver,species
264388,51743,2,Insecta,Danaus gilippus,Queen,species
264388,60439,2,Plantae,Caesalpinia pulcherrima,peacock flower,species
264388,62894,2,Plantae,Vallesia glabra,Pearlberry,species
264280,502780,73,Plantae,Vachellia karroo,Sweet Thorn,species
264280,124412,55,Plantae,Aloe ferox,Cape Aloe,species
264280,404420,49,Plantae,Osteospermum moniliferum,Bietou,species
264280,50333,44,Plantae,Lantana camara,common lantana,species
264280,326086,32,Plantae,Portulacaria afra,Elephant bush,species
264280,77987,31,Plantae,Melinis repens,Natal Grass,species
264280,143538,29,Plantae,Cussonia spicata,Cabbage tree,species
264280,133287,23,Plantae,Solanum mauritianum,bugweed,species
264280,75250,21,Plantae,Acacia mearnsii,black wattle,species
264280,431512,21,Plantae,Ptaeroxylon obliquum,Sneezewood,species
264997,55009,46,Plantae,Rhus integrifolia,lemonade berry,species
264997,56649,31,Mollusca,Haliotis cracherodii,Black Abalone,species
264997,48035,23,Animalia,Strongylocentrotus purpuratus,Pacific Purple Sea Urchin,species
264997,161946,23,Plantae,Diplacus parviflorus,island bush monkeyflower,species
264997,1196784,22,Plantae,Dipterostemon capitatus,blue dicks,species
264997,36094,20,Reptilia,Uta stansburiana,Common Side-blotched Lizard,species
264997,51315,19,Plantae,Calochortus albus,White Globe Lily,species
264997,62221,18,Plantae,Silene laciniata,cardinal catchfly,species
264997,366894,18,Arachnida,Steatoda nobilis,Noble False Widow,species
264997,53395,17,Plantae,Eriophyllum confertiflorum,Golden Yarrow,species
264819,56061,29,Plantae,Alliaria petiolata,garlic mustard,species
264819,27186,24,Amphibia,Plethodon cinereus,Eastern Red-backed Salamander,species
264819,67748,20,Plantae,Maianthemum canadense,Canada mayflower,species
264819,56126,15,Plantae,Barbarea vulgaris,bitter wintercress,species
264819,79484,15,Plantae,Veratrum viride,green false hellebore,species
264819,211100,15,Insecta,Malacosoma americana,Eastern Tent Caterpillar Moth,species
264819,47697,14,Plantae,Hesperis matronalis,dame's rocket,species
264819,52856,14,Plantae,Artemisia vulgaris,common mugwort,species
264819,55851,14,Plantae,Lamium purpureum,red deadnettle,species
264819,55830,13,Plantae,Glechoma hederacea,ground-ivy,species
264949,48240,46,Plantae,Erythronium americanum,yellow trout lily,species
264949,51044,23,Plantae,Sanguinaria canadensis,bloodroot,species
264949,12727,18,Aves,Turdus migratorius,American Robin,species
264949,46017,15,Mammalia,Sciurus carolinensis,Eastern Gray Squirrel,species
264949,56222,13,Plantae,Tussilago farfara,colt's-foot,species
264949,9100,12,Aves,Melospiza melodia,Song Sparrow,species
264949,9744,12,Aves,Agelaius phoeniceus,Red-winged Blackbird,species
264949,144815,12,Aves,Poecile atricapillus,Black-capped Chickadee,species
264949,3454,11,Aves,Zenaida macroura,Mourning Dove,species
264949,55402,11,Plantae,Trillium grandiflorum,large white trillium,species
251022,57824,61,Plantae,Sambucus racemosa,red-berried elder,species
251022,6930,56,Aves,Anas platyrhynchos,Mallard,species
251022,55851,49,Plantae,Lamium purpureum,red deadnettle,species
251022,8021,39,Aves,Corvus brachyrhynchos,American Crow,species
251022,9744,38,Aves,Agelaius phoeniceus,Red-winged Blackbird,species
251022,47543,37,Plantae,Rubus spectabilis,Salmonberry,species
251022,62493,33,Plantae,Spiraea douglasii,Rose Spirea,species
251022,47602,31,Plantae,Taraxacum officinale,common dandelion,species
251022,48538,31,Plantae,Cytisus scoparius,Scotch Broom,species
251022,6937,28,Aves,Anas crecca,Green-winged Teal,species
265090,47219,36,Insecta,Apis mellifera,Western Honey Bee,species
265090,3439,32,Aves,Zenaida auriculata,Eared Dove,species
265090,144645,23,Aves,Momotus aequatorialis,Andean Motmot,species
265090,132773,22,Plantae,Elleanthus aurantiacus,Orange Elleanthus,species
265090,16787,21,Aves,Tyrannus melancholicus,Tropical Kingbird,species
265090,980029,20,Aves,Turdus ignobilis,Black-billed Thrush,species
265090,9864,19,Aves,Sicalis flaveola,Saffron Finch,species
265090,70997,19,Insecta,Pelecinus polyturator,American Pelecinid Wasp,species
265090,119632,19,Insecta,Paramastax duquei,,species
265090,107936,17,Aves,Ortalis columbiana,Colombian Chachalaca,species
265128,14886,8,Aves,Mimus polyglottos,Northern Mockingbird,species
265128,26159,8,Reptilia,Alligator mississippiensis,American Alligator,species
265128,36514,8,Reptilia,Anolis carolinensis,Green Anole,species
265128,9083,6,Aves,Cardinalis cardinalis,Northern Cardinal,species
265128,50278,6,Plantae,Parthenocissus quinquefolia,Virginia creeper,species
265128,5063,5,Aves,Anhinga anhinga,Anhinga,species
265128,6930,5,Aves,Anas platyrhynchos,Mallard,species
265128,46017,5,Mammalia,Sciurus carolinensis,Eastern Gray Squirrel,species
265128,46020,5,Mammalia,Sciurus niger,Eastern Fox Squirrel,species
265128,4937,4,Aves,Egretta caerulea,Little Blue Heron,species
266322,2038,7,Aves,Alectura lathami,Australian Brushturkey,species
266322,42888,7,Mammalia,Macropus giganteus,Eastern Grey Kangaroo,species
266322,3740,6,Aves,Threskiornis molucca,Australian Ibis,species
266322,8493,6,Aves,Cracticus nigrogularis,Pied Butcherbird,species
266322,12231,6,Aves,Manorina melanocephala,Noisy Miner,species
266322,40905,6,Mammalia,Pteropus poliocephalus,Grey-headed Flying-fox,species
266322,122311,6,Plantae,Platycerium superbum,Stag Horn Fern,species
266322,144455,6,Aves,Ardea alba,Great Egret,species
266322,418530,6,Aves,Porphyrio melanotus,Australasian Swamphen,species
266322,165027,5,Plantae,Macaranga tanarius,Elephant's Ear,species
270358,54449,68,Plantae,Carnegiea gigantea,saguaro,species
270358,59152,47,Insecta,Leptotes marina,Marine Blue,species
270358,1673443,39,Reptilia,Sceloporus magister,Desert Spiny Lizard,species
270358,18161,33,Aves,Melanerpes uropygialis,Gila Woodpecker,species
270358,50931,33,Insecta,Strymon melinus,Gray Hairstreak,species
270358,129418,33,Plantae,Cylindropuntia fulgida,Chain-fruit Cholla,species
270358,132339,33,Insecta,Anthanassa texana,Texan Crescent,species
270358,3454,32,Aves,Zenaida macroura,Mourning Dove,species
270358,1406,30,Aves,Callipepla gambelii,Gambel's Quail,species
270358,68205,30,Plantae,Larrea tridentata,Creosote Bush,species
264008,47543,344,Plantae,Rubus spectabilis,Salmonberry,species
264008,57824,292,Plantae,Sambucus racemosa,red-berried elder,species
264008,47751,282,Plantae,Polystichum munitum,western sword fern,species
264008,48537,243,Plantae,Lysichiton americanus,western skunk cabbage,species
264008,48441,229,Plantae,Gaultheria shallon,salal,species
264008,51048,229,Plantae,Dicentra formosa,Pacific Bleeding Heart,species
264008,52669,206,Plantae,Athyrium filix-femina,lady fern,species
264008,6930,192,Aves,Anas platyrhynchos,Mallard,species
264008,7089,165,Aves,Branta canadensis,Canada Goose,species
264008,49463,159,Plantae,Trillium ovatum,Pacific trillium,species
265202,55576,309,Fungi,Xanthoria parietina,Common Sunburst Lichen,species
265202,632126,243,Fungi,Protoparmeliopsis muralis,Stonewall Rim Lichen,species
265202,54734,215,Fungi,Parmelia sulcata,Netted shield lichen,species
265202,60718,205,Fungi,Phaeophyscia orbicularis,Mealy Shadow Lichen,species
265202,55851,183,Plantae,Lamium purpureum,red deadnettle,species
265202,56061,153,Plantae,Alliaria petiolata,garlic mustard,species
265202,124439,134,Fungi,Physcia adscendens,Hooded Rosette Lichen,species
265202,55757,132,Plantae,Chelidonium majus,Greater celandine,species
265202,204321,129,Plantae,Ficaria verna,lesser celandine,species
265202,51884,117,Plantae,Urtica dioica,great stinging nettle,species
265435,48548,7,Insecta,Vanessa cardui,Painted Lady,species
265435,165590,6,Plantae,Muscari comosum,Tassel Hyacinth,species
265435,450557,5,Plantae,Thapsia villosa,villous deadly carrot,species
265435,35519,4,Reptilia,Psammodromus algirus,Large Psammodromus,species
265435,68328,4,Insecta,Oxythyrea funesta,Mediterranean Spotted Chafer,species
265435,131030,4,Insecta,Camponotus cruentatus,Blood-spotted Sugar Ant,species
265435,2191,3,Aves,Merops apiaster,European Bee-eater,species
265435,5173,3,Aves,Circus aeruginosus,Western Marsh Harrier,species
265435,54404,3,Plantae,Papaver rhoeas,common poppy,species
265435,56162,3,Plantae,Malva sylvestris,Common Mallow,species
265029,56061,259,Plantae,Alliaria petiolata,garlic mustard,species
265029,12727,242,Aves,Turdus migratorius,American Robin,species
265029,48961,187,Plantae,Symplocarpus foetidus,Eastern Skunk Cabbage,species
265029,67748,173,Plantae,Maianthemum canadense,Canada mayflower,species
265029,7089,144,Aves,Branta canadensis,Canada Goose,species
265029,52391,135,Plantae,Pinus strobus,eastern white pine,species
265029,9744,134,Aves,Agelaius phoeniceus,Red-winged Blackbird,species
265029,204321,126,Plantae,Ficaria verna,lesser celandine,species
265029,914922,123,Plantae,Reynoutria japonica,Japanese knotweed,species
265029,6930,113,Aves,Anas platyrhynchos,Mallard,species
265003,1633756,117,Amphibia,Mesotriton alpestris,Alpine Newt,species
265003,12716,60,Aves,Turdus merula,Eurasian Blackbird,species
265003,27726,33,Amphibia,Salamandra salamandra,Fire Salamander,species
265003,55990,32,Reptilia,Podarcis muralis,Common Wall Lizard,species
265003,3048,27,Aves,Columba palumbus,Common Wood-Pigeon,species
265003,55563,27,Plantae,Bellis perennis,Lawn daisy,species
265003,56061,24,Plantae,Alliaria petiolata,garlic mustard,species
265003,6930,23,Aves,Anas platyrhynchos,Mallard,species
265003,72486,23,Aves,Alopochen aegyptiaca,Egyptian Goose,species
265003,35912,22,Reptilia,Lacerta agilis,Sand Lizard,species
265533,11901,24,Aves,Hirundo rustica,Barn Swallow,species
265533,517119,22,Amphibia,Rhinella horribilis,Giant Toad,species
265533,73766,16,Reptilia,Drymarchon melanurus,Central American Indigo Snake,species
265533,2082,14,Aves,Ortalis wagleri,Rufous-bellied Chachalaca,species
265533,3460,14,Aves,Zenaida asiatica,White-winged Dove,species
265533,35306,10,Reptilia,Ctenosaura pectinata,Western Spiny-tailed Iguana,species
265533,144455,10,Aves,Ardea alba,Great Egret,species
265533,24277,9,Amphibia,Smilisca baudinii,Mexican Treefrog,species
265533,4328,8,Aves,Pelecanus occidentalis,Brown Pelican,species
265533,5063,8,Aves,Anhinga anhinga,Anhinga,species
265675,36204,52,Reptilia,Sceloporus occidentalis,Western Fence Lizard,species
265675,75947,46,Plantae,Calochortus weedii,Weed's Mariposa Lily,species
265675,7089,44,Aves,Branta canadensis,Canada Goose,species
265675,47219,43,Insecta,Apis mellifera,Western Honey Bee,species
265675,6930,39,Aves,Anas platyrhynchos,Mallard,species
265675,202861,35,Mollusca,Otala lactea,Milk Snail,species
265675,54999,34,Plantae,Eriogonum fasciculatum,California Buckwheat,species
265675,58137,33,Plantae,Dudleya lanceolata,lanceleaf liveforever,species
265675,1520980,33,Mollusca,Ceratodoris rosacea,Hopkins' Rose Nudibranch,species
265675,4956,30,Aves,Ardea herodias,Great Blue Heron,species
266292,199840,69,Aves,Haemorhous mexicanus,House Finch,species
266292,480298,55,Mollusca,Cornu aspersum,Garden Snail,species
266292,979753,44,Aves,Leiothlypis ruficapilla,Nashville Warbler,species
266292,3544,43,Aves,Columbina inca,Inca Dove,species
266292,4836,40,Aves,Himantopus mexicanus,Black-necked Stilt,species
266292,16447,39,Aves,Pyrocephalus rubinus,Vermilion Flycatcher,species
266292,13858,38,Aves,Passer domesticus,House Sparrow,species
266292,79173,36,Plantae,Sphaeralcea angustifolia,narrowleaf globemallow,species
266292,144497,36,Aves,Phalaropus tricolor,Wilson's Phalarope,species
266292,3873,35,Aves,Limnodromus scolopaceus,Long-billed Dowitcher,species
269406,13094,9,Aves,Erithacus rubecula,European Robin,species
269406,52592,9,Insecta,Pararge aegeria,Speckled Wood,species
269406,54531,9,Plantae,Cardamine pratensis,Cuckooflower,species
269406,55876,9,Plantae,Lamium album,White deadnettle,species
269406,51147,8,Plantae,Crataegus monogyna,common hawthorn,species
269406,204321,8,Plantae,Ficaria verna,lesser celandine,species
269406,324921,8,Insecta,Agrotis puta,Shuttle-shaped Dart,species
269406,6930,7,Aves,Anas platyrhynchos,Mallard,species
269406,51702,7,Insecta,Coccinella septempunctata,Seven-spotted Lady Beetle,species
269406,53324,7,Plantae,Vicia sativa,Common Vetch,species
265929,51702,79,Insecta,Coccinella septempunctata,Seven-spotted Lady Beetle,species
265929,7018,42,Aves,Anser anser,Greylag Goose,species
265929,12716,37,Aves,Turdus merula,Eurasian Blackbird,species
265929,6930,36,Aves,Anas platyrhynchos,Mallard,species
265929,13094,33,Aves,Erithacus rubecula,European Robin,species
265929,3048,32,Aves,Columba palumbus,Common Wood-Pigeon,species
265929,55851,32,Plantae,Lamium purpureum,red deadnettle,species
265929,124544,32,Plantae,Anthriscus sylvestris,Cow Parsley,species
265929,482,31,Aves,Fulica atra,Eurasian Coot,species
265929,204496,31,Aves,Corvus corone,Carrion Crow,species
265537,83799,40,Plantae,Mitchella repens,partridgeberry,species
265537,9083,35,Aves,Cardinalis cardinalis,Northern Cardinal,species
265537,49658,33,Plantae,Liquidambar styraciflua,American sweetgum,species
265537,69714,29,Plantae,Rubus trivialis,southern dewberry,species
265537,46017,28,Mammalia,Sciurus carolinensis,Eastern Gray Squirrel,species
265537,58732,28,Plantae,Toxicodendron radicans,eastern poison ivy,species
265537,48599,26,Plantae,Phytolacca americana,American pokeweed,species
265537,50278,26,Plantae,Parthenocissus quinquefolia,Virginia creeper,species
265537,82529,26,Plantae,Vitis rotundifolia,muscadine,species
265537,118731,25,Plantae,Woodwardia areolata,netted chain fern,species
266183,3017,15,Aves,Columba livia,Rock Pigeon,species
266183,8031,11,Aves,Corvus splendens,House Crow,species
266183,43459,9,Mammalia,Macaca fascicularis,Long-tailed Macaque,species
266183,13851,8,Aves,Passer montanus,Eurasian Tree Sparrow,species
266183,4775,5,Aves,Anastomus oscitans,Asian Openbill,species
266183,145095,5,Aves,Acridotheres javanicus,Javan Myna,species
266183,180386,5,Insecta,Acraea terpsicore,Tawny Coster,species
266183,204491,5,Aves,Copsychus saularis,Oriental Magpie-Robin,species
266183,3607,4,Aves,Geopelia striata,Zebra Dove,species
266183,69172,4,Plantae,Pilea microphylla,Artillery Plant,species
265027,82276,20,Plantae,Echinocereus triglochidiatus,Kingcup Cactus,species
265027,76630,16,Plantae,Delphinium nuttallianum,upland larkspur,species
265027,47687,15,Plantae,Erodium cicutarium,Redstem Stork's-bill,species
265027,76235,14,Plantae,Chaetopappa ericoides,Rose Heath,species
265027,77600,13,Plantae,Juniperus osteosperma,Utah Juniper,species
265027,78326,13,Plantae,Packera multilobata,Lobeleaf Groundsel,species
265027,126671,13,Plantae,Sphaeralcea coccinea,Scarlet Globemallow,species
265027,133104,13,Plantae,Berberis repens,creeping mahonia,species
265027,166706,13,Plantae,Phlox longifolia,Longleaf Phlox,species
265027,57891,12,Plantae,Ephedra viridis,Green Ephedra,species
247454,50191,227,Plantae,Cordyline australis,New Zealand cabbage tree,species
247454,366661,222,Plantae,Coprosma robusta,Karamū,species
247454,197063,184,Plantae,Melicytus ramiflorus,Māhoe,species
247454,366725,168,Plantae,Muehlenbeckia australis,Pōhuehue,species
247454,60981,158,Plantae,Senecio glomeratus,Cutleaf burnweed,species
247454,78591,142,Plantae,Pittosporum tenuifolium,Kōhūhū,species
247454,122711,142,Plantae,Dodonaea viscosa,Akeake,species
247454,51751,120,Plantae,Ulex europaeus,gorse,species
247454,336677,119,Plantae,Solanum chenopodioides,tall nightshade,species
247454,126181,118,Plantae,Pseudopanax arboreus,five finger,species
265646,78854,13,Plantae,Ribes cereum,wax currant,species
265646,67804,10,Plantae,Purshia tridentata,Antelope Bitterbrush,species
265646,42220,9,Mammalia,Odocoileus hemionus,Mule Deer,species
265646,49647,9,Plantae,Leucocrinum montanum,common starlily,species
265646,4756,8,Aves,Cathartes aura,Turkey Vulture,species
265646,36204,7,Reptilia,Sceloporus occidentalis,Western Fence Lizard,species
265646,48548,7,Insecta,Vanessa cardui,Painted Lady,species
265646,68088,7,Plantae,Juniperus occidentalis,western juniper,species
265646,144816,7,Aves,Poecile gambeli,Mountain Chickadee,species
265646,6930,6,Aves,Anas platyrhynchos,Mallard,species
266452,55757,11,Plantae,Chelidonium majus,Greater celandine,species
266452,51875,9,Plantae,Trifolium pratense,Red Clover,species
266452,55727,9,Plantae,Cymbalaria muralis,Ivy-leaved toadflax,species
266452,55990,9,Reptilia,Podarcis muralis,Common Wall Lizard,species
266452,55925,8,Plantae,Geranium robertianum,Herb Robert,species
266452,740984,8,Plantae,Silene flos-cuculi,ragged-robin,species
266452,765394,8,Plantae,Sambucus nigra,European black elderberry,species
266452,75609,7,Plantae,Asplenium trichomanes,maidenhair spleenwort,species
266452,79025,7,Plantae,Sedum album,white stonecrop,species
266452,3017,6,Aves,Columba livia,Rock Pigeon,species
270566,12727,51,Aves,Turdus migratorius,American Robin,species
270566,145245,42,Aves,Setophaga coronata,Yellow-rumped Warbler,species
270566,10094,36,Aves,Junco hyemalis,Dark-eyed Junco,species
270566,8021,25,Aves,Corvus brachyrhynchos,American Crow,species
270566,144815,25,Aves,Poecile atricapillus,Black-capped Chickadee,species
270566,7089,22,Aves,Branta canadensis,Canada Goose,species
270566,6930,18,Aves,Anas platyrhynchos,Mallard,species
270566,9156,16,Aves,Passerella iliaca,Fox Sparrow,species
270566,9744,15,Aves,Agelaius phoeniceus,Red-winged Blackbird,species
270566,4334,13,Aves,Pelecanus erythrorhynchos,American White Pelican,species
270576,319695,1,Insecta,Epilachna mexicana,,species
270576,550162,1,Insecta,Hampsonodes mastoides,,species
270576,1122889,1,Plantae,Tropaeolum hirtifolium,,species
270576,1193241,1,Insecta,Melinodes saeta,,species
270343,4943,4,Aves,Egretta garzetta,Little Egret,species
270343,7067,2,Aves,Tadorna tadorna,Common Shelduck,species
270343,52586,2,Plantae,Silybum marianum,milk thistle,species
270343,73222,2,Aves,Phoenicopterus roseus,Greater Flamingo,species
270343,326888,2,Insecta,Calocoris nemoralis,,species
270343,2969,1,Aves,Streptopelia decaocto,Eurasian Collared-Dove,species
270343,8088,1,Aves,Garrulus glandarius,Eurasian Jay,species
270343,51286,1,Plantae,Bellardia trixago,Mediterranean lineseed,species
270343,472766,1,Aves,Falco tinnunculus,Eurasian Kestrel,species
270343,791928,1,Plantae,Lysimachia arvensis,scarlet pimpernel,species
270242,26159,103,Reptilia,Alligator mississippiensis,American Alligator,species
270242,49569,54,Plantae,Tillandsia usneoides,Spanish moss,species
270242,9083,51,Aves,Cardinalis cardinalis,Northern Cardinal,species
270242,46017,44,Mammalia,Sciurus carolinensis,Eastern Gray Squirrel,species
270242,9744,43,Aves,Agelaius phoeniceus,Red-winged Blackbird,species
270242,128717,43,Plantae,Erythrina herbacea,Eastern Coral Bean,species
270242,49658,41,Plantae,Liquidambar styraciflua,American sweetgum,species
270242,9601,40,Aves,Quiscalus major,Boat-tailed Grackle,species
270242,50278,39,Plantae,Parthenocissus quinquefolia,Virginia creeper,species
270242,116461,39,Reptilia,Anolis sagrei,Brown Anole,species
266139,273618,21,Plantae,Cylindropuntia imbricata,tree cholla,species
266139,77312,16,Plantae,Gutierrezia sarothrae,Broom Snakeweed,species
266139,169622,16,Plantae,Tetraneuris argentea,Perky Sue,species
266139,199840,15,Aves,Haemorhous mexicanus,House Finch,species
266139,48987,13,Insecta,Hippodamia convergens,Convergent Lady Beetle,species
266139,145289,13,Aves,Melozone fusca,Canyon Towhee,species
266139,76235,12,Plantae,Chaetopappa ericoides,Rose Heath,species
266139,120145,11,Plantae,Juniperus monosperma,One-seed Juniper,species
266139,6369,10,Aves,Selasphorus platycercus,Broad-tailed Hummingbird,species
266139,12727,10,Aves,Turdus migratorius,American Robin,species
266241,95995,14,Insecta,Brachythemis contaminata,Ditch Jewel,species
266241,117293,14,Insecta,Oecophylla smaragdina,Asian Weaver Ant,species
266241,5268,13,Aves,Milvus migrans,Black Kite,species
266241,4993,12,Aves,Ardeola grayii,Indian Pond-Heron,species
266241,5406,11,Aves,Haliastur indus,Brahminy Kite,species
266241,8277,10,Aves,Dicrurus macrocercus,Black Drongo,species
266241,62839,10,Plantae,Delonix regia,Flamboyant,species
266241,497004,10,Aves,Microcarbo niger,Little Cormorant,species
266241,558550,10,Aves,Motacilla maderaspatensis,White-browed Wagtail,species
266241,3017,9,Aves,Columba livia,Rock Pigeon,species
266190,56061,77,Plantae,Alliaria petiolata,garlic mustard,species
266190,56099,70,Plantae,Ajuga reptans,carpet bugle,species
266190,204339,66,Plantae,Lamium galeobdolon,yellow archangel,species
266190,55830,65,Plantae,Glechoma hederacea,ground-ivy,species
266190,55766,64,Plantae,Euphorbia cyparissias,cypress spurge,species
266190,1024536,64,Plantae,Rabelera holostea,greater stitchwort,species
266190,55925,62,Plantae,Geranium robertianum,Herb Robert,species
266190,61318,58,Plantae,Arum maculatum,Cuckoo-pint,species
266190,55563,53,Plantae,Bellis perennis,Lawn daisy,species
266190,53178,51,Plantae,Plantago lanceolata,ribwort plantain,species
264283,48548,12,Insecta,Vanessa cardui,Painted Lady,species
264283,47779,10,Plantae,Iris pseudacorus,Yellow Iris,species
264283,82895,8,Plantae,Allium roseum,rosy garlic,species
264283,6930,7,Aves,Anas platyrhynchos,Mallard,species
264283,54404,7,Plantae,Papaver rhoeas,common poppy,species
264283,56162,7,Plantae,Malva sylvestris,Common Mallow,species
264283,48969,6,Plantae,Antirrhinum majus,Snapdragon,species
264283,52586,6,Plantae,Silybum marianum,milk thistle,species
264283,68328,6,Insecta,Oxythyrea funesta,Mediterranean Spotted Chafer,species
264283,133250,6,Insecta,Tettigonia viridissima,Great Green Bush-cricket,species
264827,49658,196,Plantae,Liquidambar styraciflua,American sweetgum,species
264827,82529,153,Plantae,Vitis rotundifolia,muscadine,species
264827,50278,118,Plantae,Parthenocissus quinquefolia,Virginia creeper,species
264827,128769,118,Plantae,Ligustrum sinense,Chinese privet,species
264827,58732,107,Plantae,Toxicodendron radicans,eastern poison ivy,species
264827,77835,107,Plantae,Lonicera japonica,Japanese honeysuckle,species
264827,53582,104,Plantae,Liriodendron tulipifera,American tuliptree,species
264827,47726,95,Plantae,Acer negundo,box elder,species
264827,9083,94,Aves,Cardinalis cardinalis,Northern Cardinal,species
264827,54779,87,Plantae,Quercus alba,white oak,species
266232,35303,32,Reptilia,Ctenosaura similis,Black Spiny-tailed Iguana,species
266232,3460,28,Aves,Zenaida asiatica,White-winged Dove,species
266232,33384,28,Reptilia,Coleonyx elegans,Yucatán Banded Gecko,species
266232,9607,18,Aves,Quiscalus mexicanus,Great-tailed Grackle,species
266232,14884,16,Aves,Mimus gilvus,Tropical Mockingbird,species
266232,16842,16,Aves,Myiozetetes similis,Social Flycatcher,species
266232,51743,15,Insecta,Danaus gilippus,Queen,species
266232,2969,13,Aves,Streptopelia decaocto,Eurasian Collared-Dove,species
266232,47219,13,Insecta,Apis mellifera,Western Honey Bee,species
266232,60439,13,Plantae,Caesalpinia pulcherrima,peacock flower,species
266277,49288,20,Plantae,Podophyllum peltatum,mayapple,species
266277,126334,20,Plantae,Trillium recurvatum,prairie trillium,species
266277,47699,14,Plantae,Geranium maculatum,wild geranium,species
266277,117434,14,Plantae,Claytonia virginica,Virginia Springbeauty,species
266277,13858,13,Aves,Passer domesticus,House Sparrow,species
266277,56061,12,Plantae,Alliaria petiolata,garlic mustard,species
266277,50310,11,Plantae,Arisaema triphyllum,Jack-in-the-Pulpit,species
266277,56126,11,Plantae,Barbarea vulgaris,bitter wintercress,species
266277,118970,11,Insecta,Bombus impatiens,Common Eastern Bumble Bee,species
266277,12727,10,Aves,Turdus migratorius,American Robin,species
264878,118552,5,Mammalia,Felis catus,Domestic Cat,species
264878,199875,5,Mollusca,Eobania vermiculata,Chocolate-band Snail,species
264878,59260,4,Plantae,Calendula arvensis,field marigold,species
264878,144757,4,Aves,Corvus cornix,Hooded Crow,species
264878,47602,3,Plantae,Taraxacum officinale,common dandelion,species
264878,58382,3,Plantae,Poa bulbosa,Bulbous Bluegrass,species
264878,146721,3,Arachnida,Philaeus chrysops,Red-bellied Jumping Spider,species
264878,12716,2,Aves,Turdus merula,Eurasian Blackbird,species
264878,882,1,Aves,Gallus gallus,Red Junglefowl,species
264878,3017,1,Aves,Columba livia,Rock Pigeon,species
265839,51702,98,Insecta,Coccinella septempunctata,Seven-spotted Lady Beetle,species
265839,56061,92,Plantae,Alliaria petiolata,garlic mustard,species
265839,124544,90,Plantae,Anthriscus sylvestris,Cow Parsley,species
265839,55925,79,Plantae,Geranium robertianum,Herb Robert,species
265839,204321,75,Plantae,Ficaria verna,lesser celandine,species
265839,56132,72,Plantae,Hyacinthoides non-scripta,bluebell,species
265839,51884,71,Plantae,Urtica dioica,great stinging nettle,species
265839,55563,68,Plantae,Bellis perennis,Lawn daisy,species
265839,51147,64,Plantae,Crataegus monogyna,common hawthorn,species
265839,52592,64,Insecta,Pararge aegeria,Speckled Wood,species
265834,56061,48,Plantae,Alliaria petiolata,garlic mustard,species
265834,51147,36,Plantae,Crataegus monogyna,common hawthorn,species
265834,55759,36,Plantae,Silene dioica,red campion,species
265834,47602,29,Plantae,Taraxacum officinale,common dandelion,species
265834,1024536,29,Plantae,Rabelera holostea,greater stitchwort,species
265834,51884,28,Plantae,Urtica dioica,great stinging nettle,species
265834,54531,26,Plantae,Cardamine pratensis,Cuckooflower,species
265834,56152,25,Plantae,Allium ursinum,Ramsons,species
265834,53059,24,Plantae,Galium aparine,catchweed bedstraw,species
265834,55925,23,Plantae,Geranium robertianum,Herb Robert,species
265724,55766,10,Plantae,Euphorbia cyparissias,cypress spurge,species
265724,125440,10,Plantae,Fraxinus excelsior,European ash,species
265724,56061,9,Plantae,Alliaria petiolata,garlic mustard,species
265724,78820,9,Plantae,Ranunculus bulbosus,bulbous buttercup,species
265724,85338,9,Plantae,Salvia pratensis,Meadow Sage,species
265724,204339,9,Plantae,Lamium galeobdolon,yellow archangel,species
265724,51147,8,Plantae,Crataegus monogyna,common hawthorn,species
265724,55828,8,Plantae,Lamium maculatum,Spotted deadnettle,species
265724,55891,8,Plantae,Geum urbanum,Wood Avens,species
265724,61964,8,Plantae,Prunus avium,wild cherry,species
267900,48484,39,Insecta,Harmonia axyridis,Asian Lady Beetle,species
267900,51702,38,Insecta,Coccinella septempunctata,Seven-spotted Lady Beetle,species
267900,55830,21,Plantae,Glechoma hederacea,ground-ivy,species
267900,56061,19,Plantae,Alliaria petiolata,garlic mustard,species
267900,99901,18,Insecta,Enallagma cyathigerum,Common Blue Damselfly,species
267900,55563,15,Plantae,Bellis perennis,Lawn daisy,species
267900,61508,15,Insecta,Ischnura elegans,Blue-tailed Damselfly,species
267900,335848,15,Insecta,Erannis defoliaria,Mottled Umber,species
267900,53178,13,Plantae,Plantago lanceolata,ribwort plantain,species
267900,55359,13,Insecta,Pholidoptera griseoaptera,Dark Bush-cricket,species
264407,55757,24,Plantae,Chelidonium majus,Greater celandine,species
264407,35854,23,Reptilia,Lacerta viridis,Green Lizard,species
264407,204339,21,Plantae,Lamium galeobdolon,yellow archangel,species
264407,55766,20,Plantae,Euphorbia cyparissias,cypress spurge,species
264407,55563,18,Plantae,Bellis perennis,Lawn daisy,species
264407,55819,18,Plantae,Primula veris,Cowslip,species
264407,56061,16,Plantae,Alliaria petiolata,garlic mustard,species
264407,64616,16,Plantae,Aurinia saxatilis,Gold-dust,species
264407,51884,15,Plantae,Urtica dioica,great stinging nettle,species
264407,55830,15,Plantae,Glechoma hederacea,ground-ivy,species
265289,55563,35,Plantae,Bellis perennis,Lawn daisy,species
265289,56152,28,Plantae,Allium ursinum,Ramsons,species
265289,55610,25,Insecta,Pyrrhocoris apterus,European Firebug,species
265289,55830,25,Plantae,Glechoma hederacea,ground-ivy,species
265289,51884,24,Plantae,Urtica dioica,great stinging nettle,species
265289,55882,21,Plantae,Hedera helix,common ivy,species
265289,12716,16,Aves,Turdus merula,Eurasian Blackbird,species
265289,55757,16,Plantae,Chelidonium majus,Greater celandine,species
265289,143793,16,Plantae,Prunus padus,bird cherry,species
265289,6921,14,Aves,Cygnus olor,Mute Swan,species
264862,154027,432,Plantae,Buddleja cordata,tepozan,species
264862,480298,387,Mollusca,Cornu aspersum,Garden Snail,species
264862,47219,363,Insecta,Apis mellifera,Western Honey Bee,species
264862,56739,257,Plantae,Ricinus communis,castor bean,species
264862,9607,233,Aves,Quiscalus mexicanus,Great-tailed Grackle,species
264862,46009,216,Mammalia,Sciurus aureogaster,Red-bellied Squirrel,species
264862,56083,213,Animalia,Armadillidium vulgare,Common Pill Woodlouse,species
264862,78580,208,Plantae,Phytolacca icosandra,Tropical Pokeweed,species
264862,16447,198,Aves,Pyrocephalus rubinus,Vermilion Flycatcher,species
264862,126332,194,Plantae,Wigandia urens,fiberglass plant,species
266977,180386,21,Insecta,Acraea terpsicore,Tawny Coster,species
266977,5268,14,Aves,Milvus migrans,Black Kite,species
266977,14593,14,Aves,Pycnonotus cafer,Red-vented Bulbul,species
266977,51784,13,Insecta,Elymnias hypermnestra,Common Palmfly,species
266977,125596,13,Insecta,Leptotes plinius,Zebra Blue,species
266977,8031,12,Aves,Corvus splendens,House Crow,species
266977,204454,11,Aves,Acridotheres tristis,Common Myna,species
266977,68679,10,Plantae,Cassia fistula,Golden Shower Tree,species
266977,197082,10,Plantae,Salvadora persica,toothbrush tree,species
266977,204510,10,Aves,Eudynamys scolopaceus,Asian Koel,species
269150,320914,48,Insecta,Epyaxa rosearia,New Zealand Looper,species
269150,244276,39,Aves,Rhipidura fuliginosa,New Zealand Fantail,species
269150,366661,35,Plantae,Coprosma robusta,Karamū,species
269150,394064,32,Insecta,Orocrambus flexuosellus,Common grass moth,species
269150,64060,31,Plantae,Microsorum pustulatum,hound's tongue fern,species
269150,243647,29,Insecta,Capua intractana,,species
269150,200847,25,Plantae,Pittosporum eugenioides,tarata,species
269150,387667,24,Insecta,Cladoxycanus minos,Winter Ghost Moth,species
269150,7072,22,Aves,Tadorna variegata,Paradise Shelduck,species
269150,126276,22,Insecta,Agrotis ipsilon,Ipsilon Dart Moth,species
270575,12727,24,Aves,Turdus migratorius,American Robin,species
270575,46020,14,Mammalia,Sciurus niger,Eastern Fox Squirrel,species
270575,9602,13,Aves,Quiscalus quiscula,Common Grackle,species
270575,9083,10,Aves,Cardinalis cardinalis,Northern Cardinal,species
270575,121687,9,Fungi,Gymnosporangium juniperi-virginianae,Cedar-apple rust,species
270575,3454,8,Aves,Zenaida macroura,Mourning Dove,species
270575,13858,8,Aves,Passer domesticus,House Sparrow,species
270575,47726,8,Plantae,Acer negundo,box elder,species
270575,199840,8,Aves,Haemorhous mexicanus,House Finch,species
270575,8229,7,Aves,Cyanocitta cristata,Blue Jay,species
265843,9083,36,Aves,Cardinalis cardinalis,Northern Cardinal,species
265843,82342,26,Plantae,Lonicera maackii,Amur honeysuckle,species
265843,12727,24,Aves,Turdus migratorius,American Robin,species
265843,50278,22,Plantae,Parthenocissus quinquefolia,Virginia creeper,species
265843,199840,21,Aves,Haemorhous mexicanus,House Finch,species
265843,13858,20,Aves,Passer domesticus,House Sparrow,species
265843,49288,20,Plantae,Podophyllum peltatum,mayapple,species
265843,12878,19,Aves,Catharus ustulatus,Swainson's Thrush,species
265843,56088,19,Plantae,Robinia pseudoacacia,black locust,species
265843,792988,16,Aves,Dryobates pubescens,Downy Woodpecker,species
265103,166466,325,Plantae,Pentaglottis sempervirens,Green Alkanet,species
265103,55925,217,Plantae,Geranium robertianum,Herb Robert,species
265103,51702,216,Insecta,Coccinella septempunctata,Seven-spotted Lady Beetle,species
265103,55563,204,Plantae,Bellis perennis,Lawn daisy,species
265103,124544,202,Plantae,Anthriscus sylvestris,Cow Parsley,species
265103,56061,182,Plantae,Alliaria petiolata,garlic mustard,species
265103,53178,165,Plantae,Plantago lanceolata,ribwort plantain,species
265103,51147,145,Plantae,Crataegus monogyna,common hawthorn,species
265103,53059,141,Plantae,Galium aparine,catchweed bedstraw,species
265103,55882,141,Plantae,Hedera helix,common ivy,species
265231,10729,23,Aves,Protonotaria citrea,Prothonotary Warbler,species
265231,10271,22,Aves,Pheucticus ludovicianus,Rose-breasted Grosbeak,species
265231,4885,18,Aves,Recurvirostra americana,American Avocet,species
265231,138980,16,Plantae,Indigofera miniata,Scarlet Pea,species
265231,144497,16,Aves,Phalaropus tricolor,Wilson's Phalarope,species
265231,145231,15,Aves,Setophaga tigrina,Cape May Warbler,species
265231,979756,15,Aves,Leiothlypis peregrina,Tennessee Warbler,species
265231,6899,14,Aves,Dendrocygna bicolor,Fulvous Whistling-Duck,species
265231,9346,14,Aves,Icterus galbula,Baltimore Oriole,species
265231,9915,14,Aves,Piranga rubra,Summer Tanager,species
265002,49288,3,Plantae,Podophyllum peltatum,mayapple,species
265002,55830,3,Plantae,Glechoma hederacea,ground-ivy,species
265002,232366,3,Insecta,Temnothorax curvispinosus,Bent-spined Acorn Ant,species
265002,462132,3,Fungi,Morchella americana,American yellow morel,species
265002,504060,3,Fungi,Pleurotus citrinopileatus,Golden Oyster Mushroom,species
265002,12727,2,Aves,Turdus migratorius,American Robin,species
265002,47726,2,Plantae,Acer negundo,box elder,species
265002,47919,2,Insecta,Antheraea polyphemus,Polyphemus Moth,species
265002,50310,2,Plantae,Arisaema triphyllum,Jack-in-the-Pulpit,species
265002,52529,2,Fungi,Phyllotopsis nidulans,Stinking Orange Oyster,species
267310,12065,27,Aves,Malurus cyaneus,Superb Fairywren,species
267310,8575,24,Aves,Gymnorhina tibicen,Australian Magpie,species
267310,6987,18,Aves,Anas superciliosa,Pacific Black Duck,species
267310,5268,17,Aves,Milvus migrans,Black Kite,species
267310,370351,17,Aves,Microcarbo melanoleucos,Little Pied Cormorant,species
267310,418530,17,Aves,Porphyrio melanotus,Australasian Swamphen,species
267310,482,15,Aves,Fulica atra,Eurasian Coot,species
267310,6914,15,Aves,Cygnus atratus,Black Swan,species
267310,55626,15,Insecta,Pieris rapae,Small White,species
267310,59926,15,Plantae,Epacris impressa,Common Heath,species
269392,6930,7,Aves,Anas platyrhynchos,Mallard,species
269392,9744,6,Aves,Agelaius phoeniceus,Red-winged Blackbird,species
269392,9176,4,Aves,Zonotrichia leucophrys,White-crowned Sparrow,species
269392,3954,3,Aves,Limosa fedoa,Marbled Godwit,species
269392,4364,3,Aves,Larus delawarensis,Ring-billed Gull,species
269392,7089,3,Aves,Branta canadensis,Canada Goose,species
269392,11935,3,Aves,Tachycineta bicolor,Tree Swallow,species
269392,12727,3,Aves,Turdus migratorius,American Robin,species
269392,47516,3,Actinopterygii,Oncorhynchus mykiss,Rainbow Trout,species
269392,144502,3,Aves,Chroicocephalus philadelphia,Bonaparte's Gull,species
269703,103927,10,Insecta,Ladona deplanata,Blue Corporal,species
269703,243824,9,Plantae,Potentilla indica,mock strawberry,species
269703,49658,8,Plantae,Liquidambar styraciflua,American sweetgum,species
269703,46017,7,Mammalia,Sciurus carolinensis,Eastern Gray Squirrel,species
269703,50278,7,Plantae,Parthenocissus quinquefolia,Virginia creeper,species
269703,50897,7,Plantae,Asimina triloba,common pawpaw,species
269703,12727,6,Aves,Turdus migratorius,American Robin,species
269703,48098,6,Plantae,Acer rubrum,red maple,species
269703,49288,6,Plantae,Podophyllum peltatum,mayapple,species
269703,53582,6,Plantae,Liriodendron tulipifera,American tuliptree,species
270278,83647,14,Plantae,Echinocereus fendleri,Pinkflower Hedgehog Cactus,species
270278,199840,14,Aves,Haemorhous mexicanus,House Finch,species
270278,59119,8,Insecta,Pontia protodice,Checkered White,species
270278,64405,8,Plantae,Calochortus ambiguus,Arizona mariposa lily,species
270278,68244,8,Insecta,Euptoieta claudia,Variegated Fritillary,species
270278,71257,8,Plantae,Bouteloua gracilis,Blue Grama,species
270278,76352,8,Plantae,Cirsium neomexicanum,New Mexico thistle,species
270278,77132,8,Plantae,Fallugia paradoxa,Apache plume,species
270278,77920,8,Plantae,Machaeranthera tanacetifolia,Tahoka daisy,species
270278,145289,8,Aves,Melozone fusca,Canyon Towhee,species
267141,48548,6,Insecta,Vanessa cardui,Painted Lady,species
267141,6930,4,Aves,Anas platyrhynchos,Mallard,species
267141,7089,4,Aves,Branta canadensis,Canada Goose,species
267141,10470,4,Aves,Xanthocephalus xanthocephalus,Yellow-headed Blackbird,species
267141,55626,4,Insecta,Pieris rapae,Small White,species
267141,981,3,Aves,Phasianus colchicus,Ring-necked Pheasant,species
267141,13858,3,Aves,Passer domesticus,House Sparrow,species
267141,75605,3,Plantae,Asperugo procumbens,Madwort,species
267141,1409,2,Aves,Callipepla californica,California Quail,species
267141,2969,2,Aves,Streptopelia decaocto,Eurasian Collared-Dove,species
268529,48240,14,Plantae,Erythronium americanum,yellow trout lily,species
268529,39771,8,Reptilia,Chrysemys picta,Painted Turtle,species
268529,7089,7,Aves,Branta canadensis,Canada Goose,species
268529,56222,7,Plantae,Tussilago farfara,colt's-foot,species
268529,54775,6,Plantae,Cornus alternifolia,alternate-leaved dogwood,species
268529,18463,5,Aves,Sphyrapicus varius,Yellow-bellied Sapsucker,species
268529,144815,5,Aves,Poecile atricapillus,Black-capped Chickadee,species
268529,1289388,5,Aves,Corthylio calendula,Ruby-crowned Kinglet,species
268529,7107,4,Aves,Aix sponsa,Wood Duck,species
268529,28362,4,Reptilia,Thamnophis sirtalis,Common Garter Snake,species
265496,319724,256,Insecta,Euphoria kernii,Kern's Flower Scarab,species
265496,51768,242,Plantae,Gaillardia pulchella,firewheel,species
265496,120026,235,Plantae,Zephyranthes drummondii,Drummond's rain lily,species
265496,125675,235,Plantae,Glandularia bipinnatifida,Dakota mock vervain,species
265496,84405,216,Plantae,Calyptocarpus vialis,straggler daisy,species
265496,62298,204,Plantae,Asclepias asperula,Antelopehorn Milkweed,species
265496,79137,203,Plantae,Solanum elaeagnifolium,silverleaf nightshade,species
265496,56846,191,Plantae,Torilis arvensis,common hedge parsley,species
265496,49564,183,Plantae,Lupinus texensis,Texas bluebonnet,species
265496,9083,178,Aves,Cardinalis cardinalis,Northern Cardinal,species
269533,119627,5,Insecta,Abracris flavolineata,,species
269533,47067,4,Mammalia,Bradypus variegatus,Brown-throated Three-toed Sloth,species
269533,64906,4,Amphibia,Ameerega trivittata,Three-striped Poison Frog,species
269533,4580,3,Aves,Jacana jacana,Wattled Jacana,species
269533,35342,3,Reptilia,Iguana iguana,Green Iguana,species
269533,78589,3,Plantae,Pistia stratiotes,Water Lettuce,species
269533,321533,3,Insecta,Urania leilus,Green-banded Urania,species
269533,5349,2,Aves,Rostrhamus sociabilis,Snail Kite,species
269533,6908,2,Aves,Anhima cornuta,Horned Screamer,species
269533,32237,2,Reptilia,Epicrates cenchria,Western Rainbow Boa,species
269454,35303,19,Reptilia,Ctenosaura similis,Black Spiny-tailed Iguana,species
269454,9607,10,Aves,Quiscalus mexicanus,Great-tailed Grackle,species
269454,41673,10,Mammalia,Nasua narica,White-nosed Coati,species
269454,4328,6,Aves,Pelecanus occidentalis,Brown Pelican,species
269454,4756,5,Aves,Cathartes aura,Turkey Vulture,species
269454,133675,5,Animalia,Coenobita clypeatus,Caribbean Land Hermit Crab,species
269454,2168,4,Aves,Eumomota superciliosa,Turquoise-browed Motmot,species
269454,33118,4,Reptilia,Basiliscus vittatus,Brown Basilisk,species
269454,56739,4,Plantae,Ricinus communis,castor bean,species
269454,116461,4,Reptilia,Anolis sagrei,Brown Anole,species
265891,51227,15,Plantae,Pedicularis canadensis,Canadian lousewort,species
265891,49972,10,Insecta,Battus philenor,Pipevine Swallowtail,species
265891,116329,8,Plantae,Packera aurea,golden ragwort,species
265891,49288,7,Plantae,Podophyllum peltatum,mayapple,species
265891,50855,7,Plantae,Trillium erectum,red trillium,species
265891,56061,7,Plantae,Alliaria petiolata,garlic mustard,species
265891,123049,7,Plantae,Panax trifolius,dwarf ginseng,species
265891,126702,7,Plantae,Stellaria pubera,star chickweed,species
265891,56222,6,Plantae,Tussilago farfara,colt's-foot,species
265891,79484,6,Plantae,Veratrum viride,green false hellebore,species
265442,48214,312,Mollusca,Ariolimax dolichophallus,Slender Banana Slug,species
265442,59698,95,Animalia,Velella velella,By-the-wind Sailor,species
265442,48225,72,Plantae,Eschscholzia californica,California poppy,species
265442,51315,72,Plantae,Calochortus albus,White Globe Lily,species
265442,51080,69,Plantae,Toxicodendron diversilobum,Pacific poison oak,species
265442,777371,64,Plantae,Diplacus aurantiacus,orange bush monkeyflower,species
265442,47188,62,Animalia,Pachygrapsus crassipes,Striped Shore Crab,species
265442,53359,58,Plantae,Baccharis pilularis,coyote brush,species
265442,58930,58,Plantae,Stachys bullata,California Hedge Nettle,species
265442,53445,57,Plantae,Rubus ursinus,trailing blackberry,species
265776,12727,88,Aves,Turdus migratorius,American Robin,species
265776,6930,78,Aves,Anas platyrhynchos,Mallard,species
265776,7089,58,Aves,Branta canadensis,Canada Goose,species
265776,49288,58,Plantae,Podophyllum peltatum,mayapple,species
265776,55745,52,Plantae,Trifolium repens,white clover,species
265776,50278,42,Plantae,Parthenocissus quinquefolia,Virginia creeper,species
265776,46017,39,Mammalia,Sciurus carolinensis,Eastern Gray Squirrel,species
265776,49566,38,Insecta,Cicindela sexguttata,Six-spotted Tiger Beetle,species
265776,48502,32,Plantae,Cercis canadensis,eastern redbud,species
265776,62186,31,Plantae,Monarda bradburyana,Eastern Beebalm,species
264580,64705,3,Aves,Delichon urbicum,Western House Martin,species
264580,209660,3,Insecta,Chrysolina americana,Rosemary Beetle,species
264580,217219,3,Insecta,Cloeon dipterum,Pond Olive,species
264580,13858,2,Aves,Passer domesticus,House Sparrow,species
264580,34435,2,Reptilia,Hemidactylus turcicus,Mediterranean House Gecko,species
264580,49319,2,Plantae,Mesembryanthemum crystallinum,Crystalline ice plant,species
264580,67708,2,Arachnida,Argiope trifasciata,Banded Garden Spider,species
264580,151792,2,Arachnida,Loxosceles rufescens,Mediterranean recluse,species
264580,199875,2,Mollusca,Eobania vermiculata,Chocolate-band Snail,species
264580,783870,2,Arachnida,Polenecia producta,,species
269824,594031,7,Plantae,Selago densiflora,Grassveld Bitterbush,species
269824,595910,7,Plantae,Ursinia nana,Little Paraseed,species
269824,1534924,6,Plantae,Seriphium vulgare,Grassveld Snakebush,species
269824,76226,5,Plantae,Cestrum parqui,green cestrum,species
269824,569123,5,Plantae,Felicia muricata,Pale Felicia,species
269824,1363126,5,Plantae,Crystallopollen angustifolium,Pincushion Vernonia,species
269824,47383,4,Arachnida,Latrodectus geometricus,Brown Widow,species
269824,93468,4,Insecta,Africallagma glaucum,Swamp Bluet,species
269824,119582,4,Plantae,Gazania krebsiana,Terracotta Gazania,species
269824,126101,4,Insecta,Tuxentius melaena,Black Pie,species
269995,10254,3,Aves,Paroaria coronata,Red-crested Cardinal,species
269995,56083,2,Animalia,Armadillidium vulgare,Common Pill Woodlouse,species
269995,1412045,2,Fungi,Irpex rosettiformis,poretooth rosette,species
269995,3017,1,Aves,Columba livia,Rock Pigeon,species
269995,3102,1,Aves,Patagioenas picazuro,Picazuro Pigeon,species
269995,3736,1,Aves,Phimosus infuscatus,Bare-faced Ibis,species
269995,4580,1,Aves,Jacana jacana,Wattled Jacana,species
269995,4665,1,Aves,Falco sparverius,American Kestrel,species
269995,4867,1,Aves,Vanellus chilensis,Southern Lapwing,species
269995,7182,1,Aves,Amazonetta brasiliensis,Brazilian Teal,species
265199,72486,14,Aves,Alopochen aegyptiaca,Egyptian Goose,species
265199,13858,12,Aves,Passer domesticus,House Sparrow,species
265199,204454,10,Aves,Acridotheres tristis,Common Myna,species
265199,20969,9,Aves,Upupa epops,Common Hoopoe,species
265199,77758,9,Plantae,Limonium sinuatum,Blue statice,species
265199,144757,8,Aves,Corvus cornix,Hooded Crow,species
265199,6930,7,Aves,Anas platyrhynchos,Mallard,species
265199,19349,7,Aves,Myiopsitta monachus,Monk Parakeet,species
265199,2969,6,Aves,Streptopelia decaocto,Eurasian Collared-Dove,species
265199,14600,5,Aves,Pycnonotus xanthopygos,White-spectacled Bulbul,species
269470,9083,26,Aves,Cardinalis cardinalis,Northern Cardinal,species
269470,53582,26,Plantae,Liriodendron tulipifera,American tuliptree,species
269470,12942,25,Aves,Sialia sialis,Eastern Bluebird,species
269470,49397,23,Plantae,Kalmia latifolia,mountain laurel,species
269470,48484,21,Insecta,Harmonia axyridis,Asian Lady Beetle,species
269470,14886,20,Aves,Mimus polyglottos,Northern Mockingbird,species
269470,29305,20,Reptilia,Nerodia sipedon,Common Watersnake,species
269470,7089,19,Aves,Branta canadensis,Canada Goose,species
269470,83799,19,Plantae,Mitchella repens,partridgeberry,species
269470,12727,18,Aves,Turdus migratorius,American Robin,species
269901,48240,21,Plantae,Erythronium americanum,yellow trout lily,species
269901,50855,19,Plantae,Trillium erectum,red trillium,species
269901,51044,14,Plantae,Sanguinaria canadensis,bloodroot,species
269901,67775,8,Plantae,Claytonia caroliniana,Carolina Springbeauty,species
269901,83075,8,Plantae,Epigaea repens,trailing arbutus,species
269901,118970,7,Insecta,Bombus impatiens,Common Eastern Bumble Bee,species
269901,179786,7,Plantae,Hepatica acutiloba,sharp-lobed hepatica,species
269901,47726,6,Plantae,Acer negundo,box elder,species
269901,51053,6,Plantae,Dicentra cucullaria,Dutchman's breeches,species
269901,56061,6,Plantae,Alliaria petiolata,garlic mustard,species
269967,51610,16,Plantae,Veronica chamaedrys,Germander Speedwell,species
269967,55891,11,Plantae,Geum urbanum,Wood Avens,species
269967,124544,11,Plantae,Anthriscus sylvestris,Cow Parsley,species
269967,55505,10,Plantae,Allium triquetrum,Three-cornered garlic,species
269967,51147,9,Plantae,Crataegus monogyna,common hawthorn,species
269967,53178,9,Plantae,Plantago lanceolata,ribwort plantain,species
269967,54531,9,Plantae,Cardamine pratensis,Cuckooflower,species
269967,56061,9,Plantae,Alliaria petiolata,garlic mustard,species
269967,129156,9,Insecta,Diaphora mendica,Muslin Moth,species
269967,1024536,9,Plantae,Rabelera holostea,greater stitchwort,species
270059,49868,10,Plantae,Aquilegia canadensis,red columbine,species
270059,53809,9,Arachnida,Phidippus audax,Bold Jumping Spider,species
270059,48599,7,Plantae,Phytolacca americana,American pokeweed,species
270059,82342,7,Plantae,Lonicera maackii,Amur honeysuckle,species
270059,78882,6,Plantae,Rosa multiflora,multiflora rose,species
270059,81800,6,Plantae,Delphinium tricorne,dwarf larkspur,species
270059,166605,6,Plantae,Phacelia purshii,Miami Mist,species
270059,47699,5,Plantae,Geranium maculatum,wild geranium,species
270059,51875,5,Plantae,Trifolium pratense,Red Clover,species
270059,54921,5,Plantae,Packera glabella,Butterweed,species
269990,4328,84,Aves,Pelecanus occidentalis,Brown Pelican,species
269990,3460,69,Aves,Zenaida asiatica,White-winged Dove,species
269990,18161,61,Aves,Melanerpes uropygialis,Gila Woodpecker,species
269990,9319,60,Aves,Icterus cucullatus,Hooded Oriole,species
269990,4354,54,Aves,Larus livens,Yellow-footed Gull,species
269990,199206,47,Plantae,Pachycereus pringlei,Mexican Giant Cactus,species
269990,4756,36,Aves,Cathartes aura,Turkey Vulture,species
269990,82005,36,Plantae,Stenocereus thurberi,organ pipe cactus,species
269990,13858,34,Aves,Passer domesticus,House Sparrow,species
269990,199840,34,Aves,Haemorhous mexicanus,House Finch,species
270044,51702,61,Insecta,Coccinella septempunctata,Seven-spotted Lady Beetle,species
270044,56061,34,Plantae,Alliaria petiolata,garlic mustard,species
270044,52592,33,Insecta,Pararge aegeria,Speckled Wood,species
270044,55925,33,Plantae,Geranium robertianum,Herb Robert,species
270044,51884,30,Plantae,Urtica dioica,great stinging nettle,species
270044,54531,29,Plantae,Cardamine pratensis,Cuckooflower,species
270044,51147,28,Plantae,Crataegus monogyna,common hawthorn,species
270044,56152,28,Plantae,Allium ursinum,Ramsons,species
270044,47602,25,Plantae,Taraxacum officinale,common dandelion,species
270044,53059,24,Plantae,Galium aparine,catchweed bedstraw,species
270066,47726,98,Plantae,Acer negundo,box elder,species
270066,9744,96,Aves,Agelaius phoeniceus,Red-winged Blackbird,species
270066,6930,94,Aves,Anas platyrhynchos,Mallard,species
270066,51044,93,Plantae,Sanguinaria canadensis,bloodroot,species
270066,118548,90,Plantae,Thalictrum thalictroides,rue anemone,species
270066,55830,88,Plantae,Glechoma hederacea,ground-ivy,species
270066,57824,87,Plantae,Sambucus racemosa,red-berried elder,species
270066,7089,81,Aves,Branta canadensis,Canada Goose,species
270066,81711,76,Plantae,Hydrophyllum virginianum,Virginia waterleaf,species
270066,9184,72,Aves,Zonotrichia albicollis,White-throated Sparrow,species
270067,9083,17,Aves,Cardinalis cardinalis,Northern Cardinal,species
270067,9184,10,Aves,Zonotrichia albicollis,White-throated Sparrow,species
270067,145245,7,Aves,Setophaga coronata,Yellow-rumped Warbler,species
270067,8229,6,Aves,Cyanocitta cristata,Blue Jay,species
270067,39771,6,Reptilia,Chrysemys picta,Painted Turtle,species
270067,46017,6,Mammalia,Sciurus carolinensis,Eastern Gray Squirrel,species
270067,7089,5,Aves,Branta canadensis,Canada Goose,species
270067,46260,5,Mammalia,Tamiasciurus hudsonicus,American Red Squirrel,species
270067,9135,4,Aves,Spizella passerina,Chipping Sparrow,species
270067,14823,4,Aves,Sitta canadensis,Red-breasted Nuthatch,species
269954,12727,9,Aves,Turdus migratorius,American Robin,species
269954,46017,8,Mammalia,Sciurus carolinensis,Eastern Gray Squirrel,species
269954,47602,7,Plantae,Taraxacum officinale,common dandelion,species
269954,48961,7,Plantae,Symplocarpus foetidus,Eastern Skunk Cabbage,species
269954,55830,6,Plantae,Glechoma hederacea,ground-ivy,species
269954,46095,5,Mammalia,Marmota monax,Groundhog,species
269954,914922,5,Plantae,Reynoutria japonica,Japanese knotweed,species
269954,9744,4,Aves,Agelaius phoeniceus,Red-winged Blackbird,species
269954,55972,4,Plantae,Frangula alnus,alder buckthorn,species
269954,59029,4,Plantae,Verbascum thapsus,great mullein,species
269505,12727,47,Aves,Turdus migratorius,American Robin,species
269505,50310,45,Plantae,Arisaema triphyllum,Jack-in-the-Pulpit,species
269505,47699,44,Plantae,Geranium maculatum,wild geranium,species
269505,950598,42,Plantae,Anemonoides quinquefolia,wood anemone,species
269505,126749,41,Plantae,Uvularia grandiflora,largeflower bellwort,species
269505,49288,35,Plantae,Podophyllum peltatum,mayapple,species
269505,59771,33,Plantae,Mertensia virginica,Virginia bluebells,species
269505,549981,31,Plantae,Primula meadia,eastern shooting star,species
269505,906,30,Aves,Meleagris gallopavo,Wild Turkey,species
269505,56061,30,Plantae,Alliaria petiolata,garlic mustard,species
269872,48240,17,Plantae,Erythronium americanum,yellow trout lily,species
269872,56222,14,Plantae,Tussilago farfara,colt's-foot,species
269872,56061,9,Plantae,Alliaria petiolata,garlic mustard,species
269872,133034,9,Plantae,Daphne mezereum,Mezereon,species
269872,54037,7,Plantae,Thuja occidentalis,northern whitecedar,species
269872,50855,6,Plantae,Trillium erectum,red trillium,species
269872,55925,6,Plantae,Geranium robertianum,Herb Robert,species
269872,59029,6,Plantae,Verbascum thapsus,great mullein,species
269872,9184,5,Aves,Zonotrichia albicollis,White-throated Sparrow,species
269872,65982,5,Amphibia,Lithobates clamitans,Green Frog,species
266133,68205,76,Plantae,Larrea tridentata,Creosote Bush,species
266133,83105,76,Plantae,Agave lechuguilla,lechuguilla,species
266133,49325,56,Plantae,Fouquieria splendens,ocotillo,species
266133,162738,47,Plantae,Escobaria sneedii,Carpet Foxtail Cactus,species
266133,79137,45,Plantae,Solanum elaeagnifolium,silverleaf nightshade,species
266133,162172,31,Plantae,Echinocactus horizonthalonius,Devilshead,species
266133,244905,27,Plantae,Echinocereus dasyacanthus,Texas rainbow cactus,species
266133,473,23,Aves,Fulica americana,American Coot,species
266133,3460,23,Aves,Zenaida asiatica,White-winged Dove,species
266133,9607,22,Aves,Quiscalus mexicanus,Great-tailed Grackle,species
265382,12751,12,Aves,Turdus falcklandii,Austral Thrush,species
265382,703954,12,Plantae,Cryptocarya alba,Chilean Acorn,species
265382,181934,10,Plantae,Quillaja saponaria,soapbark tree,species
265382,1578442,10,Aves,Troglodytes musculus,Southern House Wren,species
265382,4747,9,Aves,Vultur gryphus,Andean Condor,species
265382,861978,9,Plantae,Trichocereus chiloensis,Quisco,species
265382,479949,8,Plantae,Tristerix corymbosus,Quintral,species
265382,487719,8,Plantae,Colliguaja odorifera,,species
265382,4867,7,Aves,Vanellus chilensis,Southern Lapwing,species
265382,5422,7,Aves,Geranoaetus melanoleucus,Black-chested Buzzard-Eagle,species
269976,84002,8,Plantae,Tillandsia recurvata,ballmoss,species
269976,4765,7,Aves,Coragyps atratus,Black Vulture,species
269976,553515,7,Amphibia,Rhinella marina,Cane Toad,species
269976,130219,5,Insecta,Zizula cyna,Cyna Blue,species
269976,258080,5,Insecta,Hemiargus hanno,Hanno Blue,species
269976,3736,3,Aves,Phimosus infuscatus,Bare-faced Ibis,species
269976,8474,3,Aves,Cyanocorax yncas,Green Jay,species
269976,62528,3,Aves,Butorides striata,Striated Heron,species
269976,411086,3,Aves,Ardea ibis,Western Cattle-Egret,species
269976,750333,3,Insecta,Stagmatoptera diana,,species
269190,54999,143,Plantae,Eriogonum fasciculatum,California Buckwheat,species
269190,47146,83,Plantae,Adenostoma fasciculatum,chamise,species
269190,64122,65,Plantae,Malosma laurina,laurel sumac,species
269190,53395,58,Plantae,Eriophyllum confertiflorum,Golden Yarrow,species
269190,79494,58,Plantae,Verbesina dissita,big-leaved crownbeard,species
269190,64134,56,Plantae,Salvia apiana,white sage,species
269190,64137,56,Plantae,Quercus dumosa,Nuttall's scrub oak,species
269190,55009,54,Plantae,Rhus integrifolia,lemonade berry,species
269190,76959,50,Plantae,Eriodictyon trichocalyx,Hairy Yerba Santa,species
269190,75736,48,Plantae,Bahiopsis laciniata,Tornleaf Goldeneye,species
264352,1095846,388,Plantae,Bidens alba,White beggarticks,species
264352,116461,347,Reptilia,Anolis sagrei,Brown Anole,species
264352,51599,231,Plantae,Psychotria nervosa,Shiny-leaved Wild Coffee,species
264352,253297,208,Mollusca,Glycymeris spectralis,Spectral Bittersweet Clam,species
264352,50278,201,Plantae,Parthenocissus quinquefolia,Virginia creeper,species
264352,26159,183,Reptilia,Alligator mississippiensis,American Alligator,species
264352,169171,180,Plantae,Spermacoce verticillata,shrubby false buttonweed,species
264352,82529,175,Plantae,Vitis rotundifolia,muscadine,species
264352,47219,170,Insecta,Apis mellifera,Western Honey Bee,species
264352,3751,163,Aves,Eudocimus albus,White Ibis,species
270063,26159,22,Reptilia,Alligator mississippiensis,American Alligator,species
270063,69192,14,Insecta,Chrysomela scripta,Cottonwood Leaf Beetle,species
270063,64988,12,Amphibia,Anaxyrus terrestris,Southern Toad,species
270063,4956,10,Aves,Ardea herodias,Great Blue Heron,species
270063,5063,10,Aves,Anhinga anhinga,Anhinga,species
270063,39566,10,Reptilia,Apalone ferox,Florida Softshell Turtle,species
270063,48259,10,Insecta,Pelidnota punctata,Grapevine Beetle,species
270063,36514,9,Reptilia,Anolis carolinensis,Green Anole,species
270063,48098,9,Plantae,Acer rubrum,red maple,species
270063,130872,9,Plantae,Schinus terebinthifolia,Brazilian pepper,species
266273,73222,4,Aves,Phoenicopterus roseus,Greater Flamingo,species
266273,1521906,4,Plantae,Convolvulus althaeoides,Mallow Bindweed,species
266273,537849,3,Plantae,Echium sabulicola,sand viper's bugloss,species
266273,4883,2,Aves,Recurvirostra avosetta,Pied Avocet,species
266273,199614,2,Plantae,Fagonia cretica,Virgin's Mantle,species
266273,320052,2,Plantae,Austrocylindropuntia subulata,Eve's Needle Cactus,species
266273,493054,2,Plantae,Teucrium capitatum,Felty Germander,species
266273,634957,2,Mollusca,Barbatia barbata,Hairy Ark,species
266273,2969,1,Aves,Streptopelia decaocto,Eurasian Collared-Dove,species
266273,4450,1,Aves,Sterna hirundo,Common Tern,species
269952,57283,19,Plantae,Centranthus ruber,Red Valerian,species
269952,765394,17,Plantae,Sambucus nigra,European black elderberry,species
269952,12716,15,Aves,Turdus merula,Eurasian Blackbird,species
269952,57278,15,Plantae,Ailanthus altissima,tree-of-heaven,species
269952,319281,15,Plantae,Fraxinus ornus,Manna ash,species
269952,47406,13,Plantae,Spartium junceum,Spanish Broom,species
269952,56088,13,Plantae,Robinia pseudoacacia,black locust,species
269952,15282,12,Aves,Sylvia atricapilla,Eurasian Blackcap,species
269952,55727,12,Plantae,Cymbalaria muralis,Ivy-leaved toadflax,species
269952,55990,12,Reptilia,Podarcis muralis,Common Wall Lizard,species
266118,47219,34,Insecta,Apis mellifera,Western Honey Bee,species
266118,12716,28,Aves,Turdus merula,Eurasian Blackbird,species
266118,56061,26,Plantae,Alliaria petiolata,garlic mustard,species
266118,55830,25,Plantae,Glechoma hederacea,ground-ivy,species
266118,204321,22,Plantae,Ficaria verna,lesser celandine,species
266118,1027395,20,Insecta,Zimmermannia liebwerdella,,species
266118,6930,19,Aves,Anas platyrhynchos,Mallard,species
266118,11901,17,Aves,Hirundo rustica,Barn Swallow,species
266118,55610,17,Insecta,Pyrrhocoris apterus,European Firebug,species
266118,950603,17,Plantae,Anemonoides nemorosa,wood anemone,species
266528,3017,49,Aves,Columba livia,Rock Pigeon,species
266528,4775,26,Aves,Anastomus oscitans,Asian Openbill,species
266528,3607,25,Aves,Geopelia striata,Zebra Dove,species
266528,95995,22,Insecta,Brachythemis contaminata,Ditch Jewel,species
266528,117293,22,Insecta,Oecophylla smaragdina,Asian Weaver Ant,species
266528,118552,18,Mammalia,Felis catus,Domestic Cat,species
266528,882,13,Aves,Gallus gallus,Red Junglefowl,species
266528,39782,11,Reptilia,Trachemys scripta,Pond Slider,species
266528,62811,11,Plantae,Carica papaya,Papaya,species
266528,62839,11,Plantae,Delonix regia,Flamboyant,species
266025,59321,20,Plantae,Orchis purpurea,Lady Orchid,species
266025,55563,15,Plantae,Bellis perennis,Lawn daisy,species
266025,12716,11,Aves,Turdus merula,Eurasian Blackbird,species
266025,56088,11,Plantae,Robinia pseudoacacia,black locust,species
266025,51884,10,Plantae,Urtica dioica,great stinging nettle,species
266025,55828,10,Plantae,Lamium maculatum,Spotted deadnettle,species
266025,57278,10,Plantae,Ailanthus altissima,tree-of-heaven,species
266025,79109,10,Plantae,Silene latifolia,white campion,species
266025,52287,9,Plantae,Borago officinalis,Borage,species
266025,82895,9,Plantae,Allium roseum,rosy garlic,species
269926,55563,6817,Plantae,Bellis perennis,Lawn daisy,species
269926,55830,4400,Plantae,Glechoma hederacea,ground-ivy,species
269926,47602,3772,Plantae,Taraxacum officinale,common dandelion,species
269926,51884,2070,Plantae,Urtica dioica,great stinging nettle,species
269926,204321,1729,Plantae,Ficaria verna,lesser celandine,species
269926,54763,1247,Plantae,Acer platanoides,Norway maple,species
269926,56061,1220,Plantae,Alliaria petiolata,garlic mustard,species
269926,51741,1194,Plantae,Aegopodium podagraria,Goutweed,species
269926,55851,1081,Plantae,Lamium purpureum,red deadnettle,species
269926,55757,1028,Plantae,Chelidonium majus,Greater celandine,species
269468,49288,14,Plantae,Podophyllum peltatum,mayapple,species
269468,48484,13,Insecta,Harmonia axyridis,Asian Lady Beetle,species
269468,47699,9,Plantae,Geranium maculatum,wild geranium,species
269468,81839,9,Arachnida,Platycryptus undatus,Tan Jumping Spider,species
269468,27186,8,Amphibia,Plethodon cinereus,Eastern Red-backed Salamander,species
269468,56083,7,Animalia,Armadillidium vulgare,Common Pill Woodlouse,species
269468,81705,7,Plantae,Phlox divaricata,blue phlox,species
269468,51044,5,Plantae,Sanguinaria canadensis,bloodroot,species
269468,55830,5,Plantae,Glechoma hederacea,ground-ivy,species
269468,70010,5,Plantae,Viola canadensis,Canada Violet,species
269561,49288,80,Plantae,Podophyllum peltatum,mayapple,species
269561,81705,62,Plantae,Phlox divaricata,blue phlox,species
269561,47699,56,Plantae,Geranium maculatum,wild geranium,species
269561,126334,53,Plantae,Trillium recurvatum,prairie trillium,species
269561,82342,48,Plantae,Lonicera maackii,Amur honeysuckle,species
269561,7089,46,Aves,Branta canadensis,Canada Goose,species
269561,59771,41,Plantae,Mertensia virginica,Virginia bluebells,species
269561,83154,41,Plantae,Zizia aurea,golden Alexanders,species
269561,117434,38,Plantae,Claytonia virginica,Virginia Springbeauty,species
269561,56061,36,Plantae,Alliaria petiolata,garlic mustard,species
266299,9607,34,Aves,Quiscalus mexicanus,Great-tailed Grackle,species
266299,8470,25,Aves,Cyanocorax yucatanicus,Yucatan Jay,species
266299,35303,23,Reptilia,Ctenosaura similis,Black Spiny-tailed Iguana,species
266299,2969,16,Aves,Streptopelia decaocto,Eurasian Collared-Dove,species
266299,2090,14,Aves,Ortalis vetula,Plain Chachalaca,species
266299,14884,14,Aves,Mimus gilvus,Tropical Mockingbird,species
266299,41673,14,Mammalia,Nasua narica,White-nosed Coati,species
266299,46003,13,Mammalia,Sciurus yucatanensis,Yucatán Squirrel,species
266299,2168,12,Aves,Eumomota superciliosa,Turquoise-browed Motmot,species
266299,16956,12,Aves,Pitangus sulphuratus,Great Kiskadee,species
266313,12720,24,Aves,Turdus grayi,Clay-colored Thrush,species
266313,9607,14,Aves,Quiscalus mexicanus,Great-tailed Grackle,species
266313,10057,12,Aves,Ramphocelus dimidiatus,Crimson-backed Tanager,species
266313,43712,12,Mammalia,Dasyprocta punctata,Central American Agouti,species
266313,4328,11,Aves,Pelecanus occidentalis,Brown Pelican,species
266313,4765,11,Aves,Coragyps atratus,Black Vulture,species
266313,10295,11,Aves,Thraupis episcopus,Blue-gray Tanager,species
266313,54980,11,Aves,Sporophila corvina,Variable Seedeater,species
266313,16787,10,Aves,Tyrannus melancholicus,Tropical Kingbird,species
266313,35342,10,Reptilia,Iguana iguana,Green Iguana,species
269930,1455922,41,Aves,Spilopelia senegalensis,Laughing Dove,species
269930,13858,32,Aves,Passer domesticus,House Sparrow,species
269930,144757,29,Aves,Corvus cornix,Hooded Crow,species
269930,130079,20,Insecta,Spilostethus pandurus,Indian Milkweed Bug,species
269930,14588,19,Aves,Pycnonotus barbatus,Common Bulbul,species
269930,47219,18,Insecta,Apis mellifera,Western Honey Bee,species
269930,145540,14,Insecta,Eristalinus taeniops,Stripe-eyed Lagoon Fly,species
269930,199875,14,Mollusca,Eobania vermiculata,Chocolate-band Snail,species
269930,3017,13,Aves,Columba livia,Rock Pigeon,species
269930,411086,13,Aves,Ardea ibis,Western Cattle-Egret,species
270104,1024536,24,Plantae,Rabelera holostea,greater stitchwort,species
270104,55830,17,Plantae,Glechoma hederacea,ground-ivy,species
270104,56061,17,Plantae,Alliaria petiolata,garlic mustard,species
270104,56099,15,Plantae,Ajuga reptans,carpet bugle,species
270104,3048,14,Aves,Columba palumbus,Common Wood-Pigeon,species
270104,12716,14,Aves,Turdus merula,Eurasian Blackbird,species
270104,7089,13,Aves,Branta canadensis,Canada Goose,species
270104,55851,13,Plantae,Lamium purpureum,red deadnettle,species
270104,55925,13,Plantae,Geranium robertianum,Herb Robert,species
270104,207977,13,Insecta,Aglais io,European Peacock Butterfly,species
266134,6930,310,Aves,Anas platyrhynchos,Mallard,species
266134,56099,289,Plantae,Ajuga reptans,carpet bugle,species
266134,55757,255,Plantae,Chelidonium majus,Greater celandine,species
266134,47219,240,Insecta,Apis mellifera,Western Honey Bee,species
266134,204339,240,Plantae,Lamium galeobdolon,yellow archangel,species
266134,55563,231,Plantae,Bellis perennis,Lawn daisy,species
266134,56061,226,Plantae,Alliaria petiolata,garlic mustard,species
266134,51884,205,Plantae,Urtica dioica,great stinging nettle,species
266134,12716,202,Aves,Turdus merula,Eurasian Blackbird,species
266134,13858,186,Aves,Passer domesticus,House Sparrow,species
270042,9184,9,Aves,Zonotrichia albicollis,White-throated Sparrow,species
270042,27500,6,Amphibia,Gyrinophilus porphyriticus,Spring Salamander,species
270042,49288,6,Plantae,Podophyllum peltatum,mayapple,species
270042,50855,6,Plantae,Trillium erectum,red trillium,species
270042,51044,6,Plantae,Sanguinaria canadensis,bloodroot,species
270042,9083,5,Aves,Cardinalis cardinalis,Northern Cardinal,species
270042,8229,4,Aves,Cyanocitta cristata,Blue Jay,species
270042,12727,4,Aves,Turdus migratorius,American Robin,species
270042,46095,4,Mammalia,Marmota monax,Groundhog,species
270042,47219,4,Insecta,Apis mellifera,Western Honey Bee,species
270292,5783,14,Aves,Polytmus guainumbi,White-tailed Goldenthroat,species
270292,1289639,10,Aves,Chionomesa fimbriata,Glittering-throated Emerald,species
270292,4742,9,Aves,Mycteria americana,Wood Stork,species
270292,4867,9,Aves,Vanellus chilensis,Southern Lapwing,species
270292,19975,8,Aves,Athene cunicularia,Burrowing Owl,species
270292,1971,6,Aves,Crotophaga ani,Smooth-billed Ani,species
270292,3017,6,Aves,Columba livia,Rock Pigeon,species
270292,4580,6,Aves,Jacana jacana,Wattled Jacana,species
270292,16787,6,Aves,Tyrannus melancholicus,Tropical Kingbird,species
270292,19018,6,Aves,Ara ararauna,Blue-and-yellow Macaw,species
270274,58732,471,Plantae,Toxicodendron radicans,eastern poison ivy,species
270274,49288,468,Plantae,Podophyllum peltatum,mayapple,species
270274,50278,467,Plantae,Parthenocissus quinquefolia,Virginia creeper,species
270274,82342,440,Plantae,Lonicera maackii,Amur honeysuckle,species
270274,67820,401,Plantae,Erigeron philadelphicus,Philadelphia fleabane,species
270274,54412,378,Plantae,Polystichum acrostichoides,Christmas fern,species
270274,56061,371,Plantae,Alliaria petiolata,garlic mustard,species
270274,211100,355,Insecta,Malacosoma americana,Eastern Tent Caterpillar Moth,species
270274,324726,324,Insecta,Lycorma delicatula,Spotted Lanternfly,species
270274,53582,308,Plantae,Liriodendron tulipifera,American tuliptree,species
270086,119434,8,Mollusca,Chromodoris annae,Anna's Chromodoris,species
270086,346899,5,Mollusca,Goniobranchus hintuanensis,Bus Stop Nudibranch,species
270086,415316,5,Mollusca,Hypselodoris zephyra,Zephyr Hypselodoris,species
270086,42845,4,Mammalia,Ailurops ursinus,Sulawesi Bear Cuscus,species
270086,49735,4,Mollusca,Phyllidia varicosa,Varicose Wart Slug,species
270086,143227,4,Mollusca,Chromodoris strigata,Streaked Chromodoris,species
270086,469568,4,Mollusca,Pteraeolidia semperi,Blue Dragon,species
270086,471356,4,Mollusca,Discodoris cebuensis,,species
270086,2282,3,Aves,Coracias temminckii,Purple-winged Roller,species
270086,2427,3,Aves,Actenoides monachus,Green-backed Kingfisher,species
270093,55990,38,Reptilia,Podarcis muralis,Common Wall Lizard,species
270093,69624,28,Plantae,Oxalis acetosella,European wood-sorrel,species
270093,54468,27,Insecta,Aglais urticae,Small Tortoiseshell,species
270093,56061,25,Plantae,Alliaria petiolata,garlic mustard,species
270093,55840,22,Plantae,Primula elatior,Oxlip,species
270093,119791,22,Plantae,Acer pseudoplatanus,sycamore maple,species
270093,869898,22,Plantae,Polygaloides chamaebuxus,shrubby milkwort,species
270093,130558,21,Plantae,Gentiana acaulis,trumpet gentian,species
270093,639660,21,Plantae,Hepatica nobilis,Liverleaf,species
270093,55766,20,Plantae,Euphorbia cyparissias,cypress spurge,species
270718,1428,1,Aves,Numida meleagris,Helmeted Guineafowl,species
270718,144663,1,Aves,Tockus rufirostris,Southern Red-billed Hornbill,species
270718,347252,1,Plantae,Pergularia daemia,Trellis-vine,species
270718,569984,1,Insecta,Harpagomantis tricolor,African False Flower Mantis,species
270718,853057,1,Insecta,Mulvia albizona,Twobanded Mulvia,species
270718,904342,1,Arachnida,Trichonephila senegalensis,banded-legged golden orb-web spider,species
270718,1482308,1,Insecta,Telchinia serena,Dancing Amber,species
270716,116380,8,Insecta,Rhodometra sacraria,Vestal,species
270716,483517,6,Insecta,Condica capensis,The African,species
270716,1118167,6,Insecta,Chnootriba fabriciana,Cucurbit Lady Beetle,species
270716,1181551,6,Insecta,Eublemma caffrorum,The Banner,species
270716,117214,5,Aves,Sagittarius serpentarius,Secretarybird,species
270716,447895,5,Insecta,Earias biplaga,Spiny Bollworm,species
270716,8211,4,Aves,Laniarius atrococcineus,Crimson-breasted Gonolek,species
270716,123827,4,Insecta,Cheilomenes lunata,Lunate Lady Beetle,species
270716,330517,4,Insecta,Crocidosema plebejana,Cotton Tipworm Moth,species
270716,636727,4,Insecta,Chiasmia furcata,Forked Chiasmia,species
270179,473933,11,Fungi,Morchella snyderi,Natural Black Morel,species
270179,18209,7,Aves,Melanerpes formicivorus,Acorn Woodpecker,species
270179,24259,7,Amphibia,Pseudacris regilla,Pacific chorus frog,species
270179,48987,6,Insecta,Hippodamia convergens,Convergent Lady Beetle,species
270179,49348,6,Insecta,Hyles lineata,White-lined Sphinx,species
270179,64970,6,Amphibia,Anaxyrus boreas,Western Toad,species
270179,3454,5,Aves,Zenaida macroura,Mourning Dove,species
270179,5212,5,Aves,Buteo jamaicensis,Red-tailed Hawk,species
270179,49472,5,Plantae,Sarcodes sanguinea,Snowplant,species
270179,52586,5,Plantae,Silybum marianum,milk thistle,species
268738,8031,2,Aves,Corvus splendens,House Crow,species
268738,125570,2,Insecta,Junonia iphita,Chocolate Pansy,species
268738,204454,2,Aves,Acridotheres tristis,Common Myna,species
268738,338194,2,Insecta,Apis cerana,Asian Honey Bee,species
268738,367546,2,Aves,Psilopogon asiaticus,Blue-throated Barbet,species
268738,1902,1,Aves,Cuculus poliocephalus,Lesser Cuckoo,species
268738,2927,1,Aves,Streptopelia orientalis,Oriental Turtle-Dove,species
268738,8026,1,Aves,Corvus macrorhynchos,Large-billed Crow,species
268738,8267,1,Aves,Dicrurus hottentottus,Hair-crested Drongo,species
268738,8306,1,Aves,Dendrocitta formosae,Gray Treepie,species
270692,131167,1,Plantae,Melanthera nivea,Snow Squarestem,species
270996,67574,14,Plantae,Calotropis gigantea,crown flower,species
270996,50333,13,Plantae,Lantana camara,common lantana,species
270996,169944,10,Plantae,Tridax procumbens,Tridax Daisy,species
270996,62839,9,Plantae,Delonix regia,Flamboyant,species
270996,68679,9,Plantae,Cassia fistula,Golden Shower Tree,species
270996,48872,8,Plantae,Mangifera indica,Indian mango,species
270996,67835,8,Insecta,Danaus chrysippus,Plain Tiger Butterfly,species
270996,99331,8,Insecta,Diplacodes trivialis,Chalky Percher,species
270996,7875,7,Aves,Oriolus xanthornus,Black-hooded Oriole,species
270996,119099,7,Plantae,Jatropha gossypiifolia,Bellyache Bush,species
270099,404899,137,Plantae,Piper excelsum,Kawakawa,species
270099,76435,104,Plantae,Coprosma repens,Taupata,species
270099,197063,104,Plantae,Melicytus ramiflorus,Māhoe,species
270099,210944,99,Plantae,Asplenium oblongifolium,Shining Spleenwort,species
270099,1367786,91,Fungi,Favolaschia claudopus,orange pore fungus,species
270099,51751,84,Plantae,Ulex europaeus,gorse,species
270099,179230,83,Fungi,Auricularia cornea,Ear fungus,species
270099,50191,81,Plantae,Cordyline australis,New Zealand cabbage tree,species
270099,336384,76,Plantae,Brachyglottis repanda,Rangiora,species
270099,126181,75,Plantae,Pseudopanax arboreus,five finger,species
270750,7089,10,Aves,Branta canadensis,Canada Goose,species
270750,54412,7,Plantae,Polystichum acrostichoides,Christmas fern,species
270750,75855,7,Plantae,Botrypus virginianus,rattlesnake fern,species
270750,54793,6,Plantae,Lindera benzoin,northern spicebush,species
270750,103927,6,Insecta,Ladona deplanata,Blue Corporal,species
270750,133027,6,Insecta,Formica subsericea,Silky Field Ant,species
270750,213893,5,Insecta,Aphaenogaster rudis,Winnow Ant,species
270750,769248,5,Plantae,Andersonglossum virginianum,wild comfrey,species
270750,9744,4,Aves,Agelaius phoeniceus,Red-winged Blackbird,species
270750,48098,4,Plantae,Acer rubrum,red maple,species
265198,485873,16,Plantae,Echium angustifolium,Narrow-leaved Viper's-bugloss,species
265198,47219,15,Insecta,Apis mellifera,Western Honey Bee,species
265198,59904,14,Plantae,Glebionis coronaria,Garland Daisy,species
265198,3017,13,Aves,Columba livia,Rock Pigeon,species
265198,20969,13,Aves,Upupa epops,Common Hoopoe,species
265198,77758,13,Plantae,Limonium sinuatum,Blue statice,species
265198,144757,12,Aves,Corvus cornix,Hooded Crow,species
265198,1593987,12,Plantae,Hormuzakia aggregata,Massed Alkanet,species
265198,160574,11,Plantae,Cichorium endivia,Endive,species
265198,204454,11,Aves,Acridotheres tristis,Common Myna,species
270603,53582,6,Plantae,Liriodendron tulipifera,American tuliptree,species
270603,84549,5,Insecta,Plathemis lydia,Common Whitetail,species
270603,75855,4,Plantae,Botrypus virginianus,rattlesnake fern,species
270603,11901,3,Aves,Hirundo rustica,Barn Swallow,species
270603,27123,3,Amphibia,Eurycea lucifuga,Cave Salamander,species
270603,54412,3,Plantae,Polystichum acrostichoides,Christmas fern,species
270603,54921,3,Plantae,Packera glabella,Butterweed,species
270603,64093,3,Plantae,Salvia lyrata,lyreleaf sage,species
270603,68244,3,Insecta,Euptoieta claudia,Variegated Fritillary,species
270603,81559,3,Insecta,Epargyreus clarus,Silver-spotted Skipper,species
271071,253297,191,Mollusca,Glycymeris spectralis,Spectral Bittersweet Clam,species
271071,116461,170,Reptilia,Anolis sagrei,Brown Anole,species
271071,1095846,162,Plantae,Bidens alba,White beggarticks,species
271071,51599,147,Plantae,Psychotria nervosa,Shiny-leaved Wild Coffee,species
271071,82529,129,Plantae,Vitis rotundifolia,muscadine,species
271071,50278,124,Plantae,Parthenocissus quinquefolia,Virginia creeper,species
271071,144479,106,Aves,Gallinula galeata,Common Gallinule,species
271071,77676,102,Plantae,Lepidium virginicum,Virginia pepperweed,species
271071,160544,102,Plantae,Chrysobalanus icaco,Cocoplum,species
271071,52078,101,Plantae,Richardia grandiflora,largeflower Mexican clover,species
265819,775859,164,Plantae,Chorispora sibirica,Siberian Radish,species
265819,82834,136,Plantae,Valeriana tuberosa,Tuberous Valerian,species
265819,344744,133,Plantae,Tulipa patens,,species
265819,791123,98,Plantae,Potentilla humifusa,,species
265819,513801,90,Plantae,Nonea pulla,Brown Monkwort,species
265819,75389,87,Plantae,Alyssum desertorum,desert madwort,species
265819,56121,78,Plantae,Capsella bursa-pastoris,shepherd's-purse,species
265819,909773,77,Plantae,Phlomoides tuberosa,Tuberous Jerusalem sage,species
265819,77672,62,Plantae,Lepidium perfoliatum,clasping pepperweed,species
265819,76301,55,Plantae,Chorispora tenella,crossflower,species
270698,8575,118,Aves,Gymnorhina tibicen,Australian Magpie,species
270698,980095,95,Aves,Trichoglossus moluccanus,Rainbow Lorikeet,species
270698,47219,73,Insecta,Apis mellifera,Western Honey Bee,species
270698,482,68,Aves,Fulica atra,Eurasian Coot,species
270698,6914,66,Aves,Cygnus atratus,Black Swan,species
270698,8583,65,Aves,Grallina cyanoleuca,Magpie-lark,species
270698,418530,65,Aves,Porphyrio melanotus,Australasian Swamphen,species
270698,12231,62,Aves,Manorina melanocephala,Noisy Miner,species
270698,370351,59,Aves,Microcarbo melanoleucos,Little Pied Cormorant,species
270698,357,57,Aves,Gallinula tenebrosa,Dusky Moorhen,species
264014,1568936,23,Plantae,Senega lutea,orange milkwort,species
264014,49658,22,Plantae,Liquidambar styraciflua,American sweetgum,species
264014,26159,21,Reptilia,Alligator mississippiensis,American Alligator,species
264014,36514,21,Reptilia,Anolis carolinensis,Green Anole,species
264014,127269,16,Plantae,Cirsium horridulum,bristle thistle,species
264014,39782,14,Reptilia,Trachemys scripta,Pond Slider,species
264014,4956,12,Aves,Ardea herodias,Great Blue Heron,species
264014,49016,12,Insecta,Orgyia detrita,Fir Tussock Moth,species
264014,4793,10,Aves,Charadrius vociferus,Killdeer,species
264014,58511,10,Insecta,Poanes viator,Broad-winged Skipper,species
264631,604626,48,Insecta,Phyllocephala negus,Arabian Desert Shield Bug,species
264631,31079,40,Reptilia,Echis carinatus,Saw-scaled Viper,species
264631,783045,37,Arachnida,Evippa arenaria,,species
264631,797769,37,Reptilia,Trigonodactylus arabicus,Arabian Short-fingered Gecko,species
264631,13858,33,Aves,Passer domesticus,House Sparrow,species
264631,14590,33,Aves,Pycnonotus leucotis,White-eared Bulbul,species
264631,204454,32,Aves,Acridotheres tristis,Common Myna,species
264631,245956,32,Insecta,Apis florea,Red Dwarf Honey Bee,species
264631,32230,31,Reptilia,Eryx jayakari,Arabian Sand Boa,species
264631,33494,28,Reptilia,Bunopus tuberculatus,Southern Tuberculated Gecko,species
271177,19,1,Aves,Eurypyga helias,Sunbittern,species
271177,1626,1,Aves,Opisthocomus hoazin,Hoatzin,species
271177,8468,1,Aves,Cyanocorax violaceus,Violaceous Jay,species
271177,9014,1,Aves,Formicarius colma,Rufous-capped Antthrush,species
271177,10126,1,Aves,Psarocolius decumanus,Crested Oropendola,species
271177,18799,1,Aves,Ramphastos tucanus,White-throated Toucan,species
271177,19022,1,Aves,Ara macao,Scarlet Macaw,species
271177,20729,1,Aves,Trogon curucui,Blue-crowned Trogon,species
271177,24322,1,Amphibia,Scinax ruber,Red Snouted Tree Frog,species
271177,42176,1,Mammalia,Mazama americana,Northwestern Red Brocket,species
271205,9083,25,Aves,Cardinalis cardinalis,Northern Cardinal,species
271205,43116,17,Mammalia,Sylvilagus aquaticus,Swamp Rabbit,species
271205,3849,15,Aves,Calidris alba,Sanderling,species
271205,284004,13,Plantae,Sisyrinchium micranthum,Blue Pigroot,species
271205,75995,12,Plantae,Campsis radicans,American trumpet vine,species
271205,123545,12,Plantae,Sarracenia alata,Pale Pitcher Plant,species
271205,127269,12,Plantae,Cirsium horridulum,bristle thistle,species
271205,127635,12,Insecta,Plecia nearctica,Common Lovebug,species
271205,36514,11,Reptilia,Anolis carolinensis,Green Anole,species
271205,50278,11,Plantae,Parthenocissus quinquefolia,Virginia creeper,species
265390,7089,5,Aves,Branta canadensis,Canada Goose,species
265390,84227,5,Plantae,Rubus phoenicolasius,wineberry,species
265390,12727,4,Aves,Turdus migratorius,American Robin,species
265390,6930,3,Aves,Anas platyrhynchos,Mallard,species
265390,47911,3,Plantae,Asclepias syriaca,common milkweed,species
265390,52724,3,Plantae,Equisetum arvense,field horsetail,species
265390,56061,3,Plantae,Alliaria petiolata,garlic mustard,species
265390,58732,3,Plantae,Toxicodendron radicans,eastern poison ivy,species
265390,82342,3,Plantae,Lonicera maackii,Amur honeysuckle,species
265390,243824,3,Plantae,Potentilla indica,mock strawberry,species
270157,55925,26,Plantae,Geranium robertianum,Herb Robert,species
270157,54531,24,Plantae,Cardamine pratensis,Cuckooflower,species
270157,56152,22,Plantae,Allium ursinum,Ramsons,species
270157,53178,20,Plantae,Plantago lanceolata,ribwort plantain,species
270157,51147,19,Plantae,Crataegus monogyna,common hawthorn,species
270157,55759,18,Plantae,Silene dioica,red campion,species
270157,204321,18,Plantae,Ficaria verna,lesser celandine,species
270157,47602,16,Plantae,Taraxacum officinale,common dandelion,species
270157,61318,16,Plantae,Arum maculatum,Cuckoo-pint,species
270157,61481,14,Plantae,Viola riviniana,common dog-violet,species
271263,52440,8,Plantae,Enterolobium cyclocarpum,elephant ear tree,species
271263,284696,6,Plantae,Roseodendron donnell-smithii,Primavera,species
271263,12714,5,Aves,Turdus rufopalliatus,Rufous-backed Robin,species
271263,130734,5,Plantae,Bursera simaruba,Gumbo Limbo,species
271263,2089,4,Aves,Ortalis poliocephala,West Mexican Chachalaca,species
271263,16956,4,Aves,Pitangus sulphuratus,Great Kiskadee,species
271263,179981,4,Mammalia,Notocitellus annulatus,Ring-tailed Ground Squirrel,species
271263,244459,4,Plantae,Acrocomia aculeata,Macaw palm,species
271263,2124,3,Aves,Momotus mexicanus,Russet-crowned Motmot,species
271263,6893,3,Aves,Dendrocygna autumnalis,Black-bellied Whistling-Duck,species
271084,53268,20,Plantae,Maianthemum stellatum,star-flowered lily-of-the-valley,species
271084,126334,20,Plantae,Trillium recurvatum,prairie trillium,species
271084,47699,19,Plantae,Geranium maculatum,wild geranium,species
271084,159830,15,Plantae,Cardamine bulbosa,bulbous cress,species
271084,50310,14,Plantae,Arisaema triphyllum,Jack-in-the-Pulpit,species
271084,53094,13,Plantae,Heracleum maximum,common cowparsnip,species
271084,82576,13,Plantae,Onoclea sensibilis,sensitive fern,species
271084,83154,12,Plantae,Zizia aurea,golden Alexanders,species
271084,54811,11,Plantae,Rhamnus cathartica,common buckthorn,species
271084,56061,11,Plantae,Alliaria petiolata,garlic mustard,species
264498,4733,83,Aves,Ciconia ciconia,White Stork,species
264498,48548,66,Insecta,Vanessa cardui,Painted Lady,species
264498,891696,42,Aves,Pica pica,Eurasian Magpie,species
264498,145291,38,Aves,Emberiza calandra,Corn Bunting,species
264498,5267,37,Aves,Milvus milvus,Red Kite,species
264498,5366,31,Aves,Gyps fulvus,Eurasian Griffon,species
264498,43151,31,Mammalia,Oryctolagus cuniculus,European Rabbit,species
264498,5268,28,Aves,Milvus migrans,Black Kite,species
264498,83004,24,Plantae,Lavandula pedunculata,spanish lavender,species
264498,3048,22,Aves,Columba palumbus,Common Wood-Pigeon,species
264612,1585373,99,Aves,Ardea coromanda,Eastern Cattle-Egret,species
264612,8031,86,Aves,Corvus splendens,House Crow,species
264612,99331,58,Insecta,Diplacodes trivialis,Chalky Percher,species
264612,107008,58,Insecta,Neurothemis tullia,Pied Paddy Skimmer,species
264612,117293,57,Insecta,Oecophylla smaragdina,Asian Weaver Ant,species
264612,4993,50,Aves,Ardeola grayii,Indian Pond-Heron,species
264612,6891,49,Aves,Dendrocygna javanica,Lesser Whistling-Duck,species
264612,1071035,40,Mammalia,Semnopithecus hypoleucos,Malabar Sacred Langur,species
264612,204491,38,Aves,Copsychus saularis,Oriental Magpie-Robin,species
264612,5268,36,Aves,Milvus migrans,Black Kite,species
272106,950598,14,Plantae,Anemonoides quinquefolia,wood anemone,species
272106,46017,12,Mammalia,Sciurus carolinensis,Eastern Gray Squirrel,species
272106,7024,8,Aves,Somateria mollissima,Common Eider,species
272106,48284,7,Animalia,Oniscus asellus,Common Shiny Woodlouse,species
272106,1578489,7,Aves,Larus smithsonianus,American Herring Gull,species
272106,9135,6,Aves,Spizella passerina,Chipping Sparrow,species
272106,43111,6,Mammalia,Sylvilagus floridanus,Eastern Cottontail,species
272106,39771,5,Reptilia,Chrysemys picta,Painted Turtle,species
272106,1064817,5,Animalia,Cyanea fulva,Atlantic Lion's Mane Jelly,species
272106,7089,4,Aves,Branta canadensis,Canada Goose,species
272039,55757,57,Plantae,Chelidonium majus,Greater celandine,species
272039,55563,56,Plantae,Bellis perennis,Lawn daisy,species
272039,55830,52,Plantae,Glechoma hederacea,ground-ivy,species
272039,55851,46,Plantae,Lamium purpureum,red deadnettle,species
272039,1024536,44,Plantae,Rabelera holostea,greater stitchwort,species
272039,56061,37,Plantae,Alliaria petiolata,garlic mustard,species
272039,54763,35,Plantae,Acer platanoides,Norway maple,species
272039,55876,35,Plantae,Lamium album,White deadnettle,species
272039,126756,33,Plantae,Lathyrus vernus,spring vetch,species
272039,6930,32,Aves,Anas platyrhynchos,Mallard,species
265959,47219,48,Insecta,Apis mellifera,Western Honey Bee,species
265959,9607,43,Aves,Quiscalus mexicanus,Great-tailed Grackle,species
265959,3460,29,Aves,Zenaida asiatica,White-winged Dove,species
265959,12720,26,Aves,Turdus grayi,Clay-colored Thrush,species
265959,180366,20,Insecta,Trigona fulviventris,Red-tailed Stingless Bee,species
265959,48662,18,Insecta,Danaus plexippus,Monarch,species
265959,9183,15,Aves,Zonotrichia capensis,Rufous-collared Sparrow,species
265959,42649,13,Mammalia,Didelphis marsupialis,Southern Opossum,species
265959,56083,13,Animalia,Armadillidium vulgare,Common Pill Woodlouse,species
265959,4765,12,Aves,Coragyps atratus,Black Vulture,species
266302,123438,13,Plantae,Plumeria rubra,Mexican Plumeria,species
266302,4765,10,Aves,Coragyps atratus,Black Vulture,species
266302,35306,10,Reptilia,Ctenosaura pectinata,Western Spiny-tailed Iguana,species
266302,1584283,10,Aves,Cyanocorax formosus,White-throated Magpie-Jay,species
266302,9083,8,Aves,Cardinalis cardinalis,Northern Cardinal,species
266302,61369,8,Plantae,Momordica charantia,Bitter Melon,species
266302,113101,8,Actinopterygii,Stegastes acapulcoensis,Acapulco Major,species
266302,210076,8,Plantae,Vitex mollis,,species
266302,9607,7,Aves,Quiscalus mexicanus,Great-tailed Grackle,species
266302,36175,7,Reptilia,Sceloporus siniferus,Longtail Spiny Lizard,species
266304,35303,2,Reptilia,Ctenosaura similis,Black Spiny-tailed Iguana,species
266304,49402,2,Actinopterygii,Abudefduf saxatilis,Atlantic Sergeant Major,species
266304,2969,1,Aves,Streptopelia decaocto,Eurasian Collared-Dove,species
266304,4578,1,Aves,Jacana spinosa,Northern Jacana,species
266304,5672,1,Aves,Amazilia yucatanensis,Buff-bellied Hummingbird,species
266304,9346,1,Aves,Icterus galbula,Baltimore Oriole,species
266304,9607,1,Aves,Quiscalus mexicanus,Great-tailed Grackle,species
266304,9915,1,Aves,Piranga rubra,Summer Tanager,species
266304,14884,1,Aves,Mimus gilvus,Tropical Mockingbird,species
266304,16956,1,Aves,Pitangus sulphuratus,Great Kiskadee,species
270234,51702,70,Insecta,Coccinella septempunctata,Seven-spotted Lady Beetle,species
270234,55830,54,Plantae,Glechoma hederacea,ground-ivy,species
270234,124544,39,Plantae,Anthriscus sylvestris,Cow Parsley,species
270234,51610,36,Plantae,Veronica chamaedrys,Germander Speedwell,species
270234,55563,36,Plantae,Bellis perennis,Lawn daisy,species
270234,765394,34,Plantae,Sambucus nigra,European black elderberry,species
270234,55819,33,Plantae,Primula veris,Cowslip,species
270234,119791,33,Plantae,Acer pseudoplatanus,sycamore maple,species
270234,51147,31,Plantae,Crataegus monogyna,common hawthorn,species
270234,56061,31,Plantae,Alliaria petiolata,garlic mustard,species
266456,12727,26,Aves,Turdus migratorius,American Robin,species
266456,7089,18,Aves,Branta canadensis,Canada Goose,species
266456,9184,18,Aves,Zonotrichia albicollis,White-throated Sparrow,species
266456,9744,17,Aves,Agelaius phoeniceus,Red-winged Blackbird,species
266456,145245,16,Aves,Setophaga coronata,Yellow-rumped Warbler,species
266456,8021,14,Aves,Corvus brachyrhynchos,American Crow,species
266456,881504,14,Plantae,Pulsatilla nuttalliana,prairie pasqueflower,species
266456,46260,13,Mammalia,Tamiasciurus hudsonicus,American Red Squirrel,species
266456,6993,12,Aves,Bucephala albeola,Bufflehead,species
266456,18236,12,Aves,Colaptes auratus,Northern Flicker,species
272155,51884,31,Plantae,Urtica dioica,great stinging nettle,species
272155,55563,29,Plantae,Bellis perennis,Lawn daisy,species
272155,47602,23,Plantae,Taraxacum officinale,common dandelion,species
272155,56061,23,Plantae,Alliaria petiolata,garlic mustard,species
272155,204321,23,Plantae,Ficaria verna,lesser celandine,species
272155,54531,22,Plantae,Cardamine pratensis,Cuckooflower,species
272155,63371,21,Plantae,Rumex obtusifolius,broad-leaved dock,species
272155,53059,19,Plantae,Galium aparine,catchweed bedstraw,species
272155,55891,19,Plantae,Geum urbanum,Wood Avens,species
272155,51495,17,Insecta,Anthocharis cardamines,orange-tip,species
272157,410464,49,Insecta,Exapion ulicis,Gorse Seed Weevil,species
272157,56061,39,Plantae,Alliaria petiolata,garlic mustard,species
272157,51702,35,Insecta,Coccinella septempunctata,Seven-spotted Lady Beetle,species
272157,244033,27,Plantae,Allium paradoxum,Few-flowered Leek,species
272157,6930,24,Aves,Anas platyrhynchos,Mallard,species
272157,55759,24,Plantae,Silene dioica,red campion,species
272157,166466,23,Plantae,Pentaglottis sempervirens,Green Alkanet,species
272157,55876,21,Plantae,Lamium album,White deadnettle,species
272157,51884,20,Plantae,Urtica dioica,great stinging nettle,species
272157,53059,20,Plantae,Galium aparine,catchweed bedstraw,species
266615,43411,12,Mammalia,Ateles geoffroyi,Central American Spider Monkey,species
266615,197739,12,Insecta,Argia gaumeri,Peten Dancer,species
266615,913,11,Aves,Meleagris ocellata,Ocellated Turkey,species
266615,9607,10,Aves,Quiscalus mexicanus,Great-tailed Grackle,species
266615,20733,10,Aves,Trogon massena,Slaty-tailed Trogon,species
266615,201041,10,Aves,Rupornis magnirostris,Roadside Hawk,species
266615,10262,9,Aves,Cyanerpes cyaneus,Red-legged Honeycreeper,species
266615,59776,9,Insecta,Perithemis tenera,Eastern Amberwing,species
266615,165750,9,Plantae,Nymphaea ampla,Dotleaf Waterlily,species
266615,4940,8,Aves,Egretta thula,Snowy Egret,species
271354,55830,9,Plantae,Glechoma hederacea,ground-ivy,species
271354,56061,9,Plantae,Alliaria petiolata,garlic mustard,species
271354,60579,9,Insecta,Andrena fulva,Tawny Mining Bee,species
271354,950603,9,Plantae,Anemonoides nemorosa,wood anemone,species
271354,4270,7,Aves,Phalacrocorax carbo,Great Cormorant,species
271354,43128,7,Mammalia,Lepus europaeus,Brown Hare,species
271354,55844,7,Plantae,Vinca minor,lesser periwinkle,species
271354,144757,7,Aves,Corvus cornix,Hooded Crow,species
271354,203153,7,Aves,Parus major,Great Tit,species
271354,204321,7,Plantae,Ficaria verna,lesser celandine,species
271109,777371,26,Plantae,Diplacus aurantiacus,orange bush monkeyflower,species
271109,467284,22,Mollusca,Doriopsilla fulva,White-speckled Dorid,species
271109,41728,20,Mammalia,Mirounga angustirostris,Northern Elephant Seal,species
271109,51080,20,Plantae,Toxicodendron diversilobum,Pacific poison oak,species
271109,53359,20,Plantae,Baccharis pilularis,coyote brush,species
271109,50643,16,Plantae,Salvia mellifera,black sage,species
271109,51315,16,Plantae,Calochortus albus,White Globe Lily,species
271109,180007,16,Mammalia,Otospermophilus beecheyi,California Ground Squirrel,species
271109,1190286,16,Plantae,Erythranthe serpentinicola,Irish Hills monkeyflower,species
271109,494603,15,Mollusca,Hermissenda opalescens,Opalescent Nudibranch,species
271955,7109,8,Aves,Lophodytes cucullatus,Hooded Merganser,species
271955,39771,8,Reptilia,Chrysemys picta,Painted Turtle,species
271955,7004,6,Aves,Mergus merganser,Common Merganser,species
271955,7044,5,Aves,Aythya collaris,Ring-necked Duck,species
271955,50855,5,Plantae,Trillium erectum,red trillium,species
271955,52391,5,Plantae,Pinus strobus,eastern white pine,species
271955,116999,5,Aves,Pandion haliaetus,Osprey,species
271955,145245,5,Aves,Setophaga coronata,Yellow-rumped Warbler,species
271955,7107,4,Aves,Aix sponsa,Wood Duck,species
271955,54412,4,Plantae,Polystichum acrostichoides,Christmas fern,species
272549,51702,23,Insecta,Coccinella septempunctata,Seven-spotted Lady Beetle,species
272549,48484,19,Insecta,Harmonia axyridis,Asian Lady Beetle,species
272549,55990,19,Reptilia,Podarcis muralis,Common Wall Lizard,species
272549,56061,19,Plantae,Alliaria petiolata,garlic mustard,species
272549,61532,18,Insecta,Propylea quatuordecimpunctata,Fourteen-spotted Lady Beetle,species
272549,51610,17,Plantae,Veronica chamaedrys,Germander Speedwell,species
272549,52592,17,Insecta,Pararge aegeria,Speckled Wood,species
272549,55610,17,Insecta,Pyrrhocoris apterus,European Firebug,species
272549,6930,15,Aves,Anas platyrhynchos,Mallard,species
272549,7089,15,Aves,Branta canadensis,Canada Goose,species
272620,425206,35,Arachnida,Nephilingis cruentata,African Hermit Spider,species
272620,47219,21,Insecta,Apis mellifera,Western Honey Bee,species
272620,17278,17,Aves,Fluvicola nengeta,Masked Water-Tyrant,species
272620,132451,17,Plantae,Tithonia diversifolia,Mexican sunflower,species
272620,366832,16,Insecta,Camponotus rufipes,,species
272620,464189,16,Fungi,Herpothallon rubrocinctum,Christmas lichen,species
272620,2060,15,Aves,Penelope obscura,Dusky-legged Guan,species
272620,9864,14,Aves,Sicalis flaveola,Saffron Finch,species
272620,62811,14,Plantae,Carica papaya,Papaya,species
272620,1289663,14,Aves,Eupetomena cirrochloris,Sombre Hummingbird,species
272687,9744,18,Aves,Agelaius phoeniceus,Red-winged Blackbird,species
272687,144455,18,Aves,Ardea alba,Great Egret,species
272687,6930,17,Aves,Anas platyrhynchos,Mallard,species
272687,48586,17,Mollusca,Cepaea nemoralis,Brown-lipped Snail,species
272687,12727,15,Aves,Turdus migratorius,American Robin,species
272687,14801,14,Aves,Sitta carolinensis,White-breasted Nuthatch,species
272687,7089,13,Aves,Branta canadensis,Canada Goose,species
272687,792988,13,Aves,Dryobates pubescens,Downy Woodpecker,species
272687,116999,11,Aves,Pandion haliaetus,Osprey,species
272687,145310,11,Aves,Spinus tristis,American Goldfinch,species
272136,406024,103,Plantae,Senecio skirrhodon,Gravel Groundsel,species
272136,401998,62,Plantae,Geniostoma ligustrifolium,Hangehange,species
272136,404899,59,Plantae,Piper excelsum,Kawakawa,species
272136,1367786,51,Fungi,Favolaschia claudopus,orange pore fungus,species
272136,197063,48,Plantae,Melicytus ramiflorus,Māhoe,species
272136,210946,46,Plantae,Myrsine australis,Māpou,species
272136,131669,40,Plantae,Cyathea dealbata,silver fern,species
272136,181603,39,Plantae,Hoheria populnea,North Island lacebark,species
272136,366632,35,Plantae,Knightia excelsa,Rewarewa,species
272136,50191,33,Plantae,Cordyline australis,New Zealand cabbage tree,species
272692,9915,28,Aves,Piranga rubra,Summer Tanager,species
272692,9921,21,Aves,Piranga olivacea,Scarlet Tanager,species
272692,3460,17,Aves,Zenaida asiatica,White-winged Dove,species
272692,4765,16,Aves,Coragyps atratus,Black Vulture,species
272692,8470,13,Aves,Cyanocorax yucatanicus,Yucatan Jay,species
272692,9607,13,Aves,Quiscalus mexicanus,Great-tailed Grackle,species
272692,62809,12,Plantae,Ceiba pentandra,Kapok Tree,species
272692,144479,11,Aves,Gallinula galeata,Common Gallinule,species
272692,979756,11,Aves,Leiothlypis peregrina,Tennessee Warbler,species
272692,8671,10,Aves,Pachyramphus aglaiae,Rose-throated Becard,species
272719,49288,122,Plantae,Podophyllum peltatum,mayapple,species
272719,47697,100,Plantae,Hesperis matronalis,dame's rocket,species
272719,67820,85,Plantae,Erigeron philadelphicus,Philadelphia fleabane,species
272719,56061,84,Plantae,Alliaria petiolata,garlic mustard,species
272719,12727,78,Aves,Turdus migratorius,American Robin,species
272719,55402,78,Plantae,Trillium grandiflorum,large white trillium,species
272719,56126,71,Plantae,Barbarea vulgaris,bitter wintercress,species
272719,58732,71,Plantae,Toxicodendron radicans,eastern poison ivy,species
272719,47699,70,Plantae,Geranium maculatum,wild geranium,species
272719,50310,66,Plantae,Arisaema triphyllum,Jack-in-the-Pulpit,species
272359,324460,33,Mollusca,Nesiohelix swinhoei,,species
272359,204375,14,Plantae,Persicaria chinensis,China knotweed,species
272359,423549,14,Insecta,Euproctis taiwana,Taiwan yellow tussock moth,species
272359,5043,11,Aves,Gorsachius melanolophus,Malayan Night Heron,species
272359,61963,11,Plantae,Oxalis debilis,Largeflower pink-sorrel,species
272359,347785,11,Insecta,Opisthoplatia orientalis,Amphibious Litter Cockroach,species
272359,131249,10,Plantae,Persicaria perfoliata,mile-a-minute weed,species
272359,165027,10,Plantae,Macaranga tanarius,Elephant's Ear,species
272359,1095846,10,Plantae,Bidens alba,White beggarticks,species
272359,4981,9,Aves,Nycticorax nycticorax,Black-crowned Night Heron,species
264098,56061,114,Plantae,Alliaria petiolata,garlic mustard,species
264098,55830,101,Plantae,Glechoma hederacea,ground-ivy,species
264098,49288,83,Plantae,Podophyllum peltatum,mayapple,species
264098,78882,80,Plantae,Rosa multiflora,multiflora rose,species
264098,67820,78,Plantae,Erigeron philadelphicus,Philadelphia fleabane,species
264098,46017,75,Mammalia,Sciurus carolinensis,Eastern Gray Squirrel,species
264098,53582,74,Plantae,Liriodendron tulipifera,American tuliptree,species
264098,58732,73,Plantae,Toxicodendron radicans,eastern poison ivy,species
264098,78820,73,Plantae,Ranunculus bulbosus,bulbous buttercup,species
264098,9744,71,Aves,Agelaius phoeniceus,Red-winged Blackbird,species
272049,6930,64,Aves,Anas platyrhynchos,Mallard,species
272049,55830,63,Plantae,Glechoma hederacea,ground-ivy,species
272049,55563,56,Plantae,Bellis perennis,Lawn daisy,species
272049,56061,49,Plantae,Alliaria petiolata,garlic mustard,species
272049,54763,44,Plantae,Acer platanoides,Norway maple,species
272049,143793,42,Plantae,Prunus padus,bird cherry,species
272049,55851,39,Plantae,Lamium purpureum,red deadnettle,species
272049,51884,38,Plantae,Urtica dioica,great stinging nettle,species
272049,204321,38,Plantae,Ficaria verna,lesser celandine,species
272049,56063,37,Plantae,Sorbus aucuparia,European mountain ash,species
270819,85338,62,Plantae,Salvia pratensis,Meadow Sage,species
270819,51875,56,Plantae,Trifolium pratense,Red Clover,species
270819,48484,51,Insecta,Harmonia axyridis,Asian Lady Beetle,species
270819,55563,48,Plantae,Bellis perennis,Lawn daisy,species
270819,6930,45,Aves,Anas platyrhynchos,Mallard,species
270819,47219,36,Insecta,Apis mellifera,Western Honey Bee,species
270819,3017,35,Aves,Columba livia,Rock Pigeon,species
270819,55990,35,Reptilia,Podarcis muralis,Common Wall Lizard,species
270819,165590,35,Plantae,Muscari comosum,Tassel Hyacinth,species
270819,12716,34,Aves,Turdus merula,Eurasian Blackbird,species
272356,1095846,50,Plantae,Bidens alba,White beggarticks,species
272356,128032,30,Plantae,Broussonetia papyrifera,Paper mulberry,species
272356,773801,30,Plantae,Morus indica,Korean mulberry,species
272356,362126,28,Plantae,Alocasia odora,Asian Taro,species
272356,61963,22,Plantae,Oxalis debilis,Largeflower pink-sorrel,species
272356,905567,19,Plantae,Hydrangea chinensis,Chinese Hydrangea,species
272356,84405,18,Plantae,Calyptocarpus vialis,straggler daisy,species
272356,165027,16,Plantae,Macaranga tanarius,Elephant's Ear,species
272356,322755,16,Plantae,Farfugium japonicum,leopard-plant,species
272356,556243,16,Plantae,Ilex asprella,Rough-leaved Holly,species
272355,1095846,38,Plantae,Bidens alba,White beggarticks,species
272355,61963,36,Plantae,Oxalis debilis,Largeflower pink-sorrel,species
272355,5043,35,Aves,Gorsachius melanolophus,Malayan Night Heron,species
272355,128032,35,Plantae,Broussonetia papyrifera,Paper mulberry,species
272355,165027,35,Plantae,Macaranga tanarius,Elephant's Ear,species
272355,362126,35,Plantae,Alocasia odora,Asian Taro,species
272355,210990,33,Plantae,Gardenia jasminoides,common gardenia,species
272355,556243,30,Plantae,Ilex asprella,Rough-leaved Holly,species
272355,773801,28,Plantae,Morus indica,Korean mulberry,species
272355,905567,28,Plantae,Hydrangea chinensis,Chinese Hydrangea,species
272363,1095846,37,Plantae,Bidens alba,White beggarticks,species
272363,128032,29,Plantae,Broussonetia papyrifera,Paper mulberry,species
272363,61963,22,Plantae,Oxalis debilis,Largeflower pink-sorrel,species
272363,53168,19,Plantae,Oxalis corniculata,Creeping Woodsorrel,species
272363,84405,15,Plantae,Calyptocarpus vialis,straggler daisy,species
272363,362126,15,Plantae,Alocasia odora,Asian Taro,species
272363,773801,15,Plantae,Morus indica,Korean mulberry,species
272363,77494,14,Plantae,Ipomoea cairica,Mile-a-minute vine,species
272363,54982,13,Plantae,Ficus microcarpa,Chinese banyan,species
272363,1263715,13,Plantae,Heptapleurum heptaphyllum,Ivy Tree,species
272357,128032,56,Plantae,Broussonetia papyrifera,Paper mulberry,species
272357,1095846,50,Plantae,Bidens alba,White beggarticks,species
272357,773801,38,Plantae,Morus indica,Korean mulberry,species
272357,61963,35,Plantae,Oxalis debilis,Largeflower pink-sorrel,species
272357,84405,31,Plantae,Calyptocarpus vialis,straggler daisy,species
272357,165389,31,Plantae,Mikania micrantha,mile-a-minute,species
272357,129327,25,Plantae,Passiflora suberosa,corkystem passionflower,species
272357,362126,25,Plantae,Alocasia odora,Asian Taro,species
272357,169060,23,Plantae,Solanum diphyllum,twoleaf nightshade,species
272357,191503,21,Plantae,Dimocarpus longan,Longan,species
272353,128032,35,Plantae,Broussonetia papyrifera,Paper mulberry,species
272353,53168,22,Plantae,Oxalis corniculata,Creeping Woodsorrel,species
272353,1095846,21,Plantae,Bidens alba,White beggarticks,species
272353,53983,20,Plantae,Digitalis purpurea,purple foxglove,species
272353,773801,20,Plantae,Morus indica,Korean mulberry,species
272353,61963,19,Plantae,Oxalis debilis,Largeflower pink-sorrel,species
272353,165389,19,Plantae,Mikania micrantha,mile-a-minute,species
272353,129327,18,Plantae,Passiflora suberosa,corkystem passionflower,species
272353,131560,16,Plantae,Euphorbia hirta,Asthma Plant,species
272353,165027,16,Plantae,Macaranga tanarius,Elephant's Ear,species
272352,1095846,44,Plantae,Bidens alba,White beggarticks,species
272352,128032,34,Plantae,Broussonetia papyrifera,Paper mulberry,species
272352,61963,33,Plantae,Oxalis debilis,Largeflower pink-sorrel,species
272352,165027,30,Plantae,Macaranga tanarius,Elephant's Ear,species
272352,773801,25,Plantae,Morus indica,Korean mulberry,species
272352,26053,23,Amphibia,Fejervarya limnocharis,Paddy Field Frog,species
272352,131560,22,Plantae,Euphorbia hirta,Asthma Plant,species
272352,471230,22,Plantae,Melanolepis multiglandulosa,Alim,species
272352,204375,21,Plantae,Persicaria chinensis,China knotweed,species
272352,502885,21,Mollusca,Lissachatina fulica,African Giant Snail,species
272362,471230,13,Plantae,Melanolepis multiglandulosa,Alim,species
272362,2599,11,Aves,Alcedo atthis,Common Kingfisher,species
272362,706379,11,Plantae,Amorphophallus henryi,,species
272362,1438095,11,Plantae,Passiflora vesicaria,Stinking Passionflower,species
272362,204490,10,Aves,Copsychus malabaricus,White-rumped Shama,species
272362,201282,9,Aves,Gallinula chloropus,Common Moorhen,species
272362,905567,9,Plantae,Hydrangea chinensis,Chinese Hydrangea,species
272362,166911,8,Plantae,Pisonia aculeata,Native Bougainvillea,species
272362,13851,7,Aves,Passer montanus,Eurasian Tree Sparrow,species
272362,38008,7,Reptilia,Eutropis multifasciata,Common Sun Skink,species
272364,4943,12,Aves,Egretta garzetta,Little Egret,species
272364,14619,10,Aves,Pycnonotus taivanus,Styan's Bulbul,species
272364,2935,9,Aves,Streptopelia tranquebarica,Red Collared-Dove,species
272364,4896,9,Aves,Pluvialis fulva,Pacific Golden-Plover,species
272364,126845,9,Plantae,Vitex rotundifolia,Beach Vitex,species
272364,4981,8,Aves,Nycticorax nycticorax,Black-crowned Night Heron,species
272364,204524,8,Aves,Hypsipetes leucocephalus,Black Bulbul,species
272364,3978,7,Aves,Actitis hypoleucos,Common Sandpiper,species
272364,13695,7,Aves,Motacilla alba,White Wagtail,species
272364,70023,7,Plantae,Pandanus odorifer,Screw-pine,species
272323,48961,15,Plantae,Symplocarpus foetidus,Eastern Skunk Cabbage,species
272323,67748,11,Plantae,Maianthemum canadense,Canada mayflower,species
272323,82358,11,Plantae,Chimaphila maculata,striped wintergreen,species
272323,83799,11,Plantae,Mitchella repens,partridgeberry,species
272323,204174,10,Plantae,Lysimachia borealis,northern starflower,species
272323,52391,9,Plantae,Pinus strobus,eastern white pine,species
272323,9424,8,Aves,Pipilo erythrophthalmus,Eastern Towhee,species
272323,950598,8,Plantae,Anemonoides quinquefolia,wood anemone,species
272323,56224,7,Plantae,Caltha palustris,marsh marigold,species
272323,62236,7,Plantae,Chimaphila umbellata,pipsissewa,species
272325,12727,8,Aves,Turdus migratorius,American Robin,species
272325,48961,8,Plantae,Symplocarpus foetidus,Eastern Skunk Cabbage,species
272325,52391,7,Plantae,Pinus strobus,eastern white pine,species
272325,56061,7,Plantae,Alliaria petiolata,garlic mustard,species
272325,62376,6,Plantae,Gaultheria procumbens,Eastern Teaberry,species
272325,67748,6,Plantae,Maianthemum canadense,Canada mayflower,species
272325,83799,6,Plantae,Mitchella repens,partridgeberry,species
272325,6930,5,Aves,Anas platyrhynchos,Mallard,species
272325,46017,5,Mammalia,Sciurus carolinensis,Eastern Gray Squirrel,species
272325,49397,5,Plantae,Kalmia latifolia,mountain laurel,species
272389,20969,5,Aves,Upupa epops,Common Hoopoe,species
272389,70211,5,Insecta,Myathropa florea,Yellow-haired Sun Fly,species
272389,105457,5,Insecta,Melanargia arge,Italian marbled white,species
272389,51286,4,Plantae,Bellardia trixago,Mediterranean lineseed,species
272389,1632151,4,Plantae,Anacamptis fragrans,Scented Orchid,species
272389,83085,3,Plantae,Anacamptis pyramidalis,pyramidal orchid,species
272389,6638,2,Aves,Apus apus,Common Swift,species
272389,11901,2,Aves,Hirundo rustica,Barn Swallow,species
272389,59343,2,Plantae,Urospermum dalechampii,smooth golden fleece,species
272389,61068,2,Plantae,Lagurus ovatus,Hare's Tail Grass,species
272361,14621,22,Aves,Pycnonotus sinensis,Light-vented Bulbul,species
272361,128032,22,Plantae,Broussonetia papyrifera,Paper mulberry,species
272361,1095846,21,Plantae,Bidens alba,White beggarticks,species
272361,1438095,20,Plantae,Passiflora vesicaria,Stinking Passionflower,species
272361,13851,18,Aves,Passer montanus,Eurasian Tree Sparrow,species
272361,165027,15,Plantae,Macaranga tanarius,Elephant's Ear,species
272361,2935,13,Aves,Streptopelia tranquebarica,Red Collared-Dove,species
272361,145095,12,Aves,Acridotheres javanicus,Javan Myna,species
272361,1585373,12,Aves,Ardea coromanda,Eastern Cattle-Egret,species
272361,95995,11,Insecta,Brachythemis contaminata,Ditch Jewel,species
272253,51315,26,Plantae,Calochortus albus,White Globe Lily,species
272253,57078,23,Plantae,Trifolium hirtum,Rose Clover,species
272253,64441,23,Plantae,Calochortus monophyllus,Yellow Star-tulip,species
272253,51080,17,Plantae,Toxicodendron diversilobum,Pacific poison oak,species
272253,62248,13,Plantae,Asclepias cordifolia,heart-leaf milkweed,species
272253,47597,12,Plantae,Chlorogalum pomeridianum,wavy-leafed soap plant,species
272253,53348,12,Plantae,Aesculus californica,California buckeye,species
272253,56573,12,Plantae,Chamaebatia foliolosa,Mountain Misery,species
272253,57081,12,Plantae,Trifolium willdenovii,tomcat clover,species
272253,58136,12,Plantae,Dudleya cymosa,Canyon liveforever,species
272794,29328,30,Reptilia,Nerodia erythrogaster,Plain-bellied Watersnake,species
272794,1544605,28,Reptilia,Terrapene triunguis,Three-toed Box Turtle,species
272794,48549,26,Insecta,Vanessa virginiensis,American Lady,species
272794,60946,23,Plantae,Asclepias viridis,green antelopehorns,species
272794,46020,21,Mammalia,Sciurus niger,Eastern Fox Squirrel,species
272794,48625,21,Plantae,Oenothera speciosa,Pinkladies,species
272794,9083,19,Aves,Cardinalis cardinalis,Northern Cardinal,species
272794,48662,19,Insecta,Danaus plexippus,Monarch,species
272794,39782,17,Reptilia,Trachemys scripta,Pond Slider,species
272794,526815,17,Plantae,Pediomelum tenuiflorum,Slimflower Scurfpea,species
270115,9864,19,Aves,Sicalis flaveola,Saffron Finch,species
270115,9924,15,Aves,Piranga flava,Hepatic Tanager,species
270115,11275,12,Aves,Furnarius rufus,Rufous Hornero,species
270115,19018,12,Aves,Ara ararauna,Blue-and-yellow Macaw,species
270115,16956,11,Aves,Pitangus sulphuratus,Great Kiskadee,species
270115,4715,10,Aves,Caracara plancus,Crested Caracara,species
270115,4765,9,Aves,Coragyps atratus,Black Vulture,species
270115,43374,9,Mammalia,Callithrix penicillata,Black-tufted-ear Marmoset,species
270115,3580,8,Aves,Columbina talpacoti,Ruddy Ground Dove,species
270115,6893,8,Aves,Dendrocygna autumnalis,Black-bellied Whistling-Duck,species
270989,52586,25,Plantae,Silybum marianum,milk thistle,species
270989,64318,16,Plantae,Cistus creticus,Hoary Rock-rose,species
270989,53169,14,Plantae,Oxalis pes-caprae,Bermuda buttercup,species
270989,82742,14,Plantae,Ceratonia siliqua,carob tree,species
270989,44175,13,Mammalia,Hystrix indica,Indian Crested Porcupine,species
270989,144757,13,Aves,Corvus cornix,Hooded Crow,species
270989,1467819,12,Plantae,Lysimachia loeflingii,Blue Scarlet Pimpernel,species
270989,54329,11,Plantae,Tropaeolum majus,garden nasturtium,species
270989,487242,10,Plantae,Linum pubescens,Hairy Pink Flax,species
270989,878290,10,Insecta,Malachius coccineus,,species
272952,56739,50,Plantae,Ricinus communis,castor bean,species
272952,54329,30,Plantae,Tropaeolum majus,garden nasturtium,species
272952,119178,30,Plantae,Kiggelaria africana,Wild Peach,species
272952,64017,25,Plantae,Arundo donax,giant reed,species
272952,595820,21,Plantae,Tulista pumila,,species
272952,75250,20,Plantae,Acacia mearnsii,black wattle,species
272952,170939,18,Plantae,Populus × canescens,Grey Poplar,hybrid
272952,355849,17,Plantae,Protea repens,Common Sugarbush,species
272952,57140,16,Plantae,Olea europaea,Olive,species
272952,57920,16,Plantae,Xanthium strumarium,rough cocklebur,species
272998,49288,32,Plantae,Podophyllum peltatum,mayapple,species
272998,56061,25,Plantae,Alliaria petiolata,garlic mustard,species
272998,82576,22,Plantae,Onoclea sensibilis,sensitive fern,species
272998,12727,19,Aves,Turdus migratorius,American Robin,species
272998,55830,18,Plantae,Glechoma hederacea,ground-ivy,species
272998,56222,17,Plantae,Tussilago farfara,colt's-foot,species
272998,67748,16,Plantae,Maianthemum canadense,Canada mayflower,species
272998,58732,15,Plantae,Toxicodendron radicans,eastern poison ivy,species
272998,56126,13,Plantae,Barbarea vulgaris,bitter wintercress,species
272998,64237,13,Plantae,Phragmites australis,common reed,species
272788,47219,2,Insecta,Apis mellifera,Western Honey Bee,species
272788,56739,2,Plantae,Ricinus communis,castor bean,species
272788,83652,2,Insecta,Anartia amathea,Red Peacock,species
272788,3108,1,Aves,Patagioenas fasciata,Band-tailed Pigeon,species
272788,10295,1,Aves,Thraupis episcopus,Blue-gray Tanager,species
272788,48662,1,Insecta,Danaus plexippus,Monarch,species
272788,54890,1,Plantae,Epidendrum radicans,Fire-star orchid,species
272788,75602,1,Plantae,Asclepias curassavica,tropical milkweed,species
272788,163327,1,Plantae,Gliricidia sepium,Fence Post Tree,species
272788,283081,1,Plantae,Phytolacca rugosa,,species
272911,50333,20,Plantae,Lantana camara,common lantana,species
272911,62811,13,Plantae,Carica papaya,Papaya,species
272911,123003,12,Plantae,Artocarpus heterophyllus,Jackfruit,species
272911,48872,10,Plantae,Mangifera indica,Indian mango,species
272911,63694,7,Plantae,Solanum torvum,Turkey Berry,species
272911,51921,5,Plantae,Mimosa pudica,Sensitive Plant,species
272911,77494,5,Plantae,Ipomoea cairica,Mile-a-minute vine,species
272911,131560,5,Plantae,Euphorbia hirta,Asthma Plant,species
272911,132451,5,Plantae,Tithonia diversifolia,Mexican sunflower,species
272911,543340,5,Plantae,Ficus semicordata,drooping fig,species
272765,144757,17,Aves,Corvus cornix,Hooded Crow,species
272765,3017,10,Aves,Columba livia,Rock Pigeon,species
272765,57805,9,Plantae,Oxalis articulata,pink-sorrel,species
272765,47219,8,Insecta,Apis mellifera,Western Honey Bee,species
272765,77965,7,Plantae,Matricaria chamomilla,German Chamomile,species
272765,199875,7,Mollusca,Eobania vermiculata,Chocolate-band Snail,species
272765,56088,6,Plantae,Robinia pseudoacacia,black locust,species
272765,51702,5,Insecta,Coccinella septempunctata,Seven-spotted Lady Beetle,species
272765,120489,5,Insecta,Sarcophaga,Common Flesh Flies,genus
272765,699077,5,Mollusca,Tritia corniculum,,species
272806,61369,412,Plantae,Momordica charantia,Bitter Melon,species
272806,346357,224,Plantae,Copernicia alba,Caranday Palm,species
272806,74442,173,Mammalia,Hydrochoerus hydrochaeris,Capybara,species
272806,207116,134,Plantae,Pontederia rotundifolia,Tropical pickerelweed,species
272806,127912,126,Plantae,Thalia geniculata,alligator flag,species
272806,83652,120,Insecta,Anartia amathea,Red Peacock,species
272806,11275,119,Aves,Furnarius rufus,Rufous Hornero,species
272806,60439,119,Plantae,Caesalpinia pulcherrima,peacock flower,species
272806,4715,115,Aves,Caracara plancus,Crested Caracara,species
272806,3736,114,Aves,Phimosus infuscatus,Bare-faced Ibis,species
272752,595776,13,Plantae,Triumfetta sonderi,Maagbossie,species
272752,490796,12,Plantae,Justicia anagalloides,,species
272752,569397,11,Plantae,Exochaenium grande,Primrose Gentian,species
272752,1363126,11,Plantae,Crystallopollen angustifolium,Pincushion Vernonia,species
272752,580982,10,Plantae,Barleria macrostegia,,species
272752,589256,10,Plantae,Lippia scaberrima,,species
272752,595910,10,Plantae,Ursinia nana,Little Paraseed,species
272752,1534924,10,Plantae,Seriphium vulgare,Grassveld Snakebush,species
272752,125577,9,Insecta,Belenois aurota,Pioneer White,species
272752,586881,9,Plantae,Helichrysum callicomum,,species
272714,48625,545,Plantae,Oenothera speciosa,Pinkladies,species
272714,60946,534,Plantae,Asclepias viridis,green antelopehorns,species
272714,125675,440,Plantae,Glandularia bipinnatifida,Dakota mock vervain,species
272714,58732,432,Plantae,Toxicodendron radicans,eastern poison ivy,species
272714,48505,407,Insecta,Junonia coenia,Common Buckeye,species
272714,56846,395,Plantae,Torilis arvensis,common hedge parsley,species
272714,47219,391,Insecta,Apis mellifera,Western Honey Bee,species
272714,51768,384,Plantae,Gaillardia pulchella,firewheel,species
272714,125677,365,Plantae,Smilax bona-nox,saw greenbrier,species
272714,127943,351,Plantae,Engelmannia peristenia,Engelmann daisy,species
267748,67835,96,Insecta,Danaus chrysippus,Plain Tiger Butterfly,species
267748,67574,75,Plantae,Calotropis gigantea,crown flower,species
267748,161584,70,Plantae,Dalbergia sissoo,Indian Rosewood,species
267748,50333,64,Plantae,Lantana camara,common lantana,species
267748,120917,54,Plantae,Calotropis procera,giant milkweed,species
267748,4871,40,Aves,Vanellus indicus,Red-wattled Lapwing,species
267748,162971,35,Plantae,Ficus palmata,Punjab fig,species
267748,126424,25,Plantae,Parthenium hysterophorus,Santa Maria feverfew,species
267748,371442,23,Insecta,Ischnura nursei,Pixie Dartlet,species
267748,56739,21,Plantae,Ricinus communis,castor bean,species
264285,51702,88,Insecta,Coccinella septempunctata,Seven-spotted Lady Beetle,species
264285,47219,68,Insecta,Apis mellifera,Western Honey Bee,species
264285,335848,64,Insecta,Erannis defoliaria,Mottled Umber,species
264285,56152,58,Plantae,Allium ursinum,Ramsons,species
264285,52592,55,Insecta,Pararge aegeria,Speckled Wood,species
264285,55757,53,Plantae,Chelidonium majus,Greater celandine,species
264285,55830,51,Plantae,Glechoma hederacea,ground-ivy,species
264285,55610,48,Insecta,Pyrrhocoris apterus,European Firebug,species
264285,56121,45,Plantae,Capsella bursa-pastoris,shepherd's-purse,species
264285,63352,45,Plantae,Lepidium draba,Heart-podded Hoary Cress,species
273644,349495,8,Insecta,Phymateus baccatus,Redwart Milkweed Locust,species
273644,340408,3,Plantae,Combretum imberbe,Leadwood,species
273644,428559,3,Plantae,Pappea capensis,Jacket plum,species
273644,581380,3,Plantae,Bridelia mollis,Velvet-Leaved Bridelia,species
273644,586616,3,Plantae,Gomphocarpus tomentosus,Woolly Milkweed,species
273644,1320550,3,Insecta,Pyralosis galactalis,,species
273644,56739,2,Plantae,Ricinus communis,castor bean,species
273644,79495,2,Plantae,Verbesina encelioides,cowpen daisy,species
273644,201279,2,Insecta,Utetheisa pulchella,Crimson-speckled Flunkey,species
273644,205141,2,Insecta,Basiothia medea,Small Verdant Hawkmoth,species
271021,446661,9,Insecta,Pyrops candelaria,Litchi Lantern Bug,species
271021,20969,8,Aves,Upupa epops,Common Hoopoe,species
271021,4871,7,Aves,Vanellus indicus,Red-wattled Lapwing,species
271021,65574,7,Amphibia,Hylarana erythraea,Green Paddy Frog,species
271021,157731,7,Plantae,Dipterocarpus alatus,,species
271021,511354,7,Insecta,Probergrothius nigricornis,Kapok Bug,species
271021,1423577,7,Amphibia,Hoplobatrachus chinensis,East Asian Bullfrog,species
271021,560857,6,Insecta,Pyrops viridirostris,Green Snout Lanternfly,species
271021,2229,5,Aves,Merops orientalis,Asian Green Bee-eater,species
271021,51785,5,Insecta,Junonia lemonias,Lemon Pansy,species
271687,55563,25,Plantae,Bellis perennis,Lawn daisy,species
271687,6930,18,Aves,Anas platyrhynchos,Mallard,species
271687,3017,10,Aves,Columba livia,Rock Pigeon,species
271687,76363,10,Plantae,Cistus monspeliensis,Montpellier Cistus,species
271687,53326,9,Plantae,Vinca major,greater periwinkle,species
271687,57805,8,Plantae,Oxalis articulata,pink-sorrel,species
271687,59321,7,Plantae,Orchis purpurea,Lady Orchid,species
271687,47219,6,Insecta,Apis mellifera,Western Honey Bee,species
271687,47406,6,Plantae,Spartium junceum,Spanish Broom,species
271687,52720,6,Plantae,Dactylis glomerata,orchard grass,species
267359,121593,22,Plantae,Hydrophyllum appendiculatum,great waterleaf,species
267359,164069,21,Plantae,Iodanthus pinnatifidus,Purple Rocket,species
267359,50310,20,Plantae,Arisaema triphyllum,Jack-in-the-Pulpit,species
267359,56088,19,Plantae,Robinia pseudoacacia,black locust,species
267359,55990,17,Reptilia,Podarcis muralis,Common Wall Lizard,species
267359,67820,16,Plantae,Erigeron philadelphicus,Philadelphia fleabane,species
267359,56137,15,Plantae,Ornithogalum umbellatum,common star-of-Bethlehem,species
267359,324726,15,Insecta,Lycorma delicatula,Spotted Lanternfly,species
267359,12727,12,Aves,Turdus migratorius,American Robin,species
267359,48484,12,Insecta,Harmonia axyridis,Asian Lady Beetle,species
264019,9744,20,Aves,Agelaius phoeniceus,Red-winged Blackbird,species
264019,26159,17,Reptilia,Alligator mississippiensis,American Alligator,species
264019,160765,17,Plantae,Cnidoscolus stimulosus,spurge nettle,species
264019,36514,14,Reptilia,Anolis carolinensis,Green Anole,species
264019,126698,14,Plantae,Rhus copallinum,shining sumac,species
264019,128717,14,Plantae,Erythrina herbacea,Eastern Coral Bean,species
264019,9083,13,Aves,Cardinalis cardinalis,Northern Cardinal,species
264019,46017,13,Mammalia,Sciurus carolinensis,Eastern Gray Squirrel,species
264019,4938,12,Aves,Egretta tricolor,Tricolored Heron,species
264019,144491,12,Aves,Tringa semipalmata,Willet,species
265883,82005,91,Plantae,Stenocereus thurberi,organ pipe cactus,species
265883,3786,33,Aves,Sula nebouxii,Blue-footed Booby,species
265883,193074,33,Plantae,Guaiacum coulteri,guayacan,species
265883,67706,22,Arachnida,Argiope argentata,Silver Garden Orbweaver,species
265883,35356,21,Reptilia,Dipsosaurus dorsalis,Desert Iguana,species
265883,62853,19,Plantae,Avicennia germinans,black mangrove,species
265883,164236,19,Plantae,Jatropha cinerea,Ashy Jatropha,species
265883,284105,18,Plantae,Tillandsia exserta,,species
265883,62850,16,Plantae,Conocarpus erectus,Green Buttonwood,species
265883,210427,16,Plantae,Ipomoea ternifolia,tripleleaf morning-glory,species
272933,51702,253,Insecta,Coccinella septempunctata,Seven-spotted Lady Beetle,species
272933,56061,148,Plantae,Alliaria petiolata,garlic mustard,species
272933,51884,126,Plantae,Urtica dioica,great stinging nettle,species
272933,124544,119,Plantae,Anthriscus sylvestris,Cow Parsley,species
272933,48484,111,Insecta,Harmonia axyridis,Asian Lady Beetle,species
272933,54531,110,Plantae,Cardamine pratensis,Cuckooflower,species
272933,55851,108,Plantae,Lamium purpureum,red deadnettle,species
272933,55876,107,Plantae,Lamium album,White deadnettle,species
272933,53059,105,Plantae,Galium aparine,catchweed bedstraw,species
272933,61532,103,Insecta,Propylea quatuordecimpunctata,Fourteen-spotted Lady Beetle,species
273899,56061,63,Plantae,Alliaria petiolata,garlic mustard,species
273899,82576,45,Plantae,Onoclea sensibilis,sensitive fern,species
273899,48961,41,Plantae,Symplocarpus foetidus,Eastern Skunk Cabbage,species
273899,9744,38,Aves,Agelaius phoeniceus,Red-winged Blackbird,species
273899,67748,38,Plantae,Maianthemum canadense,Canada mayflower,species
273899,69752,37,Plantae,Houstonia caerulea,azure bluet,species
273899,950598,37,Plantae,Anemonoides quinquefolia,wood anemone,species
273899,48240,35,Plantae,Erythronium americanum,yellow trout lily,species
273899,52856,31,Plantae,Artemisia vulgaris,common mugwort,species
273899,54412,31,Plantae,Polystichum acrostichoides,Christmas fern,species
269778,75602,23,Plantae,Asclepias curassavica,tropical milkweed,species
269778,56739,21,Plantae,Ricinus communis,castor bean,species
269778,517119,13,Amphibia,Rhinella horribilis,Giant Toad,species
269778,47219,11,Insecta,Apis mellifera,Western Honey Bee,species
269778,22951,10,Amphibia,Leptodactylus melanonotus,Sabinal Frog,species
269778,199217,10,Plantae,Pachycereus pecten-aboriginum,Indian Comb,species
269778,143204,7,Insecta,Gelastocoris rotundatus,,species
269778,209270,7,Plantae,Tabebuia rosea,Pink poui,species
269778,209924,7,Plantae,Hura polyandra,,species
269778,148556,6,Insecta,Smyrna blomfildia,Blomfild's Beauty,species
273294,54999,136,Plantae,Eriogonum fasciculatum,California Buckwheat,species
273294,58331,87,Plantae,Datura wrightii,Sacred Datura,species
273294,68205,87,Plantae,Larrea tridentata,Creosote Bush,species
273294,36094,86,Reptilia,Uta stansburiana,Common Side-blotched Lizard,species
273294,53200,76,Plantae,Salvia columbariae,Chia,species
273294,76754,76,Plantae,Echinocereus engelmannii,Engelmann's Hedgehog Cactus,species
273294,199840,74,Aves,Haemorhous mexicanus,House Finch,species
273294,57872,70,Plantae,Opuntia basilaris,Beavertail Pricklypear,species
273294,36204,69,Reptilia,Sceloporus occidentalis,Western Fence Lizard,species
273294,58254,66,Plantae,Loeseliastrum matthewsii,desert calico,species
270388,48629,10,Plantae,Prunus americana,American plum,species
270388,12727,9,Aves,Turdus migratorius,American Robin,species
270388,47602,8,Plantae,Taraxacum officinale,common dandelion,species
270388,49399,8,Plantae,Juniperus virginiana,eastern redcedar,species
270388,56171,8,Plantae,Leonurus cardiaca,common motherwort,species
270388,77155,8,Plantae,Fragaria virginiana,Virginia strawberry,species
270388,70010,7,Plantae,Viola canadensis,Canada Violet,species
270388,47726,6,Plantae,Acer negundo,box elder,species
270388,60350,6,Plantae,Artemisia absinthium,absinthe wormwood,species
270388,43111,5,Mammalia,Sylvilagus floridanus,Eastern Cottontail,species
271508,39867,3,Reptilia,Emys orbicularis,European Pond Turtle,species
271508,41850,3,Mammalia,Lutra lutra,Eurasian Otter,species
271508,55563,3,Plantae,Bellis perennis,Lawn daisy,species
271508,1024536,3,Plantae,Rabelera holostea,greater stitchwort,species
271508,35854,2,Reptilia,Lacerta viridis,Green Lizard,species
271508,51610,2,Plantae,Veronica chamaedrys,Germander Speedwell,species
271508,125563,2,Insecta,Neptis sappho,Pallas' Sailer,species
271508,461997,2,Insecta,Lamia textor,Weaver beetle,species
271508,3017,1,Aves,Columba livia,Rock Pigeon,species
271508,13851,1,Aves,Passer montanus,Eurasian Tree Sparrow,species
271686,51702,5,Insecta,Coccinella septempunctata,Seven-spotted Lady Beetle,species
271686,132627,5,Plantae,Cruciata laevipes,Crosswort,species
271686,47602,4,Plantae,Taraxacum officinale,common dandelion,species
271686,55563,4,Plantae,Bellis perennis,Lawn daisy,species
271686,56099,4,Plantae,Ajuga reptans,carpet bugle,species
271686,59321,4,Plantae,Orchis purpurea,Lady Orchid,species
271686,145291,4,Aves,Emberiza calandra,Corn Bunting,species
271686,3048,3,Aves,Columba palumbus,Common Wood-Pigeon,species
271686,52589,3,Insecta,Coenonympha pamphilus,Small Heath,species
271686,53075,3,Plantae,Geranium dissectum,Cut-leaved crane's-bill,species
264422,55563,50,Plantae,Bellis perennis,Lawn daisy,species
264422,56152,43,Plantae,Allium ursinum,Ramsons,species
264422,56193,39,Plantae,Acer campestre,field maple,species
264422,6930,35,Aves,Anas platyrhynchos,Mallard,species
264422,51875,32,Plantae,Trifolium pratense,Red Clover,species
264422,55756,32,Plantae,Geranium phaeum,Dusky Crane's-bill,species
264422,55882,31,Plantae,Hedera helix,common ivy,species
264422,55801,28,Plantae,Carpinus betulus,European Hornbeam,species
264422,55757,27,Plantae,Chelidonium majus,Greater celandine,species
264422,55830,25,Plantae,Glechoma hederacea,ground-ivy,species
264418,55563,25,Plantae,Bellis perennis,Lawn daisy,species
264418,59318,11,Plantae,Anacamptis morio,green-winged orchid,species
264418,51875,9,Plantae,Trifolium pratense,Red Clover,species
264418,47602,8,Plantae,Taraxacum officinale,common dandelion,species
264418,1024536,6,Plantae,Rabelera holostea,greater stitchwort,species
264418,6930,5,Aves,Anas platyrhynchos,Mallard,species
264418,51610,5,Plantae,Veronica chamaedrys,Germander Speedwell,species
264418,55724,5,Plantae,Symphytum officinale,common comfrey,species
264418,55830,5,Plantae,Glechoma hederacea,ground-ivy,species
264418,56061,5,Plantae,Alliaria petiolata,garlic mustard,species
264421,55757,23,Plantae,Chelidonium majus,Greater celandine,species
264421,56193,21,Plantae,Acer campestre,field maple,species
264421,56099,17,Plantae,Ajuga reptans,carpet bugle,species
264421,51875,15,Plantae,Trifolium pratense,Red Clover,species
264421,55563,14,Plantae,Bellis perennis,Lawn daisy,species
264421,160697,12,Plantae,Clematis vitalba,Old man's beard,species
264421,204339,12,Plantae,Lamium galeobdolon,yellow archangel,species
264421,55724,11,Plantae,Symphytum officinale,common comfrey,species
264421,56152,11,Plantae,Allium ursinum,Ramsons,species
264421,55830,10,Plantae,Glechoma hederacea,ground-ivy,species
271688,56099,8,Plantae,Ajuga reptans,carpet bugle,species
271688,55563,5,Plantae,Bellis perennis,Lawn daisy,species
271688,55727,5,Plantae,Cymbalaria muralis,Ivy-leaved toadflax,species
271688,59318,4,Plantae,Anacamptis morio,green-winged orchid,species
271688,132603,4,Plantae,Gentiana verna,spring gentian,species
271688,950603,4,Plantae,Anemonoides nemorosa,wood anemone,species
271688,56224,3,Plantae,Caltha palustris,marsh marigold,species
271688,60885,3,Plantae,Dactylorhiza sambucina,Elder-flowered Orchid,species
271688,126756,3,Plantae,Lathyrus vernus,spring vetch,species
271688,165590,3,Plantae,Muscari comosum,Tassel Hyacinth,species
271689,55563,6,Plantae,Bellis perennis,Lawn daisy,species
271689,55724,5,Plantae,Symphytum officinale,common comfrey,species
271689,47726,4,Plantae,Acer negundo,box elder,species
271689,55830,4,Plantae,Glechoma hederacea,ground-ivy,species
271689,133154,4,Insecta,Hamearis lucina,Duke of Burgundy,species
271689,51884,3,Plantae,Urtica dioica,great stinging nettle,species
271689,55809,3,Plantae,Leucojum aestivum,Summer snowflake,species
271689,55851,3,Plantae,Lamium purpureum,red deadnettle,species
271689,4270,2,Aves,Phalacrocorax carbo,Great Cormorant,species
271689,4733,2,Aves,Ciconia ciconia,White Stork,species
264419,59318,19,Plantae,Anacamptis morio,green-winged orchid,species
264419,337045,17,Reptilia,Podarcis siculus,Italian Wall Lizard,species
264419,59321,16,Plantae,Orchis purpurea,Lady Orchid,species
264419,147298,14,Insecta,Lasiommata megera,Wall Brown,species
264419,51495,13,Insecta,Anthocharis cardamines,orange-tip,species
264419,57805,13,Plantae,Oxalis articulata,pink-sorrel,species
264419,55721,12,Plantae,Silene vulgaris,bladder campion,species
264419,11901,10,Aves,Hirundo rustica,Barn Swallow,species
264419,12716,10,Aves,Turdus merula,Eurasian Blackbird,species
264419,47219,10,Insecta,Apis mellifera,Western Honey Bee,species
271690,243623,22,Plantae,Ophrys sphegodes,Early Spider-orchid,species
271690,1008679,12,Plantae,Ophrys oestrifera,Horned Orchid,species
271690,128137,10,Plantae,Limodorum abortivum,Violet Bird's-nest,species
271690,59322,8,Plantae,Orchis anthropophora,Man Orchid,species
271690,358332,6,Plantae,Orchis quadripunctata,four-spotted orchis,species
271690,59318,5,Plantae,Anacamptis morio,green-winged orchid,species
271690,319036,5,Plantae,Ophrys bertolonii,Bertoloni's Bee-orchid,species
271690,334576,5,Plantae,Convolvulus elegantissimus,Elegant Bindweed,species
271690,59321,4,Plantae,Orchis purpurea,Lady Orchid,species
271690,83085,4,Plantae,Anacamptis pyramidalis,pyramidal orchid,species
264423,55563,180,Plantae,Bellis perennis,Lawn daisy,species
264423,55757,72,Plantae,Chelidonium majus,Greater celandine,species
264423,55882,72,Plantae,Hedera helix,common ivy,species
264423,56152,64,Plantae,Allium ursinum,Ramsons,species
264423,51884,62,Plantae,Urtica dioica,great stinging nettle,species
264423,51875,58,Plantae,Trifolium pratense,Red Clover,species
264423,55851,51,Plantae,Lamium purpureum,red deadnettle,species
264423,55830,50,Plantae,Glechoma hederacea,ground-ivy,species
264423,56121,39,Plantae,Capsella bursa-pastoris,shepherd's-purse,species
264423,204339,39,Plantae,Lamium galeobdolon,yellow archangel,species
271691,59321,37,Plantae,Orchis purpurea,Lady Orchid,species
271691,55563,23,Plantae,Bellis perennis,Lawn daisy,species
271691,57805,19,Plantae,Oxalis articulata,pink-sorrel,species
271691,31975,13,Reptilia,Pseudopus apodus,European Glass Lizard,species
271691,59317,12,Plantae,Anacamptis laxiflora,Loose-flowered Orchid,species
271691,118552,12,Mammalia,Felis catus,Domestic Cat,species
271691,165590,12,Plantae,Muscari comosum,Tassel Hyacinth,species
271691,61329,11,Plantae,Neotinea tridentata,Three-toothed orchid,species
271691,62749,11,Insecta,Iphiclides podalirius,Scarce Swallowtail,species
271691,68328,11,Insecta,Oxythyrea funesta,Mediterranean Spotted Chafer,species
272201,47543,54,Plantae,Rubus spectabilis,Salmonberry,species
272201,47751,51,Plantae,Polystichum munitum,western sword fern,species
272201,48441,35,Plantae,Gaultheria shallon,salal,species
272201,48252,32,Plantae,Thuja plicata,western redcedar,species
272201,49463,31,Plantae,Trillium ovatum,Pacific trillium,species
272201,75756,28,Plantae,Berberis nervosa,Cascade Oregon-grape,species
272201,57824,27,Plantae,Sambucus racemosa,red-berried elder,species
272201,55851,26,Plantae,Lamium purpureum,red deadnettle,species
272201,51048,25,Plantae,Dicentra formosa,Pacific Bleeding Heart,species
272201,55563,25,Plantae,Bellis perennis,Lawn daisy,species
273629,244276,17,Aves,Rhipidura fuliginosa,New Zealand Fantail,species
273629,1367786,16,Fungi,Favolaschia claudopus,orange pore fungus,species
273629,394064,15,Insecta,Orocrambus flexuosellus,Common grass moth,species
273629,404899,13,Plantae,Piper excelsum,Kawakawa,species
273629,12716,12,Aves,Turdus merula,Eurasian Blackbird,species
273629,12580,11,Aves,Prosthemadera novaeseelandiae,Tūī,species
273629,199179,11,Insecta,Polistes chinensis,Asian Paper Wasp,species
273629,407459,11,Arachnida,Dolomedes minor,New Zealand Nursery Web Spider,species
273629,6930,10,Aves,Anas platyrhynchos,Mallard,species
273629,197063,10,Plantae,Melicytus ramiflorus,Māhoe,species
272699,65982,21,Amphibia,Lithobates clamitans,Green Frog,species
272699,24268,15,Amphibia,Pseudacris crucifer,Spring Peeper,species
272699,65979,14,Amphibia,Lithobates catesbeianus,American Bullfrog,species
272699,27390,9,Amphibia,Desmognathus ochrophaeus,Allegheny Mountain Dusky Salamander,species
272699,27101,7,Amphibia,Eurycea longicauda,Long-tailed Salamander,species
272699,27190,6,Amphibia,Plethodon wehrlei,Wehrle's Salamander,species
272699,49288,6,Plantae,Podophyllum peltatum,mayapple,species
272699,26575,5,Reptilia,Diadophis punctatus,Ring-necked Snake,species
272699,46260,5,Mammalia,Tamiasciurus hudsonicus,American Red Squirrel,species
272699,50310,5,Plantae,Arisaema triphyllum,Jack-in-the-Pulpit,species
273106,56061,44,Plantae,Alliaria petiolata,garlic mustard,species
273106,48961,28,Plantae,Symplocarpus foetidus,Eastern Skunk Cabbage,species
273106,50855,24,Plantae,Trillium erectum,red trillium,species
273106,12727,22,Aves,Turdus migratorius,American Robin,species
273106,67748,22,Plantae,Maianthemum canadense,Canada mayflower,species
273106,48240,21,Plantae,Erythronium americanum,yellow trout lily,species
273106,914922,21,Plantae,Reynoutria japonica,Japanese knotweed,species
273106,58732,20,Plantae,Toxicodendron radicans,eastern poison ivy,species
273106,7089,18,Aves,Branta canadensis,Canada Goose,species
273106,9744,18,Aves,Agelaius phoeniceus,Red-winged Blackbird,species
273290,50855,11,Plantae,Trillium erectum,red trillium,species
273290,26790,9,Amphibia,Ambystoma maculatum,Spotted Salamander,species
273290,48240,9,Plantae,Erythronium americanum,yellow trout lily,species
273290,51044,7,Plantae,Sanguinaria canadensis,bloodroot,species
273290,79484,6,Plantae,Veratrum viride,green false hellebore,species
273290,118512,6,Plantae,Cardamine diphylla,Two-leaved Toothwort,species
273290,54412,5,Plantae,Polystichum acrostichoides,Christmas fern,species
273290,55844,5,Plantae,Vinca minor,lesser periwinkle,species
273290,66012,5,Amphibia,Lithobates sylvaticus,Wood Frog,species
273290,204176,5,Plantae,Micranthes virginiensis,Virginia saxifrage,species
273513,55830,11,Plantae,Glechoma hederacea,ground-ivy,species
273513,55563,9,Plantae,Bellis perennis,Lawn daisy,species
273513,55757,9,Plantae,Chelidonium majus,Greater celandine,species
273513,12716,7,Aves,Turdus merula,Eurasian Blackbird,species
273513,51702,7,Insecta,Coccinella septempunctata,Seven-spotted Lady Beetle,species
273513,52592,7,Insecta,Pararge aegeria,Speckled Wood,species
273513,55766,7,Plantae,Euphorbia cyparissias,cypress spurge,species
273513,55851,7,Plantae,Lamium purpureum,red deadnettle,species
273513,124741,6,Plantae,Viburnum lantana,Wayfaring-tree,species
273513,3048,5,Aves,Columba palumbus,Common Wood-Pigeon,species
273659,367521,10,Aves,Psilopogon haemacephalus,Coppersmith Barbet,species
273659,4835,6,Aves,Himantopus himantopus,Black-winged Stilt,species
273659,117293,6,Insecta,Oecophylla smaragdina,Asian Weaver Ant,species
273659,204510,6,Aves,Eudynamys scolopaceus,Asian Koel,species
273659,204519,6,Aves,Halcyon smyrnensis,White-throated Kingfisher,species
273659,4981,5,Aves,Nycticorax nycticorax,Black-crowned Night Heron,species
273659,8079,5,Aves,Artamus fuscus,Ashy Woodswallow,species
273659,13893,5,Aves,Lonchura punctulata,Scaly-breasted Munia,species
273659,604224,5,Aves,Pycnonotus conradi,Streak-eared Bulbul,species
273659,4871,4,Aves,Vanellus indicus,Red-wattled Lapwing,species
273725,9100,16,Aves,Melospiza melodia,Song Sparrow,species
273725,7054,15,Aves,Aythya affinis,Lesser Scaup,species
273725,12727,14,Aves,Turdus migratorius,American Robin,species
273725,145245,13,Aves,Setophaga coronata,Yellow-rumped Warbler,species
273725,6930,12,Aves,Anas platyrhynchos,Mallard,species
273725,9744,12,Aves,Agelaius phoeniceus,Red-winged Blackbird,species
273725,4364,11,Aves,Larus delawarensis,Ring-billed Gull,species
273725,7089,11,Aves,Branta canadensis,Canada Goose,species
273725,485176,11,Aves,Mareca americana,American Wigeon,species
273725,7004,10,Aves,Mergus merganser,Common Merganser,species
273795,404420,267,Plantae,Osteospermum moniliferum,Bietou,species
273795,355849,228,Plantae,Protea repens,Common Sugarbush,species
273795,1428,149,Aves,Numida meleagris,Helmeted Guineafowl,species
273795,78375,141,Plantae,Pelargonium capitatum,rose-scented geranium,species
273795,72486,133,Aves,Alopochen aegyptiaca,Egyptian Goose,species
273795,566478,100,Plantae,Leucadendron salignum,Common Sunshine Conebush,species
273795,487,99,Aves,Fulica cristata,Red-knobbed Coot,species
273795,527427,99,Insecta,Dira clytus,Cape Autumn Widow,species
273795,3743,98,Aves,Bostrychia hagedash,Hadada Ibis,species
273795,426224,95,Plantae,Chironia baccifera,Christmas Berry,species
273788,34630,9,Reptilia,Gehyra mutilata,Common Four-clawed Gecko,species
273788,68507,7,Aves,Myophonus caeruleus,Blue Whistling-Thrush,species
273788,200252,7,Reptilia,Cyrtodactylus lekaguli,Khao Chong Bent-toed Gecko,species
273788,204502,7,Aves,Dicrurus paradiseus,Greater Racket-tailed Drongo,species
273788,26592,6,Amphibia,Polypedates leucomystax,Common Southeast Asian Tree Frog,species
273788,604224,6,Aves,Pycnonotus conradi,Streak-eared Bulbul,species
273788,204491,5,Aves,Copsychus saularis,Oriental Magpie-Robin,species
273788,1856,4,Aves,Cacomantis merulinus,Plaintive Cuckoo,species
273788,1930,4,Aves,Surniculus lugubris,Square-tailed Drongo-Cuckoo,species
273788,14870,4,Aves,Acridotheres grandis,Great Myna,species
273835,54261,3,Plantae,Abies balsamea,balsam fir,species
273835,44026,2,Mammalia,Erethizon dorsatum,North American Porcupine,species
273835,56222,2,Plantae,Tussilago farfara,colt's-foot,species
273835,122238,2,Animalia,Porcellio scaber,Common Rough Woodlouse,species
273835,558438,2,Aves,Spatula clypeata,Northern Shoveler,species
273835,3017,1,Aves,Columba livia,Rock Pigeon,species
273835,5305,1,Aves,Haliaeetus leucocephalus,Bald Eagle,species
273835,6930,1,Aves,Anas platyrhynchos,Mallard,species
273835,7019,1,Aves,Anser albifrons,Greater White-fronted Goose,species
273835,7044,1,Aves,Aythya collaris,Ring-necked Duck,species
273974,46017,6,Mammalia,Sciurus carolinensis,Eastern Gray Squirrel,species
273974,67825,6,Plantae,Packera anonyma,Small's ragwort,species
273974,82529,6,Plantae,Vitis rotundifolia,muscadine,species
273974,49397,5,Plantae,Kalmia latifolia,mountain laurel,species
273974,58732,5,Plantae,Toxicodendron radicans,eastern poison ivy,species
273974,6930,4,Aves,Anas platyrhynchos,Mallard,species
273974,12727,4,Aves,Turdus migratorius,American Robin,species
273974,29305,4,Reptilia,Nerodia sipedon,Common Watersnake,species
273974,53640,4,Plantae,Quercus nigra,water oak,species
273974,54412,4,Plantae,Polystichum acrostichoides,Christmas fern,species
273998,16787,2,Aves,Tyrannus melancholicus,Tropical Kingbird,species
273998,30583,2,Reptilia,Micrurus dissoleucus,Pygmy Coralsnake,species
273998,329729,2,Insecta,Cissites maculata,,species
273998,1468,1,Aves,Galbula ruficauda,Rufous-tailed Jacamar,species
273998,1758,1,Aves,Piaya cayana,Common Squirrel-Cuckoo,species
273998,3736,1,Aves,Phimosus infuscatus,Bare-faced Ibis,species
273998,3750,1,Aves,Eudocimus ruber,Scarlet Ibis,species
273998,7508,1,Aves,Polioptila plumbea,Tropical Gnatcatcher,species
273998,8479,1,Aves,Cyanocorax affinis,Black-chested Jay,species
273998,10199,1,Aves,Coereba flaveola,Bananaquit,species
274001,9864,7,Aves,Sicalis flaveola,Saffron Finch,species
274001,62811,6,Plantae,Carica papaya,Papaya,species
274001,62924,6,Plantae,Catharanthus roseus,Madagascar Periwinkle,species
274001,154466,5,Plantae,Alpinia purpurata,Red Ginger,species
274001,132458,4,Plantae,Thunbergia alata,Black-eyed Susan vine,species
274001,3017,3,Aves,Columba livia,Rock Pigeon,species
274001,4765,3,Aves,Coragyps atratus,Black Vulture,species
274001,47219,3,Insecta,Apis mellifera,Western Honey Bee,species
274001,75602,3,Plantae,Asclepias curassavica,tropical milkweed,species
274001,123572,3,Plantae,Cordyline fruticosa,Ti,species
274044,46017,16,Mammalia,Sciurus carolinensis,Eastern Gray Squirrel,species
274044,9083,15,Aves,Cardinalis cardinalis,Northern Cardinal,species
274044,12727,15,Aves,Turdus migratorius,American Robin,species
274044,7089,11,Aves,Branta canadensis,Canada Goose,species
274044,14886,11,Aves,Mimus polyglottos,Northern Mockingbird,species
274044,55745,11,Plantae,Trifolium repens,white clover,species
274044,243824,9,Plantae,Potentilla indica,mock strawberry,species
274044,9424,8,Aves,Pipilo erythrophthalmus,Eastern Towhee,species
274044,77835,8,Plantae,Lonicera japonica,Japanese honeysuckle,species
274044,53582,7,Plantae,Liriodendron tulipifera,American tuliptree,species
274190,11275,3,Aves,Furnarius rufus,Rufous Hornero,species
274190,9183,2,Aves,Zonotrichia capensis,Rufous-collared Sparrow,species
274190,56739,2,Plantae,Ricinus communis,castor bean,species
274190,58334,2,Plantae,Nicotiana glauca,tree tobacco,species
274190,3017,1,Aves,Columba livia,Rock Pigeon,species
274190,3439,1,Aves,Zenaida auriculata,Eared Dove,species
274190,6072,1,Aves,Colibri coruscans,Sparkling Violetear,species
274190,7509,1,Aves,Polioptila dumicola,Masked Gnatcatcher,species
274190,9456,1,Aves,Myioborus brunniceps,Brown-capped Redstart,species
274190,9864,1,Aves,Sicalis flaveola,Saffron Finch,species
273153,51044,52,Plantae,Sanguinaria canadensis,bloodroot,species
273153,48240,33,Plantae,Erythronium americanum,yellow trout lily,species
273153,58633,32,Actinopterygii,Etheostoma caeruleum,Rainbow Darter,species
273153,7089,28,Aves,Branta canadensis,Canada Goose,species
273153,9744,24,Aves,Agelaius phoeniceus,Red-winged Blackbird,species
273153,56224,24,Plantae,Caltha palustris,marsh marigold,species
273153,12727,21,Aves,Turdus migratorius,American Robin,species
273153,9083,19,Aves,Cardinalis cardinalis,Northern Cardinal,species
273153,56222,19,Plantae,Tussilago farfara,colt's-foot,species
273153,54037,17,Plantae,Thuja occidentalis,northern whitecedar,species
273767,7089,18,Aves,Branta canadensis,Canada Goose,species
273767,6930,15,Aves,Anas platyrhynchos,Mallard,species
273767,75336,9,Plantae,Allium anceps,twinleaf onion,species
273767,3017,8,Aves,Columba livia,Rock Pigeon,species
273767,164910,8,Plantae,Lupinus malacophyllus,Soft Lupine,species
273767,12727,7,Aves,Turdus migratorius,American Robin,species
273767,36204,7,Reptilia,Sceloporus occidentalis,Western Fence Lizard,species
273767,75773,7,Plantae,Blepharipappus scaber,rough eyelashweed,species
273767,77040,7,Plantae,Eriogonum umbellatum,sulfur buckwheat,species
273767,54605,6,Plantae,Marrubium vulgare,White Horehound,species
270028,1482308,54,Insecta,Telchinia serena,Dancing Amber,species
270028,153953,30,Plantae,Salvia tiliifolia,Lindenleaf Sage,species
270028,582302,23,Plantae,Clematis brachiata,Traveller's joy,species
270028,3743,22,Aves,Bostrychia hagedash,Hadada Ibis,species
270028,502780,20,Plantae,Vachellia karroo,Sweet Thorn,species
270028,1428,19,Aves,Numida meleagris,Helmeted Guineafowl,species
270028,52344,19,Plantae,Ipomoea purpurea,common morning-glory,species
270028,43335,18,Mammalia,Equus quagga,Plains Zebra,species
270028,50333,18,Plantae,Lantana camara,common lantana,species
270028,79020,18,Plantae,Searsia lancea,african sumac,species
274277,61862,5,Insecta,Cercopis vulnerata,Common Froghopper,species
274277,73222,5,Aves,Phoenicopterus roseus,Greater Flamingo,species
274277,3882,4,Aves,Tringa erythropus,Spotted Redshank,species
274277,57317,4,Plantae,Vicia villosa,hairy vetch,species
274277,4835,3,Aves,Himantopus himantopus,Black-winged Stilt,species
274277,5173,3,Aves,Circus aeruginosus,Western Marsh Harrier,species
274277,52482,3,Insecta,Episyrphus balteatus,Marmalade Hover Fly,species
274277,52586,3,Plantae,Silybum marianum,milk thistle,species
274277,53076,3,Plantae,Geranium molle,Dove's-foot crane's-bill,species
274277,54404,3,Plantae,Papaver rhoeas,common poppy,species
274733,4870,15,Aves,Vanellus armatus,Blacksmith Lapwing,species
274733,410993,14,Plantae,Haemanthus coccineus,Spotted Bloodlily,species
274733,6965,12,Aves,Anas undulata,Yellow-billed Duck,species
274733,1428,11,Aves,Numida meleagris,Helmeted Guineafowl,species
274733,13858,11,Aves,Passer domesticus,House Sparrow,species
274733,40021,11,Reptilia,Chersina angulata,Angulate Tortoise,species
274733,72486,11,Aves,Alopochen aegyptiaca,Egyptian Goose,species
274733,5066,10,Aves,Anhinga rufa,African Darter,species
274733,13251,10,Aves,Sigelus silens,Fiscal Flycatcher,species
274733,14850,10,Aves,Sturnus vulgaris,European Starling,species
270264,84405,32,Plantae,Calyptocarpus vialis,straggler daisy,species
270264,36514,26,Reptilia,Anolis carolinensis,Green Anole,species
270264,98912,23,Actinopterygii,Cyprinella venusta,Western Blacktail Shiner,species
270264,56846,21,Plantae,Torilis arvensis,common hedge parsley,species
270264,179655,17,Actinopterygii,Percina apristis,Guadalupe Darter,species
270264,79137,15,Plantae,Solanum elaeagnifolium,silverleaf nightshade,species
270264,244815,15,Plantae,Wedelia hispida,Texas creeping-oxeye,species
270264,319724,15,Insecta,Euphoria kernii,Kern's Flower Scarab,species
270264,46020,14,Mammalia,Sciurus niger,Eastern Fox Squirrel,species
270264,49564,14,Plantae,Lupinus texensis,Texas bluebonnet,species
272553,47726,12,Plantae,Acer negundo,box elder,species
272553,50278,10,Plantae,Parthenocissus quinquefolia,Virginia creeper,species
272553,53582,10,Plantae,Liriodendron tulipifera,American tuliptree,species
272553,54412,8,Plantae,Polystichum acrostichoides,Christmas fern,species
272553,84227,8,Plantae,Rubus phoenicolasius,wineberry,species
272553,54795,7,Plantae,Sassafras albidum,sassafras,species
272553,56061,7,Plantae,Alliaria petiolata,garlic mustard,species
272553,57278,5,Plantae,Ailanthus altissima,tree-of-heaven,species
272553,39814,4,Reptilia,Terrapene carolina,Common Box Turtle,species
272553,49288,4,Plantae,Podophyllum peltatum,mayapple,species
273840,56222,48,Plantae,Tussilago farfara,colt's-foot,species
273840,52391,42,Plantae,Pinus strobus,eastern white pine,species
273840,48240,37,Plantae,Erythronium americanum,yellow trout lily,species
273840,59029,37,Plantae,Verbascum thapsus,great mullein,species
273840,167829,23,Plantae,Rhus typhina,staghorn sumac,species
273840,7429,18,Aves,Bombycilla garrulus,Bohemian Waxwing,species
273840,51044,18,Plantae,Sanguinaria canadensis,bloodroot,species
273840,28362,17,Reptilia,Thamnophis sirtalis,Common Garter Snake,species
273840,27186,14,Amphibia,Plethodon cinereus,Eastern Red-backed Salamander,species
273840,54037,14,Plantae,Thuja occidentalis,northern whitecedar,species
273667,199,1,Aves,Amaurornis phoenicurus,White-breasted Waterhen,species
273667,4871,1,Aves,Vanellus indicus,Red-wattled Lapwing,species
273667,8141,1,Aves,Rhipidura javanica,Malaysian Pied-Fantail,species
273667,13386,1,Aves,Dicaeum cruentatum,Scarlet-backed Flowerpecker,species
273667,14389,1,Aves,Pitta sordida,Western Hooded Pitta,species
273667,14870,1,Aves,Acridotheres grandis,Great Myna,species
273667,95995,1,Insecta,Brachythemis contaminata,Ditch Jewel,species
273667,204454,1,Aves,Acridotheres tristis,Common Myna,species
273667,204502,1,Aves,Dicrurus paradiseus,Greater Racket-tailed Drongo,species
273667,1455918,1,Aves,Spilopelia chinensis,Spotted Dove,species
274555,51085,21,Plantae,Triteleia laxa,Ithuriel's Spear,species
274555,76636,16,Plantae,Delphinium uliginosum,swamp larkspur,species
274555,57078,14,Plantae,Trifolium hirtum,Rose Clover,species
274555,59446,14,Plantae,Calochortus amabilis,Diogenes' lantern,species
274555,60480,12,Plantae,Castilleja rubicundula,cream sacs,species
274555,48225,11,Plantae,Eschscholzia californica,California poppy,species
274555,47356,10,Plantae,Allium falcifolium,scytheleaf onion,species
274555,50794,10,Plantae,Astragalus rattanii,Rattan's Milkvetch,species
274555,56852,10,Plantae,Achyrachaena mollis,Blow Wives,species
274555,58136,10,Plantae,Dudleya cymosa,Canyon liveforever,species
274544,6930,69,Aves,Anas platyrhynchos,Mallard,species
274544,55851,62,Plantae,Lamium purpureum,red deadnettle,species
274544,3017,60,Aves,Columba livia,Rock Pigeon,species
274544,56061,58,Plantae,Alliaria petiolata,garlic mustard,species
274544,55563,48,Plantae,Bellis perennis,Lawn daisy,species
274544,6921,43,Aves,Cygnus olor,Mute Swan,species
274544,55757,41,Plantae,Chelidonium majus,Greater celandine,species
274544,55610,36,Insecta,Pyrrhocoris apterus,European Firebug,species
274544,3048,27,Aves,Columba palumbus,Common Wood-Pigeon,species
274544,56121,22,Plantae,Capsella bursa-pastoris,shepherd's-purse,species
274571,47588,2,Plantae,Cypripedium acaule,pink lady's slipper,species
274571,48961,2,Plantae,Symplocarpus foetidus,Eastern Skunk Cabbage,species
274571,82358,2,Plantae,Chimaphila maculata,striped wintergreen,species
274571,14995,1,Aves,Dumetella carolinensis,Gray Catbird,species
274571,54777,1,Plantae,Cornus florida,flowering dogwood,species
274571,56061,1,Plantae,Alliaria petiolata,garlic mustard,species
274571,62376,1,Plantae,Gaultheria procumbens,Eastern Teaberry,species
274571,69756,1,Plantae,Chamaecyparis thyoides,Atlantic white cedar,species
274571,82247,1,Plantae,Viburnum dentatum,southern arrowwood,species
274571,82576,1,Plantae,Onoclea sensibilis,sensitive fern,species
274620,49972,27,Insecta,Battus philenor,Pipevine Swallowtail,species
274620,50840,19,Plantae,Calochortus tolmiei,Tolmie's pussy ears,species
274620,51080,19,Plantae,Toxicodendron diversilobum,Pacific poison oak,species
274620,57078,19,Plantae,Trifolium hirtum,Rose Clover,species
274620,55135,18,Plantae,Arctostaphylos viscida,Whiteleaf Manzanita,species
274620,62262,17,Plantae,Dichelostemma multiflorum,Round-Tooth Ookow,species
274620,53348,16,Plantae,Aesculus californica,California buckeye,species
274620,59556,16,Plantae,Cercis occidentalis,Western Redbud,species
274620,49009,15,Plantae,Quercus douglasii,blue oak,species
274620,60878,15,Plantae,Lonicera interrupta,chaparral honeysuckle,species
274584,204321,3,Plantae,Ficaria verna,lesser celandine,species
274584,3048,2,Aves,Columba palumbus,Common Wood-Pigeon,species
274584,48229,2,Plantae,Ranunculus repens,Creeping buttercup,species
274584,55610,2,Insecta,Pyrrhocoris apterus,European Firebug,species
274584,55847,2,Plantae,Euonymus europaeus,Spindle,species
274584,55876,2,Plantae,Lamium album,White deadnettle,species
274584,55971,2,Plantae,Tanacetum vulgare,tansy,species
274584,56061,2,Plantae,Alliaria petiolata,garlic mustard,species
274584,56224,2,Plantae,Caltha palustris,marsh marigold,species
274584,68763,2,Plantae,Prunus cerasus,Sour Cherry,species
274430,127956,13,Plantae,Cephalanthera falcata,Golden Orchid,species
274430,447627,10,Plantae,Disporum sessile,Japanese fairy bells,species
274430,55918,9,Plantae,Papaver dubium,Long-headed poppy,species
274430,58917,8,Plantae,Geranium carolinianum,Carolina crane's-bill,species
274430,510233,8,Plantae,Delphinium anthriscifolium,,species
274430,1367313,8,Plantae,Neillia incisa,Laceshrub,species
274430,72504,7,Aves,Anas zonorhyncha,Eastern Spot-billed Duck,species
274430,416184,7,Plantae,Arisaema ringens,Japanese cobra lily,species
274430,51645,6,Plantae,Rubus parvifolius,small-leaf bramble,species
274430,56206,6,Plantae,Aucuba japonica,Japanese aucuba,species
274662,204321,20,Plantae,Ficaria verna,lesser celandine,species
274662,55851,19,Plantae,Lamium purpureum,red deadnettle,species
274662,55757,14,Plantae,Chelidonium majus,Greater celandine,species
274662,56061,13,Plantae,Alliaria petiolata,garlic mustard,species
274662,6930,12,Aves,Anas platyrhynchos,Mallard,species
274662,55844,8,Plantae,Vinca minor,lesser periwinkle,species
274662,144757,7,Aves,Corvus cornix,Hooded Crow,species
274662,3048,6,Aves,Columba palumbus,Common Wood-Pigeon,species
274662,13695,6,Aves,Motacilla alba,White Wagtail,species
274662,13851,6,Aves,Passer montanus,Eurasian Tree Sparrow,species
274690,3017,18,Aves,Columba livia,Rock Pigeon,species
274690,55459,18,Plantae,Lamium amplexicaule,henbit deadnettle,species
274690,58382,16,Plantae,Poa bulbosa,Bulbous Bluegrass,species
274690,75605,14,Plantae,Asperugo procumbens,Madwort,species
274690,336378,14,Plantae,Senecio vernalis,Eastern Groundsel,species
274690,55757,9,Plantae,Chelidonium majus,Greater celandine,species
274690,56121,8,Plantae,Capsella bursa-pastoris,shepherd's-purse,species
274690,494525,7,Insecta,Gnaptor spinimanus,,species
274690,58074,6,Plantae,Descurainia sophia,flixweed,species
274690,144757,5,Aves,Corvus cornix,Hooded Crow,species
274656,1668966,8,Amphibia,Dryophytes leopardus,Eastern Japanese Tree Frog,species
274656,319451,6,Insecta,Tetramorium tsushimae,Japanese Pavement Ant,species
274656,356470,6,Insecta,Agriosphodrus dohrni,Japanese Assassin Bug,species
274656,47602,4,Plantae,Taraxacum officinale,common dandelion,species
274656,547179,4,Aves,Spodiopsar cineraceus,White-cheeked Starling,species
274656,6937,3,Aves,Anas crecca,Green-winged Teal,species
274656,11901,3,Aves,Hirundo rustica,Barn Swallow,species
274656,13851,3,Aves,Passer montanus,Eurasian Tree Sparrow,species
274656,57157,3,Plantae,Briza maxima,Greater Quaking Grass,species
274656,67820,3,Plantae,Erigeron philadelphicus,Philadelphia fleabane,species
274652,199511,13,Plantae,Argemone ochroleuca,Mexican Poppy,species
274652,55607,11,Plantae,Senecio inaequidens,Narrow-leaved Ragwort,species
274652,58334,11,Plantae,Nicotiana glauca,tree tobacco,species
274652,56739,10,Plantae,Ricinus communis,castor bean,species
274652,13858,9,Aves,Passer domesticus,House Sparrow,species
274652,791928,9,Plantae,Lysimachia arvensis,scarlet pimpernel,species
274652,1640238,9,Plantae,Zephyranthes formosissima,Aztec Lily,species
274652,26933,7,Reptilia,Conopsis lineata,Lined Tolucan Ground Snake,species
274652,57354,7,Plantae,Schinus molle,Peruvian Pepper Tree,species
274652,59983,7,Plantae,Conopholis alpina,alpine cancer-root,species
274552,55851,6,Plantae,Lamium purpureum,red deadnettle,species
274552,47726,5,Plantae,Acer negundo,box elder,species
274552,56121,5,Plantae,Capsella bursa-pastoris,shepherd's-purse,species
274552,55459,4,Plantae,Lamium amplexicaule,henbit deadnettle,species
274552,55757,4,Plantae,Chelidonium majus,Greater celandine,species
274552,56061,4,Plantae,Alliaria petiolata,garlic mustard,species
274552,6930,3,Aves,Anas platyrhynchos,Mallard,species
274552,51702,3,Insecta,Coccinella septempunctata,Seven-spotted Lady Beetle,species
274552,58961,3,Plantae,Plantago major,greater plantain,species
274552,75605,3,Plantae,Asperugo procumbens,Madwort,species
273818,3017,2,Aves,Columba livia,Rock Pigeon,species
273818,1289423,2,Aves,Argya striata,Jungle Babbler,species
273818,4871,1,Aves,Vanellus indicus,Red-wattled Lapwing,species
273818,6925,1,Aves,Anas poecilorhyncha,Indian Spot-billed Duck,species
273818,14593,1,Aves,Pycnonotus cafer,Red-vented Bulbul,species
273818,51583,1,Insecta,Papilio demoleus,Lime Swallowtail,species
273818,51588,1,Insecta,Papilio polytes,Common Mormon Swallowtail,species
273818,68679,1,Plantae,Cassia fistula,Golden Shower Tree,species
273818,107955,1,Insecta,Orthetrum glaucum,Blue Marsh Hawk,species
273818,125444,1,Arachnida,Plexippus paykulli,Pantropical Jumping Spider,species
273609,534316,122,Plantae,Baccharis latifolia,Chilca,species
273609,64119,96,Plantae,Opuntia ficus-indica,Indian fig opuntia,species
273609,560529,84,Plantae,Mutisia acuminata,chinchircuma,species
273609,438382,79,Plantae,Corryocactus melanotrichus,,species
273609,58334,75,Plantae,Nicotiana glauca,tree tobacco,species
273609,9183,66,Aves,Zonotrichia capensis,Rufous-collared Sparrow,species
273609,3439,62,Aves,Zenaida auriculata,Eared Dove,species
273609,867792,52,Plantae,Lupinus altimontanus,,species
273609,12780,49,Aves,Turdus chiguanco,Chiguanco Thrush,species
273609,9874,46,Aves,Sicalis olivascens,Greenish Yellow-Finch,species
274664,43793,1,Mammalia,Castor fiber,Eurasian Beaver,species
274664,51741,1,Plantae,Aegopodium podagraria,Goutweed,species
274664,51809,1,Plantae,Lysimachia nummularia,creeping Jenny,species
274664,51884,1,Plantae,Urtica dioica,great stinging nettle,species
274664,55666,1,Plantae,Veronica persica,bird's-eye speedwell,species
274664,55814,1,Plantae,Corydalis solida,Bird-in-a-bush,species
274664,55828,1,Plantae,Lamium maculatum,Spotted deadnettle,species
274664,56061,1,Plantae,Alliaria petiolata,garlic mustard,species
274664,56121,1,Plantae,Capsella bursa-pastoris,shepherd's-purse,species
274664,56222,1,Plantae,Tussilago farfara,colt's-foot,species
274738,950603,77,Plantae,Anemonoides nemorosa,wood anemone,species
274738,58722,75,Plantae,Pinus sylvestris,Scots pine,species
274738,56224,49,Plantae,Caltha palustris,marsh marigold,species
274738,51884,42,Plantae,Urtica dioica,great stinging nettle,species
274738,204321,35,Plantae,Ficaria verna,lesser celandine,species
274738,55814,31,Plantae,Corydalis solida,Bird-in-a-bush,species
274738,55830,31,Plantae,Glechoma hederacea,ground-ivy,species
274738,69624,29,Plantae,Oxalis acetosella,European wood-sorrel,species
274738,1024536,27,Plantae,Rabelera holostea,greater stitchwort,species
274738,82574,26,Plantae,Matteuccia struthiopteris,ostrich fern,species
265354,73222,11,Aves,Phoenicopterus roseus,Greater Flamingo,species
265354,4883,6,Aves,Recurvirostra avosetta,Pied Avocet,species
265354,51702,6,Insecta,Coccinella septempunctata,Seven-spotted Lady Beetle,species
265354,4835,5,Aves,Himantopus himantopus,Black-winged Stilt,species
265354,13858,5,Aves,Passer domesticus,House Sparrow,species
265354,62148,5,Aves,Chlidonias hybrida,Whiskered Tern,species
265354,113507,5,Insecta,Sympetrum fonscolombii,Nomad,species
265354,123810,5,Insecta,Pontia daplidice,Bath White,species
265354,209296,5,Plantae,Coris monspeliensis,Montpellier Coris,species
265354,1680026,5,Plantae,Teucrium × alvarezii,,hybrid
274814,49463,34,Plantae,Trillium ovatum,Pacific trillium,species
274814,48548,25,Insecta,Vanessa cardui,Painted Lady,species
274814,47543,18,Plantae,Rubus spectabilis,Salmonberry,species
274814,62220,18,Plantae,Camassia quamash,small camas,species
274814,47751,17,Plantae,Polystichum munitum,western sword fern,species
274814,48538,17,Plantae,Cytisus scoparius,Scotch Broom,species
274814,51048,17,Plantae,Dicentra formosa,Pacific Bleeding Heart,species
274814,59520,17,Plantae,Erythronium oregonum,giant white fawn lily,species
274814,491087,17,Animalia,Ptenothrix maculosa,,species
274814,47215,16,Plantae,Calypso bulbosa,Fairy-slipper,species
274824,55576,2,Fungi,Xanthoria parietina,Common Sunburst Lichen,species
274824,55789,2,Arachnida,Pisaura,,genus
274824,122238,2,Animalia,Porcellio scaber,Common Rough Woodlouse,species
274824,124439,2,Fungi,Physcia adscendens,Hooded Rosette Lichen,species
274824,338214,2,Insecta,Valgus hemipterus,,species
274824,3048,1,Aves,Columba palumbus,Common Wood-Pigeon,species
274824,13851,1,Aves,Passer montanus,Eurasian Tree Sparrow,species
274824,48612,1,Insecta,Myrmecophilus acervorum,Ants'-nest Cricket,species
274824,51884,1,Plantae,Urtica dioica,great stinging nettle,species
274824,53779,1,Plantae,Humulus lupulus,common hops,species
274711,204321,32,Plantae,Ficaria verna,lesser celandine,species
274711,56061,17,Plantae,Alliaria petiolata,garlic mustard,species
274711,55757,12,Plantae,Chelidonium majus,Greater celandine,species
274711,144757,11,Aves,Corvus cornix,Hooded Crow,species
274711,56121,10,Plantae,Capsella bursa-pastoris,shepherd's-purse,species
274711,950596,10,Plantae,Anemonoides ranunculoides,Yellow Anemone,species
274711,58382,9,Plantae,Poa bulbosa,Bulbous Bluegrass,species
274711,482,8,Aves,Fulica atra,Eurasian Coot,species
274711,53298,8,Plantae,Stellaria media,common chickweed,species
274711,57512,8,Plantae,Viscum album,European mistletoe,species
274877,55830,41,Plantae,Glechoma hederacea,ground-ivy,species
274877,55610,31,Insecta,Pyrrhocoris apterus,European Firebug,species
274877,51884,29,Plantae,Urtica dioica,great stinging nettle,species
274877,55563,29,Plantae,Bellis perennis,Lawn daisy,species
274877,47219,24,Insecta,Apis mellifera,Western Honey Bee,species
274877,56061,24,Plantae,Alliaria petiolata,garlic mustard,species
274877,55757,23,Plantae,Chelidonium majus,Greater celandine,species
274877,54763,22,Plantae,Acer platanoides,Norway maple,species
274877,58722,22,Plantae,Pinus sylvestris,Scots pine,species
274877,56099,21,Plantae,Ajuga reptans,carpet bugle,species
274809,68062,2,Arachnida,Menemerus bivittatus,Gray Wall Jumping Spider,species
274809,69737,1,Insecta,Xylophanes tersa,Tersa Sphinx,species
274809,118916,1,Plantae,Marsypianthes chamaedrys,,species
274809,132468,1,Insecta,Spodoptera frugiperda,Fall Armyworm Moth,species
274809,199286,1,Insecta,Mocis latipes,Small Mocis Moth,species
274809,256804,1,Insecta,Xyleus discoideus,,species
274809,266167,1,Insecta,Zeta argillaceum,,species
274809,325320,1,Insecta,Selenisa sueroides,Pale-edged Selenisa,species
274809,330374,1,Insecta,Bagisara repanda,Wavy-lined Mallow Moth,species
274809,737002,1,Insecta,Psilopygida walkeri,,species
274272,367521,10,Aves,Psilopogon haemacephalus,Coppersmith Barbet,species
274272,4835,6,Aves,Himantopus himantopus,Black-winged Stilt,species
274272,117293,6,Insecta,Oecophylla smaragdina,Asian Weaver Ant,species
274272,204454,6,Aves,Acridotheres tristis,Common Myna,species
274272,204510,6,Aves,Eudynamys scolopaceus,Asian Koel,species
274272,204519,6,Aves,Halcyon smyrnensis,White-throated Kingfisher,species
274272,4871,5,Aves,Vanellus indicus,Red-wattled Lapwing,species
274272,4981,5,Aves,Nycticorax nycticorax,Black-crowned Night Heron,species
274272,8079,5,Aves,Artamus fuscus,Ashy Woodswallow,species
274272,13893,5,Aves,Lonchura punctulata,Scaly-breasted Munia,species
274889,4715,14,Aves,Caracara plancus,Crested Caracara,species
274889,14878,13,Aves,Mimus saturninus,Chalk-browed Mockingbird,species
274889,74442,10,Mammalia,Hydrochoerus hydrochaeris,Capybara,species
274889,3736,9,Aves,Phimosus infuscatus,Bare-faced Ibis,species
274889,9864,8,Aves,Sicalis flaveola,Saffron Finch,species
274889,68826,8,Aves,Pygochelidon cyanoleuca,Blue-and-white Swallow,species
274889,3439,7,Aves,Zenaida auriculata,Eared Dove,species
274889,4981,7,Aves,Nycticorax nycticorax,Black-crowned Night Heron,species
274889,144455,7,Aves,Ardea alba,Great Egret,species
274889,14,6,Aves,Cariama cristata,Red-legged Seriema,species
273901,319135,34,Plantae,Azadirachta indica,Neem,species
273901,68679,18,Plantae,Cassia fistula,Golden Shower Tree,species
273901,48872,17,Plantae,Mangifera indica,Indian mango,species
273901,62839,16,Plantae,Delonix regia,Flamboyant,species
273901,67574,13,Plantae,Calotropis gigantea,crown flower,species
273901,62811,12,Plantae,Carica papaya,Papaya,species
273901,50333,11,Plantae,Lantana camara,common lantana,species
273901,4954,10,Aves,Ardea cinerea,Grey Heron,species
273901,56739,10,Plantae,Ricinus communis,castor bean,species
273901,4871,9,Aves,Vanellus indicus,Red-wattled Lapwing,species
274882,5277,2,Aves,Elanus leucurus,White-tailed Kite,species
274882,10274,2,Aves,Pheucticus melanocephalus,Black-headed Grosbeak,species
274882,13858,2,Aves,Passer domesticus,House Sparrow,species
274882,47219,2,Insecta,Apis mellifera,Western Honey Bee,species
274882,47602,2,Plantae,Taraxacum officinale,common dandelion,species
274882,55745,2,Plantae,Trifolium repens,white clover,species
274882,78270,2,Plantae,Opuntia robusta,nopal tapón,species
274882,144497,2,Aves,Phalaropus tricolor,Wilson's Phalarope,species
274882,10369,1,Aves,Molothrus aeneus,Bronzed Cowbird,species
274882,11901,1,Aves,Hirundo rustica,Barn Swallow,species
274820,6930,75,Aves,Anas platyrhynchos,Mallard,species
274820,7089,67,Aves,Branta canadensis,Canada Goose,species
274820,6990,48,Aves,Bucephala clangula,Common Goldeneye,species
274820,473,47,Aves,Fulica americana,American Coot,species
274820,10094,45,Aves,Junco hyemalis,Dark-eyed Junco,species
274820,8021,41,Aves,Corvus brachyrhynchos,American Crow,species
274820,4224,33,Aves,Podiceps grisegena,Red-necked Grebe,species
274820,12727,32,Aves,Turdus migratorius,American Robin,species
274820,144815,32,Aves,Poecile atricapillus,Black-capped Chickadee,species
274820,6993,26,Aves,Bucephala albeola,Bufflehead,species
274837,55757,9,Plantae,Chelidonium majus,Greater celandine,species
274837,55876,9,Plantae,Lamium album,White deadnettle,species
274837,47726,8,Plantae,Acer negundo,box elder,species
274837,56061,7,Plantae,Alliaria petiolata,garlic mustard,species
274837,55830,6,Plantae,Glechoma hederacea,ground-ivy,species
274837,57278,6,Plantae,Ailanthus altissima,tree-of-heaven,species
274837,51610,5,Plantae,Veronica chamaedrys,Germander Speedwell,species
274837,53779,5,Plantae,Humulus lupulus,common hops,species
274837,52720,4,Plantae,Dactylis glomerata,orchard grass,species
274837,53211,4,Plantae,Senecio vulgaris,common groundsel,species
274698,55757,8,Plantae,Chelidonium majus,Greater celandine,species
274698,75605,7,Plantae,Asperugo procumbens,Madwort,species
274698,56121,6,Plantae,Capsella bursa-pastoris,shepherd's-purse,species
274698,55459,5,Plantae,Lamium amplexicaule,henbit deadnettle,species
274698,55851,5,Plantae,Lamium purpureum,red deadnettle,species
274698,58382,5,Plantae,Poa bulbosa,Bulbous Bluegrass,species
274698,51702,4,Insecta,Coccinella septempunctata,Seven-spotted Lady Beetle,species
274698,56061,4,Plantae,Alliaria petiolata,garlic mustard,species
274698,58074,4,Plantae,Descurainia sophia,flixweed,species
274698,63352,4,Plantae,Lepidium draba,Heart-podded Hoary Cress,species
274570,47602,36,Plantae,Taraxacum officinale,common dandelion,species
274570,204321,33,Plantae,Ficaria verna,lesser celandine,species
274570,55757,29,Plantae,Chelidonium majus,Greater celandine,species
274570,56121,19,Plantae,Capsella bursa-pastoris,shepherd's-purse,species
274570,53779,12,Plantae,Humulus lupulus,common hops,species
274570,56158,10,Plantae,Ballota nigra,Black horehound,species
274570,124544,9,Plantae,Anthriscus sylvestris,Cow Parsley,species
274570,53298,8,Plantae,Stellaria media,common chickweed,species
274570,55459,8,Plantae,Lamium amplexicaule,henbit deadnettle,species
274570,55828,8,Plantae,Lamium maculatum,Spotted deadnettle,species
275120,59904,7,Plantae,Glebionis coronaria,Garland Daisy,species
275120,120113,5,Insecta,Anthrenus verbasci,Varied Carpet Beetle,species
275120,162205,5,Plantae,Echium creticum,Cretan Viper's-bugloss,species
275120,1521906,4,Plantae,Convolvulus althaeoides,Mallow Bindweed,species
275120,6638,3,Aves,Apus apus,Common Swift,species
275120,58379,3,Plantae,Lamarckia aurea,goldentop grass,species
275120,68328,3,Insecta,Oxythyrea funesta,Mediterranean Spotted Chafer,species
275120,199875,3,Mollusca,Eobania vermiculata,Chocolate-band Snail,species
275120,199876,3,Plantae,Pallenis maritima,gold coin,species
275120,484668,3,Animalia,Porcellio ornatus,Yellow Dot Isopod,species
275010,82895,22,Plantae,Allium roseum,rosy garlic,species
275010,245656,21,Arachnida,Synema globosum,Napoleon Spider,species
275010,59320,20,Plantae,Anacamptis papilionacea,Pink-butterfly Orchid,species
275010,57283,17,Plantae,Centranthus ruber,Red Valerian,species
275010,76365,13,Plantae,Cistus salviifolius,Sage-leaved Rock-rose,species
275010,68328,12,Insecta,Oxythyrea funesta,Mediterranean Spotted Chafer,species
275010,165590,11,Plantae,Muscari comosum,Tassel Hyacinth,species
275010,59343,10,Plantae,Urospermum dalechampii,smooth golden fleece,species
275010,76363,10,Plantae,Cistus monspeliensis,Montpellier Cistus,species
275010,55505,9,Plantae,Allium triquetrum,Three-cornered garlic,species
264066,41963,6,Mammalia,Panthera pardus,Leopard,species
264066,84832,6,Plantae,Striga gesnerioides,cowpea witchweed,species
264066,141634,6,Plantae,Leonotis nepetifolia,lion's ear,species
264066,321501,6,Plantae,Nymphaea nouchali,Day Waterlily,species
264066,41964,5,Mammalia,Panthera leo,Lion,species
264066,42149,4,Mammalia,Hippopotamus amphibius,Common Hippopotamus,species
264066,126238,4,Plantae,Cucumis metuliferus,Horned Melon,species
264066,126980,4,Plantae,Plumbago zeylanica,wild leadwort,species
264066,349702,4,Plantae,Acrotome inflata,Horsefright,species
264066,507031,4,Plantae,Pupalia lappacea,forest burr,species
274627,6930,45,Aves,Anas platyrhynchos,Mallard,species
274627,52391,44,Plantae,Pinus strobus,eastern white pine,species
274627,7089,41,Aves,Branta canadensis,Canada Goose,species
274627,53387,34,Plantae,Cornus sericea,red osier dogwood,species
274627,144815,22,Aves,Poecile atricapillus,Black-capped Chickadee,species
274627,9744,20,Aves,Agelaius phoeniceus,Red-winged Blackbird,species
274627,8229,19,Aves,Cyanocitta cristata,Blue Jay,species
274627,12727,19,Aves,Turdus migratorius,American Robin,species
274627,54037,18,Plantae,Thuja occidentalis,northern whitecedar,species
274627,8021,17,Aves,Corvus brachyrhynchos,American Crow,species
274628,144815,6,Aves,Poecile atricapillus,Black-capped Chickadee,species
274628,6996,4,Aves,Mergus serrator,Red-breasted Merganser,species
274628,12727,4,Aves,Turdus migratorius,American Robin,species
274628,8229,3,Aves,Cyanocitta cristata,Blue Jay,species
274628,9100,3,Aves,Melospiza melodia,Song Sparrow,species
274628,13858,3,Aves,Passer domesticus,House Sparrow,species
274628,14850,3,Aves,Sturnus vulgaris,European Starling,species
274628,46260,3,Mammalia,Tamiasciurus hudsonicus,American Red Squirrel,species
274628,47585,3,Mollusca,Crassostrea virginica,Eastern Oyster,species
274628,54134,3,Fungi,Trametes versicolor,turkey-tail,species
274807,3460,59,Aves,Zenaida asiatica,White-winged Dove,species
274807,9319,53,Aves,Icterus cucullatus,Hooded Oriole,species
274807,199840,39,Aves,Haemorhous mexicanus,House Finch,species
274807,18161,38,Aves,Melanerpes uropygialis,Gila Woodpecker,species
274807,7470,35,Aves,Campylorhynchus brunneicapillus,Cactus Wren,species
274807,35311,31,Reptilia,Ctenosaura hemilopha,Cape Spiny-tailed Iguana,species
274807,9083,23,Aves,Cardinalis cardinalis,Northern Cardinal,species
274807,13858,21,Aves,Passer domesticus,House Sparrow,species
274807,144455,21,Aves,Ardea alba,Great Egret,species
274807,962637,18,Plantae,Pontederia crassipes,common water hyacinth,species
274985,83652,24,Insecta,Anartia amathea,Red Peacock,species
274985,47219,10,Insecta,Apis mellifera,Western Honey Bee,species
274985,49761,9,Insecta,Anartia jatrophae,White Peacock,species
274985,502885,8,Mollusca,Lissachatina fulica,African Giant Snail,species
274985,4765,6,Aves,Coragyps atratus,Black Vulture,species
274985,60439,6,Plantae,Caesalpinia pulcherrima,peacock flower,species
274985,119627,5,Insecta,Abracris flavolineata,,species
274985,123572,5,Plantae,Cordyline fruticosa,Ti,species
274985,9864,4,Aves,Sicalis flaveola,Saffron Finch,species
274985,75602,4,Plantae,Asclepias curassavica,tropical milkweed,species
274926,51702,11,Insecta,Coccinella septempunctata,Seven-spotted Lady Beetle,species
274926,322377,11,Insecta,Calomera littoralis,Littoral Tiger Beetle,species
274926,981,8,Aves,Phasianus colchicus,Ring-necked Pheasant,species
274926,102434,7,Mollusca,Helix albescens,,species
274926,58382,6,Plantae,Poa bulbosa,Bulbous Bluegrass,species
274926,627508,5,Plantae,Phlomis herba-venti,rough-leaved phlomis,species
274926,7067,4,Aves,Tadorna tadorna,Common Shelduck,species
274926,57646,4,Plantae,Iris pumila,Dwarf Iris,species
274926,58074,4,Plantae,Descurainia sophia,flixweed,species
274926,75605,4,Plantae,Asperugo procumbens,Madwort,species
274936,54763,2,Plantae,Acer platanoides,Norway maple,species
274936,55757,2,Plantae,Chelidonium majus,Greater celandine,species
274936,47726,1,Plantae,Acer negundo,box elder,species
274936,51884,1,Plantae,Urtica dioica,great stinging nettle,species
274936,55576,1,Fungi,Xanthoria parietina,Common Sunburst Lichen,species
274936,56061,1,Plantae,Alliaria petiolata,garlic mustard,species
274936,58961,1,Plantae,Plantago major,greater plantain,species
274936,204321,1,Plantae,Ficaria verna,lesser celandine,species
274936,399803,1,Fungi,Athelia arachnoidea,cobweb duster,species
274936,492629,1,Insecta,Ctenophora flaveolata,,species
274938,12716,2,Aves,Turdus merula,Eurasian Blackbird,species
274938,482,1,Aves,Fulica atra,Eurasian Coot,species
274938,3048,1,Aves,Columba palumbus,Common Wood-Pigeon,species
274938,10070,1,Aves,Fringilla coelebs,Common Chaffinch,species
274938,11901,1,Aves,Hirundo rustica,Barn Swallow,species
274938,14824,1,Aves,Sitta europaea,Eurasian Nuthatch,species
274938,17871,1,Aves,Dendrocopos major,Great Spotted Woodpecker,species
274938,43048,1,Mammalia,Erinaceus roumanicus,Northern White-breasted Hedgehog,species
274938,46001,1,Mammalia,Sciurus vulgaris,Eurasian Red Squirrel,species
274938,47726,1,Plantae,Acer negundo,box elder,species
274968,56061,19,Plantae,Alliaria petiolata,garlic mustard,species
274968,49288,14,Plantae,Podophyllum peltatum,mayapple,species
274968,55851,11,Plantae,Lamium purpureum,red deadnettle,species
274968,55830,10,Plantae,Glechoma hederacea,ground-ivy,species
274968,54921,8,Plantae,Packera glabella,Butterweed,species
274968,64968,7,Amphibia,Anaxyrus americanus,American Toad,species
274968,78882,7,Plantae,Rosa multiflora,multiflora rose,species
274968,82342,7,Plantae,Lonicera maackii,Amur honeysuckle,species
274968,47697,6,Plantae,Hesperis matronalis,dame's rocket,species
274968,9083,5,Aves,Cardinalis cardinalis,Northern Cardinal,species
274902,51884,4,Plantae,Urtica dioica,great stinging nettle,species
274902,447812,4,Plantae,Fragaria viridis,green strawberry,species
274902,51610,3,Plantae,Veronica chamaedrys,Germander Speedwell,species
274902,53298,3,Plantae,Stellaria media,common chickweed,species
274902,55757,3,Plantae,Chelidonium majus,Greater celandine,species
274902,55766,3,Plantae,Euphorbia cyparissias,cypress spurge,species
274902,56158,3,Plantae,Ballota nigra,Black horehound,species
274902,51702,2,Insecta,Coccinella septempunctata,Seven-spotted Lady Beetle,species
274902,55563,2,Plantae,Bellis perennis,Lawn daisy,species
274902,55745,2,Plantae,Trifolium repens,white clover,species
274987,51432,24,Plantae,Galearis spectabilis,showy orchis,species
274987,49288,23,Plantae,Podophyllum peltatum,mayapple,species
274987,54412,15,Plantae,Polystichum acrostichoides,Christmas fern,species
274987,127597,14,Plantae,Sedum ternatum,woodland stonecrop,species
274987,58732,12,Plantae,Toxicodendron radicans,eastern poison ivy,species
274987,59980,12,Plantae,Conopholis americana,American cancer-root,species
274987,55830,11,Plantae,Glechoma hederacea,ground-ivy,species
274987,50278,10,Plantae,Parthenocissus quinquefolia,Virginia creeper,species
274987,47699,9,Plantae,Geranium maculatum,wild geranium,species
274987,53582,9,Plantae,Liriodendron tulipifera,American tuliptree,species
274042,49882,139,Plantae,Betula alleghaniensis,yellow birch,species
274042,67748,93,Plantae,Maianthemum canadense,Canada mayflower,species
274042,69752,82,Plantae,Houstonia caerulea,azure bluet,species
274042,950598,82,Plantae,Anemonoides quinquefolia,wood anemone,species
274042,50855,76,Plantae,Trillium erectum,red trillium,species
274042,52391,72,Plantae,Pinus strobus,eastern white pine,species
274042,48734,71,Plantae,Tsuga canadensis,eastern hemlock,species
274042,48961,66,Plantae,Symplocarpus foetidus,Eastern Skunk Cabbage,species
274042,83799,64,Plantae,Mitchella repens,partridgeberry,species
274042,26790,62,Amphibia,Ambystoma maculatum,Spotted Salamander,species
274769,55830,5,Plantae,Glechoma hederacea,ground-ivy,species
274769,53298,3,Plantae,Stellaria media,common chickweed,species
274769,56061,3,Plantae,Alliaria petiolata,garlic mustard,species
274769,56121,3,Plantae,Capsella bursa-pastoris,shepherd's-purse,species
274769,58961,3,Plantae,Plantago major,greater plantain,species
274769,3048,2,Aves,Columba palumbus,Common Wood-Pigeon,species
274769,51884,2,Plantae,Urtica dioica,great stinging nettle,species
274769,52856,2,Plantae,Artemisia vulgaris,common mugwort,species
274769,53059,2,Plantae,Galium aparine,catchweed bedstraw,species
274769,53779,2,Plantae,Humulus lupulus,common hops,species
271372,67820,63,Plantae,Erigeron philadelphicus,Philadelphia fleabane,species
271372,56083,55,Animalia,Armadillidium vulgare,Common Pill Woodlouse,species
271372,78247,52,Plantae,Oenothera rosea,rose evening primrose,species
271372,48484,50,Insecta,Harmonia axyridis,Asian Lady Beetle,species
271372,51702,49,Insecta,Coccinella septempunctata,Seven-spotted Lady Beetle,species
271372,55745,39,Plantae,Trifolium repens,white clover,species
271372,55918,34,Plantae,Papaver dubium,Long-headed poppy,species
271372,58917,30,Plantae,Geranium carolinianum,Carolina crane's-bill,species
271372,126249,30,Plantae,Akebia quinata,Five-leaf akebia,species
271372,356470,28,Insecta,Agriosphodrus dohrni,Japanese Assassin Bug,species
272878,204454,43,Aves,Acridotheres tristis,Common Myna,species
272878,3607,36,Aves,Geopelia striata,Zebra Dove,species
272878,3017,30,Aves,Columba livia,Rock Pigeon,species
272878,882,28,Aves,Gallus gallus,Red Junglefowl,species
272878,1649784,26,Aves,Gygis candida,Blue-billed White-Tern,species
272878,10254,25,Aves,Paroaria coronata,Red-crested Cardinal,species
272878,475125,25,Aves,Ardenna pacifica,Wedge-tailed Shearwater,species
272878,1455918,25,Aves,Spilopelia chinensis,Spotted Dove,species
272878,13858,19,Aves,Passer domesticus,House Sparrow,species
272878,14593,18,Aves,Pycnonotus cafer,Red-vented Bulbul,species
274910,48240,18,Plantae,Erythronium americanum,yellow trout lily,species
274910,51044,17,Plantae,Sanguinaria canadensis,bloodroot,species
274910,49288,16,Plantae,Podophyllum peltatum,mayapple,species
274910,48961,13,Plantae,Symplocarpus foetidus,Eastern Skunk Cabbage,species
274910,55402,13,Plantae,Trillium grandiflorum,large white trillium,species
274910,60438,13,Plantae,Cardamine concatenata,cut-leaved toothwort,species
274910,9744,12,Aves,Agelaius phoeniceus,Red-winged Blackbird,species
274910,56061,12,Plantae,Alliaria petiolata,garlic mustard,species
274910,56224,11,Plantae,Caltha palustris,marsh marigold,species
274910,7089,10,Aves,Branta canadensis,Canada Goose,species
274999,159291,14,Plantae,Boerhavia glabrata,,species
274999,1095846,14,Plantae,Bidens alba,White beggarticks,species
274999,502885,13,Mollusca,Lissachatina fulica,African Giant Snail,species
274999,702906,12,Plantae,Chenopodium acuminatum,,species
274999,53168,11,Plantae,Oxalis corniculata,Creeping Woodsorrel,species
274999,165059,11,Plantae,Macroptilium atropurpureum,Purple Bush-Bean,species
274999,319910,11,Insecta,Cheilomenes sexmaculata,Six-spotted Zigzag Ladybird,species
274999,368225,11,Mollusca,Nerita albicilla,blotched nerite,species
274999,51768,9,Plantae,Gaillardia pulchella,firewheel,species
274999,62345,9,Amphibia,Duttaphrynus melanostictus,Asian Common Toad,species
274304,904336,9,Arachnida,Trichonephila clavipes,Golden Silk Spider,species
274304,1117609,8,Plantae,Pleroma heteromallum,silverleafed princess flower,species
274304,347865,4,Plantae,Solanum lycocarpum,wolf-apple,species
274304,826338,4,Plantae,Senna rugosa,,species
274304,915986,4,Plantae,Siphocampylus imbricatus,,species
274304,965347,4,Plantae,Stachytarpheta glabra,,species
274304,1074025,4,Plantae,Actinocephalus bongardii,,species
274304,56739,3,Plantae,Ricinus communis,castor bean,species
274304,184397,3,Plantae,Arthrocereus glaziovii,,species
274304,537718,3,Plantae,Vellozia compacta,,species
275031,3017,4,Aves,Columba livia,Rock Pigeon,species
275031,4775,4,Aves,Anastomus oscitans,Asian Openbill,species
275031,33376,2,Reptilia,Hemidactylus platyurus,Flat-tailed House Gecko,species
275031,117293,2,Insecta,Oecophylla smaragdina,Asian Weaver Ant,species
275031,169944,2,Plantae,Tridax procumbens,Tridax Daisy,species
275031,204454,2,Aves,Acridotheres tristis,Common Myna,species
275031,284831,2,Plantae,Combretum indicum,Rangoon Creeper,species
275031,882,1,Aves,Gallus gallus,Red Junglefowl,species
275031,3607,1,Aves,Geopelia striata,Zebra Dove,species
275031,13851,1,Aves,Passer montanus,Eurasian Tree Sparrow,species
275039,158030,16,Plantae,Adonis vernalis,Spring Adonis,species
275039,485728,10,Plantae,Hyacinthella leucophaea,Pale Hyacinthella,species
275039,56061,7,Plantae,Alliaria petiolata,garlic mustard,species
275039,68846,6,Plantae,Muscari neglectum,Musk Hyacinth,species
275039,204321,6,Plantae,Ficaria verna,lesser celandine,species
275039,513801,6,Plantae,Nonea pulla,Brown Monkwort,species
275039,55757,5,Plantae,Chelidonium majus,Greater celandine,species
275039,55828,5,Plantae,Lamium maculatum,Spotted deadnettle,species
275039,55830,5,Plantae,Glechoma hederacea,ground-ivy,species
275039,46079,4,Mammalia,Marmota bobak,Bobak Marmot,species
275563,57902,7,Plantae,Pinus edulis,Colorado Pinyon,species
275563,126663,6,Plantae,Oenothera pallida,Pale Evening Primrose,species
275563,148405,6,Plantae,Escobaria vivipara,Spinystar,species
275563,40629,5,Mammalia,Lasionycteris noctivagans,Silver-haired Bat,species
275563,58087,5,Plantae,Stanleya pinnata,Desert Prince's Plume,species
275563,770945,5,Plantae,Phacelia corrugata,wild heliotrope,species
275563,906,4,Aves,Meleagris gallopavo,Wild Turkey,species
275563,12936,4,Aves,Sialia currucoides,Mountain Bluebird,species
275563,42220,4,Mammalia,Odocoileus hemionus,Mule Deer,species
275563,57896,4,Plantae,Salsola tragus,Prickly Russian Thistle,species
268065,1521906,7,Plantae,Convolvulus althaeoides,Mallow Bindweed,species
268065,58334,6,Plantae,Nicotiana glauca,tree tobacco,species
268065,64705,6,Aves,Delichon urbicum,Western House Martin,species
268065,199875,6,Mollusca,Eobania vermiculata,Chocolate-band Snail,species
268065,537849,6,Plantae,Echium sabulicola,sand viper's bugloss,species
268065,46001,5,Mammalia,Sciurus vulgaris,Eurasian Red Squirrel,species
268065,162161,5,Plantae,Ecballium elaterium,squirting cucumber,species
268065,199614,5,Plantae,Fagonia cretica,Virgin's Mantle,species
268065,490801,5,Plantae,Anthyllis cytisoides,,species
268065,4835,4,Aves,Himantopus himantopus,Black-winged Stilt,species
275089,144455,8,Aves,Ardea alba,Great Egret,species
275089,189235,8,Plantae,Andira galeottiana,,species
275089,35342,7,Reptilia,Iguana iguana,Green Iguana,species
275089,332204,7,Insecta,Membracis mexicana,Mexican Treehopper,species
275089,9607,6,Aves,Quiscalus mexicanus,Great-tailed Grackle,species
275089,16956,6,Aves,Pitangus sulphuratus,Great Kiskadee,species
275089,18167,6,Aves,Melanerpes aurifrons,Golden-fronted Woodpecker,species
275089,62809,6,Plantae,Ceiba pentandra,Kapok Tree,species
275089,5020,5,Aves,Butorides virescens,Green Heron,species
275089,16842,4,Aves,Myiozetetes similis,Social Flycatcher,species
264058,62345,10,Amphibia,Duttaphrynus melanostictus,Asian Common Toad,species
264058,67574,7,Plantae,Calotropis gigantea,crown flower,species
264058,1204,4,Aves,Pavo cristatus,Indian Peafowl,species
264058,99331,4,Insecta,Diplacodes trivialis,Chalky Percher,species
264058,204454,4,Aves,Acridotheres tristis,Common Myna,species
264058,4775,3,Aves,Anastomus oscitans,Asian Openbill,species
264058,4871,3,Aves,Vanellus indicus,Red-wattled Lapwing,species
264058,4954,3,Aves,Ardea cinerea,Grey Heron,species
264058,4993,3,Aves,Ardeola grayii,Indian Pond-Heron,species
264058,5406,3,Aves,Haliastur indus,Brahminy Kite,species
274686,56061,5,Plantae,Alliaria petiolata,garlic mustard,species
274686,14850,3,Aves,Sturnus vulgaris,European Starling,species
274686,3048,2,Aves,Columba palumbus,Common Wood-Pigeon,species
274686,12707,2,Aves,Turdus pilaris,Fieldfare,species
274686,43048,2,Mammalia,Erinaceus roumanicus,Northern White-breasted Hedgehog,species
274686,51702,2,Insecta,Coccinella septempunctata,Seven-spotted Lady Beetle,species
274686,53779,2,Plantae,Humulus lupulus,common hops,species
274686,55757,2,Plantae,Chelidonium majus,Greater celandine,species
274686,55844,2,Plantae,Vinca minor,lesser periwinkle,species
274686,55886,2,Plantae,Lunaria annua,Annual Honesty,species
275140,6930,4,Aves,Anas platyrhynchos,Mallard,species
275140,55830,4,Plantae,Glechoma hederacea,ground-ivy,species
275140,47726,3,Plantae,Acer negundo,box elder,species
275140,56121,3,Plantae,Capsella bursa-pastoris,shepherd's-purse,species
275140,57512,3,Plantae,Viscum album,European mistletoe,species
275140,3048,2,Aves,Columba palumbus,Common Wood-Pigeon,species
275140,8029,2,Aves,Corvus frugilegus,Rook,species
275140,14850,2,Aves,Sturnus vulgaris,European Starling,species
275140,55576,2,Fungi,Xanthoria parietina,Common Sunburst Lichen,species
275140,56061,2,Plantae,Alliaria petiolata,garlic mustard,species
275743,166920,6,Plantae,Pithecellobium dulce,Madras Thorn,species
275743,3607,5,Aves,Geopelia striata,Zebra Dove,species
275743,60316,5,Plantae,Typha angustifolia,narrow-leaved cattail,species
275743,345556,5,Plantae,Borassus flabellifer,Asian Palmyra Palm,species
275743,319135,4,Plantae,Azadirachta indica,Neem,species
275743,4775,3,Aves,Anastomus oscitans,Asian Openbill,species
275743,3017,2,Aves,Columba livia,Rock Pigeon,species
275743,8141,2,Aves,Rhipidura javanica,Malaysian Pied-Fantail,species
275743,95995,2,Insecta,Brachythemis contaminata,Ditch Jewel,species
275743,204454,2,Aves,Acridotheres tristis,Common Myna,species
275308,57283,6,Plantae,Centranthus ruber,Red Valerian,species
275308,2969,4,Aves,Streptopelia decaocto,Eurasian Collared-Dove,species
275308,52592,4,Insecta,Pararge aegeria,Speckled Wood,species
275308,59343,4,Plantae,Urospermum dalechampii,smooth golden fleece,species
275308,47691,3,Plantae,Sherardia arvensis,Field madder,species
275308,68328,3,Insecta,Oxythyrea funesta,Mediterranean Spotted Chafer,species
275308,75609,3,Plantae,Asplenium trichomanes,maidenhair spleenwort,species
275308,82673,3,Plantae,Cistus albidus,Grey-leaved Cistus,species
275308,82856,3,Plantae,Rhamnus alaternus,Mediterranean buckthorn,species
275308,12716,2,Aves,Turdus merula,Eurasian Blackbird,species
274693,336378,5,Plantae,Senecio vernalis,Eastern Groundsel,species
274693,47602,3,Plantae,Taraxacum officinale,common dandelion,species
274693,55757,3,Plantae,Chelidonium majus,Greater celandine,species
274693,63352,3,Plantae,Lepidium draba,Heart-podded Hoary Cress,species
274693,2969,2,Aves,Streptopelia decaocto,Eurasian Collared-Dove,species
274693,55459,2,Plantae,Lamium amplexicaule,henbit deadnettle,species
274693,56121,2,Plantae,Capsella bursa-pastoris,shepherd's-purse,species
274693,96044,2,Mollusca,Brephulopsis cylindrica,,species
274693,3017,1,Aves,Columba livia,Rock Pigeon,species
274693,4327,1,Aves,Pelecanus onocrotalus,Great White Pelican,species
274730,204321,25,Plantae,Ficaria verna,lesser celandine,species
274730,950603,17,Plantae,Anemonoides nemorosa,wood anemone,species
274730,55825,14,Plantae,Veronica filiformis,Slender speedwell,species
274730,56061,13,Plantae,Alliaria petiolata,garlic mustard,species
274730,55830,12,Plantae,Glechoma hederacea,ground-ivy,species
274730,12716,11,Aves,Turdus merula,Eurasian Blackbird,species
274730,55563,10,Plantae,Bellis perennis,Lawn daisy,species
274730,3048,9,Aves,Columba palumbus,Common Wood-Pigeon,species
274730,204339,9,Plantae,Lamium galeobdolon,yellow archangel,species
274730,55757,8,Plantae,Chelidonium majus,Greater celandine,species
274695,204321,9,Plantae,Ficaria verna,lesser celandine,species
274695,55757,6,Plantae,Chelidonium majus,Greater celandine,species
274695,3017,5,Aves,Columba livia,Rock Pigeon,species
274695,55830,5,Plantae,Glechoma hederacea,ground-ivy,species
274695,47726,4,Plantae,Acer negundo,box elder,species
274695,55563,4,Plantae,Bellis perennis,Lawn daisy,species
274695,3048,3,Aves,Columba palumbus,Common Wood-Pigeon,species
274695,47602,3,Plantae,Taraxacum officinale,common dandelion,species
274695,336399,3,Aves,Coloeus monedula,Eurasian Jackdaw,species
274695,14850,2,Aves,Sturnus vulgaris,European Starling,species
274899,51702,4,Insecta,Coccinella septempunctata,Seven-spotted Lady Beetle,species
274899,13851,3,Aves,Passer montanus,Eurasian Tree Sparrow,species
274899,48206,3,Plantae,Convallaria majalis,European lily of the valley,species
274899,35912,2,Reptilia,Lacerta agilis,Sand Lizard,species
274899,55789,2,Arachnida,Pisaura,,genus
274899,55851,2,Plantae,Lamium purpureum,red deadnettle,species
274899,322420,2,Mollusca,Limacus,Cellar Slugs,genus
274899,47219,1,Insecta,Apis mellifera,Western Honey Bee,species
274899,51884,1,Plantae,Urtica dioica,great stinging nettle,species
274899,52402,1,Insecta,Cetonia aurata,European Rose Chafer,species
273762,49463,76,Plantae,Trillium ovatum,Pacific trillium,species
273762,6930,60,Aves,Anas platyrhynchos,Mallard,species
273762,51655,60,Plantae,Tellima grandiflora,fringe cups,species
273762,48548,51,Insecta,Vanessa cardui,Painted Lady,species
273762,62220,49,Plantae,Camassia quamash,small camas,species
273762,77255,49,Plantae,Geranium lucidum,Shining Crane's-bill,species
273762,47751,47,Plantae,Polystichum munitum,western sword fern,species
273762,51646,47,Plantae,Rubus parviflorus,thimbleberry,species
273762,53445,44,Plantae,Rubus ursinus,trailing blackberry,species
273762,57786,43,Plantae,Plectritis congesta,shortspur seablush,species
275299,50333,104,Plantae,Lantana camara,common lantana,species
275299,199400,85,Plantae,Chromolaena odorata,Siam weed,species
275299,286772,82,Plantae,Tecomaria capensis,Cape Honeysuckle,species
275299,133291,72,Plantae,Rivina humilis,pigeonberry,species
275299,344320,65,Plantae,Asystasia intrusa,African Coromandel,species
275299,135250,63,Plantae,Strelitzia nicolai,giant bird-of-paradise flower,species
275299,133287,52,Plantae,Solanum mauritianum,bugweed,species
275299,3743,47,Aves,Bostrychia hagedash,Hadada Ibis,species
275299,404420,46,Plantae,Osteospermum moniliferum,Bietou,species
275299,147425,45,Plantae,Trema orientale,Oriental trema,species
275006,204321,3,Plantae,Ficaria verna,lesser celandine,species
275006,357480,2,Insecta,Tropinota hirta,Apple Blossom Beetle,species
275006,7068,1,Aves,Tadorna ferruginea,Ruddy Shelduck,species
275006,13071,1,Aves,Luscinia svecica,Bluethroat,species
275006,47219,1,Insecta,Apis mellifera,Western Honey Bee,species
275006,51702,1,Insecta,Coccinella septempunctata,Seven-spotted Lady Beetle,species
275006,51884,1,Plantae,Urtica dioica,great stinging nettle,species
275006,55610,1,Insecta,Pyrrhocoris apterus,European Firebug,species
275006,55757,1,Plantae,Chelidonium majus,Greater celandine,species
275006,55830,1,Plantae,Glechoma hederacea,ground-ivy,species
274679,55757,12,Plantae,Chelidonium majus,Greater celandine,species
274679,56061,12,Plantae,Alliaria petiolata,garlic mustard,species
274679,144757,12,Aves,Corvus cornix,Hooded Crow,species
274679,55851,10,Plantae,Lamium purpureum,red deadnettle,species
274679,204321,10,Plantae,Ficaria verna,lesser celandine,species
274679,55830,9,Plantae,Glechoma hederacea,ground-ivy,species
274679,3017,6,Aves,Columba livia,Rock Pigeon,species
274679,6930,6,Aves,Anas platyrhynchos,Mallard,species
274679,47726,6,Plantae,Acer negundo,box elder,species
274679,51702,6,Insecta,Coccinella septempunctata,Seven-spotted Lady Beetle,species
274911,55459,2,Plantae,Lamium amplexicaule,henbit deadnettle,species
274911,336378,2,Plantae,Senecio vernalis,Eastern Groundsel,species
274911,2969,1,Aves,Streptopelia decaocto,Eurasian Collared-Dove,species
274911,3048,1,Aves,Columba palumbus,Common Wood-Pigeon,species
274911,4208,1,Aves,Podiceps cristatus,Great Crested Grebe,species
274911,4733,1,Aves,Ciconia ciconia,White Stork,species
274911,4954,1,Aves,Ardea cinerea,Grey Heron,species
274911,11901,1,Aves,Hirundo rustica,Barn Swallow,species
274911,13695,1,Aves,Motacilla alba,White Wagtail,species
274911,13851,1,Aves,Passer montanus,Eurasian Tree Sparrow,species
275121,3048,5,Aves,Columba palumbus,Common Wood-Pigeon,species
275121,6930,4,Aves,Anas platyrhynchos,Mallard,species
275121,55757,4,Plantae,Chelidonium majus,Greater celandine,species
275121,55851,4,Plantae,Lamium purpureum,red deadnettle,species
275121,482,3,Aves,Fulica atra,Eurasian Coot,species
275121,3017,3,Aves,Columba livia,Rock Pigeon,species
275121,51610,3,Plantae,Veronica chamaedrys,Germander Speedwell,species
275121,55830,3,Plantae,Glechoma hederacea,ground-ivy,species
275121,55876,3,Plantae,Lamium album,White deadnettle,species
275121,891696,3,Aves,Pica pica,Eurasian Magpie,species
272552,765800,30,Plantae,Sida poeppigiana,,species
272552,78217,8,Plantae,Nicandra physalodes,apple-of-Peru,species
272552,57852,5,Plantae,Fumaria capreolata,white ramping-fumitory,species
272552,47219,4,Insecta,Apis mellifera,Western Honey Bee,species
272552,62500,2,Insecta,Leptophobia aripa,Green-eyed White,species
272552,319910,2,Insecta,Cheilomenes sexmaculata,Six-spotted Zigzag Ladybird,species
272552,330438,2,Insecta,Vanessa carye,Subtropical Lady,species
272552,779304,2,Plantae,Plumbago caerulea,Chilean plumbago,species
272552,4756,1,Aves,Cathartes aura,Turkey Vulture,species
272552,9872,1,Aves,Sicalis lutea,Puna Yellow-Finch,species
274913,117293,2,Insecta,Oecophylla smaragdina,Asian Weaver Ant,species
274913,123010,1,Animalia,Trigoniulus corallinus,Rusty Millipede,species
270387,76425,11,Plantae,Commelina benghalensis,tropical spiderwort,species
270387,154525,11,Plantae,Smilax anceps,Leg-Ripper,species
270387,662680,10,Insecta,Dixeia spilleri,Sulphur Ant-heap White,species
270387,344320,9,Plantae,Asystasia intrusa,African Coromandel,species
270387,338719,8,Plantae,Syzygium cordatum,Water Berry,species
270387,160818,7,Plantae,Commelina diffusa,climbing dayflower,species
270387,427994,7,Plantae,Barleria obtusa,Blue Bushviolet,species
270387,68465,6,Insecta,Junonia oenone,Blue-spot Pansy,species
270387,133287,6,Plantae,Solanum mauritianum,bugweed,species
270387,366236,6,Insecta,Neptis saclava,Spotted Sailer,species
274924,39771,11,Reptilia,Chrysemys picta,Painted Turtle,species
274924,56222,9,Plantae,Tussilago farfara,colt's-foot,species
274924,7089,8,Aves,Branta canadensis,Canada Goose,species
274924,9744,8,Aves,Agelaius phoeniceus,Red-winged Blackbird,species
274924,9100,5,Aves,Melospiza melodia,Song Sparrow,species
274924,11935,5,Aves,Tachycineta bicolor,Tree Swallow,species
274924,42223,5,Mammalia,Odocoileus virginianus,White-tailed Deer,species
274924,144815,5,Aves,Poecile atricapillus,Black-capped Chickadee,species
274924,13632,4,Aves,Baeolophus bicolor,Tufted Titmouse,species
274924,145310,4,Aves,Spinus tristis,American Goldfinch,species
274314,47219,93,Insecta,Apis mellifera,Western Honey Bee,species
274314,6072,56,Aves,Colibri coruscans,Sparkling Violetear,species
274314,3439,51,Aves,Zenaida auriculata,Eared Dove,species
274314,9183,46,Aves,Zonotrichia capensis,Rufous-collared Sparrow,species
274314,132458,42,Plantae,Thunbergia alata,Black-eyed Susan vine,species
274314,47602,35,Plantae,Taraxacum officinale,common dandelion,species
274314,341039,31,Plantae,Iris albicans,Cemetery Iris,species
274314,48363,30,Plantae,Tecoma stans,yellow trumpet flower,species
274314,130451,30,Insecta,Dione juno,Juno Silverspot,species
274314,570761,28,Plantae,Delostoma integrifolium,,species
274465,165529,11,Plantae,Moringa oleifera,Moringa tree,species
274465,78631,5,Plantae,Plumbago auriculata,blue plumbago,species
274465,68492,3,Reptilia,Hemidactylus mabouia,Tropical House Gecko,species
274465,1482308,3,Insecta,Telchinia serena,Dancing Amber,species
274465,47563,2,Plantae,Nerium oleander,oleander,species
274465,164328,2,Plantae,Kalanchoe delagoensis,Mother of Millions,species
274465,169872,2,Plantae,Tradescantia pallida,Purple Heart,species
274465,169944,2,Plantae,Tridax procumbens,Tridax Daisy,species
274465,277115,2,Plantae,Cascabela thevetia,Be-still tree,species
274465,8038,1,Aves,Corvus albus,Pied Crow,species
274472,14588,2,Aves,Pycnonotus barbatus,Common Bulbul,species
274472,68469,2,Insecta,Papilio demodocus,Citrus Swallowtail,species
274472,566518,2,Insecta,Cheilomenes sulphurea,Sulfurous Lady Beetle,species
274472,1455922,2,Aves,Spilopelia senegalensis,Laughing Dove,species
274472,2988,1,Aves,Streptopelia semitorquata,Red-eyed Dove,species
274472,13699,1,Aves,Motacilla capensis,Cape Wagtail,species
274472,37418,1,Reptilia,Trachylepis striata,African Striped Skink,species
274472,47219,1,Insecta,Apis mellifera,Western Honey Bee,species
274472,50333,1,Plantae,Lantana camara,common lantana,species
274472,62924,1,Plantae,Catharanthus roseus,Madagascar Periwinkle,species
274474,70068,5,Insecta,Pachylomera femoralis,Popeye Dung Beetle,species
274474,68465,2,Insecta,Junonia oenone,Blue-spot Pansy,species
274474,339912,2,Insecta,Euphaedra neophron,Gold-banded Forester,species
274474,344320,2,Plantae,Asystasia intrusa,African Coromandel,species
274474,426878,2,Plantae,Hibiscus surattensis,Bush Sorrel,species
274474,583693,2,Plantae,Dicerocaryum forbesii,Maputo Devilthorn,species
274474,1510571,2,Mammalia,Giraffa giraffa,Southern Giraffe,species
274474,2245,1,Aves,Merops persicus,Blue-cheeked Bee-eater,species
274474,12978,1,Aves,Muscicapa adusta,African Dusky Flycatcher,species
274474,14104,1,Aves,Macronyx croceus,Yellow-throated Longclaw,species
274479,8031,1,Aves,Corvus splendens,House Crow,species
274479,13858,1,Aves,Passer domesticus,House Sparrow,species
274479,108344,1,Insecta,Pantala flavescens,Wandering Glider,species
274479,114285,1,Reptilia,Trachylepis depressa,Eastern Sand Skink,species
274479,327780,1,Plantae,Plectranthus verticillatus,Whorled plectranthus,species
274479,344794,1,Insecta,Gonimbrasia zambesina,Zambezi Emperor,species
274481,62924,2,Plantae,Catharanthus roseus,Madagascar Periwinkle,species
274481,68465,1,Insecta,Junonia oenone,Blue-spot Pansy,species
274481,76593,1,Plantae,Cyperus rotundus,Purple nutsedge,species
274480,349025,1,Arachnida,Argiope flavipalpis,,species
274489,42278,5,Mammalia,Aepyceros melampus,Impala,species
274489,42328,5,Mammalia,Kobus ellipsiprymnus,Waterbuck,species
274489,340228,4,Plantae,Ziziphus mucronata,buffalo-thorn,species
274489,348763,4,Plantae,Vachellia xanthophloea,fever tree,species
274489,42122,3,Mammalia,Phacochoerus africanus,Common Warthog,species
274489,42342,3,Mammalia,Tragelaphus angasii,Nyala,species
274489,57556,3,Mammalia,Papio ursinus,Chacma Baboon,species
274489,339912,3,Insecta,Euphaedra neophron,Gold-banded Forester,species
274489,165769,2,Plantae,Ocimum gratissimum,African Basil,species
274489,21861,1,Amphibia,Schismaderma carens,African Red Toad,species
274495,42122,3,Mammalia,Phacochoerus africanus,Common Warthog,species
274495,42305,2,Mammalia,Redunca arundinum,Southern Reedbuck,species
274495,68418,2,Insecta,Hamanumida daedalus,Guinea-fowl Butterfly,species
274495,132458,2,Plantae,Thunbergia alata,Black-eyed Susan vine,species
274495,340266,2,Plantae,Tabernaemontana elegans,toadtree,species
274495,342830,2,Insecta,Aterica galene,Forest Glade Nymph,species
274495,1431002,2,Mammalia,Cephalophorus natalensis,Red Forest Duiker,species
274495,5392,1,Aves,Trigonoceps occipitalis,White-headed Vulture,species
274495,26539,1,Reptilia,Dipsadoboa aulica,Marbled Tree Snake,species
274495,32854,1,Reptilia,Chamaeleo dilepis,Flap-necked Chameleon,species
274488,62924,1,Plantae,Catharanthus roseus,Madagascar Periwinkle,species
274488,904339,1,Arachnida,Trichonephila inaurata,Redleg Orbweaver,species
274490,78217,1,Plantae,Nicandra physalodes,apple-of-Peru,species
274482,56739,3,Plantae,Ricinus communis,castor bean,species
274482,62924,3,Plantae,Catharanthus roseus,Madagascar Periwinkle,species
274482,32854,2,Reptilia,Chamaeleo dilepis,Flap-necked Chameleon,species
274482,47563,2,Plantae,Nerium oleander,oleander,species
274482,133332,2,Plantae,Vitex trifolia,simpleleaf chastetree,species
274482,146643,2,Plantae,Canna indica,Indian shot,species
274482,283377,2,Plantae,Caladium bicolor,Heart of Jesus,species
274482,319135,2,Plantae,Azadirachta indica,Neem,species
274482,344320,2,Plantae,Asystasia intrusa,African Coromandel,species
274482,23455,1,Amphibia,Afrixalus fornasini,Fornasini's Spiny Reed Frog,species
274487,62811,1,Plantae,Carica papaya,Papaya,species
274475,50333,2,Plantae,Lantana camara,common lantana,species
274475,56739,2,Plantae,Ricinus communis,castor bean,species
274475,81500,2,Plantae,Adansonia digitata,African baobab,species
274475,7120,1,Aves,Cairina moschata,Muscovy Duck,species
274475,62924,1,Plantae,Catharanthus roseus,Madagascar Periwinkle,species
274475,67574,1,Plantae,Calotropis gigantea,crown flower,species
274475,96000,1,Insecta,Bradinopyga cornuta,Horned Rockdweller,species
274475,127247,1,Insecta,Calidea dregii,Rainbow Shield Bug,species
274475,141177,1,Plantae,Gloriosa superba,flame lily,species
274475,165503,1,Plantae,Momordica balsamina,Balsam Apple,species
274881,42278,2,Mammalia,Aepyceros melampus,Impala,species
274881,2988,1,Aves,Streptopelia semitorquata,Red-eyed Dove,species
274881,19965,1,Aves,Strix woodfordii,African Wood-Owl,species
274881,81500,1,Plantae,Adansonia digitata,African baobab,species
274881,118552,1,Mammalia,Felis catus,Domestic Cat,species
274881,1431867,1,Mammalia,Tragelaphus sylvaticus,Southern Bushbuck,species
274881,1605136,1,Insecta,Pseudanaphaeis gidica,African Veined White,species
274878,164333,1,Plantae,Kalanchoe pinnata,Air Plant,species
275375,144497,25,Aves,Phalaropus tricolor,Wilson's Phalarope,species
275375,16447,21,Aves,Pyrocephalus rubinus,Vermilion Flycatcher,species
275375,4836,20,Aves,Himantopus mexicanus,Black-necked Stilt,species
275375,3454,17,Aves,Zenaida macroura,Mourning Dove,species
275375,4885,17,Aves,Recurvirostra americana,American Avocet,species
275375,47219,16,Insecta,Apis mellifera,Western Honey Bee,species
275375,3544,12,Aves,Columbina inca,Inca Dove,species
275375,4793,12,Aves,Charadrius vociferus,Killdeer,species
275375,9607,12,Aves,Quiscalus mexicanus,Great-tailed Grackle,species
275375,2969,11,Aves,Streptopelia decaocto,Eurasian Collared-Dove,species
275405,77835,16,Plantae,Lonicera japonica,Japanese honeysuckle,species
275405,48484,15,Insecta,Harmonia axyridis,Asian Lady Beetle,species
275405,49658,15,Plantae,Liquidambar styraciflua,American sweetgum,species
275405,12942,14,Aves,Sialia sialis,Eastern Bluebird,species
275405,243824,14,Plantae,Potentilla indica,mock strawberry,species
275405,36514,13,Reptilia,Anolis carolinensis,Green Anole,species
275405,58732,13,Plantae,Toxicodendron radicans,eastern poison ivy,species
275405,50278,12,Plantae,Parthenocissus quinquefolia,Virginia creeper,species
275405,64977,12,Amphibia,Anaxyrus fowleri,Fowler's Toad,species
275405,46017,11,Mammalia,Sciurus carolinensis,Eastern Gray Squirrel,species
274470,47219,1,Insecta,Apis mellifera,Western Honey Bee,species
274470,358064,1,Insecta,Trigonidium cicindeloides,Common Trig,species
274470,1482308,1,Insecta,Telchinia serena,Dancing Amber,species
275079,53357,22,Plantae,Artemisia californica,California sagebrush,species
275079,53134,16,Plantae,Acmispon glaber,deerweed,species
275079,777371,12,Plantae,Diplacus aurantiacus,orange bush monkeyflower,species
275079,53902,11,Plantae,Calochortus venustus,Butterfly Mariposa Lily,species
275079,52676,10,Plantae,Pentagramma triangularis,goldback fern,species
275079,51080,8,Plantae,Toxicodendron diversilobum,Pacific poison oak,species
275079,50643,7,Plantae,Salvia mellifera,black sage,species
275079,57095,6,Plantae,Eriodictyon californicum,California yerba santa,species
275079,480298,6,Mollusca,Cornu aspersum,Garden Snail,species
275079,7089,5,Aves,Branta canadensis,Canada Goose,species
275020,1482308,23,Insecta,Telchinia serena,Dancing Amber,species
275020,57140,13,Plantae,Olea europaea,Olive,species
275020,400698,9,Plantae,Cheilanthes viridis,Green Cliff Brake,species
275020,589698,9,Plantae,Maytenus undata,Koko Tree,species
275020,125577,8,Insecta,Belenois aurota,Pioneer White,species
275020,431075,8,Plantae,Grewia flavescens,Sandpaper Raisin,species
275020,581380,8,Plantae,Bridelia mollis,Velvet-Leaved Bridelia,species
275020,583075,8,Plantae,Croton gratissimus,Lavender Feverberry,species
275020,191689,7,Plantae,Dombeya rotundifolia,South African Wild Pear,species
275020,428559,7,Plantae,Pappea capensis,Jacket plum,species
275142,27661,1,Reptilia,Boiga siamensis,Eyed Cat Snake,species
275142,69172,1,Plantae,Pilea microphylla,Artillery Plant,species
275133,565846,110,Plantae,Tulipa ostrowskiana,,species
275133,508319,85,Plantae,Iris alberti,,species
275133,914948,62,Plantae,Atraphaxis muschketowii,,species
275133,425883,57,Plantae,Malus sieversii,,species
275133,520913,48,Plantae,Paeonia intermedia,,species
275133,871934,43,Plantae,Rosa platyacantha,,species
275133,47602,35,Plantae,Taraxacum officinale,common dandelion,species
275133,135804,31,Plantae,Picea schrenkiana,Schrenk's spruce,species
275133,510031,30,Plantae,Spiraea hypericifolia,Iberian Spirea,species
275133,460633,29,Plantae,Ixiolirion tataricum,Siberian Lily,species
272755,55757,409,Plantae,Chelidonium majus,Greater celandine,species
272755,56121,389,Plantae,Capsella bursa-pastoris,shepherd's-purse,species
272755,55563,383,Plantae,Bellis perennis,Lawn daisy,species
272755,55830,357,Plantae,Glechoma hederacea,ground-ivy,species
272755,54763,309,Plantae,Acer platanoides,Norway maple,species
272755,55851,297,Plantae,Lamium purpureum,red deadnettle,species
272755,56061,287,Plantae,Alliaria petiolata,garlic mustard,species
272755,55876,280,Plantae,Lamium album,White deadnettle,species
272755,204321,278,Plantae,Ficaria verna,lesser celandine,species
272755,51884,272,Plantae,Urtica dioica,great stinging nettle,species
264651,9744,33,Aves,Agelaius phoeniceus,Red-winged Blackbird,species
264651,12727,30,Aves,Turdus migratorius,American Robin,species
264651,7089,27,Aves,Branta canadensis,Canada Goose,species
264651,46017,24,Mammalia,Sciurus carolinensis,Eastern Gray Squirrel,species
264651,9083,19,Aves,Cardinalis cardinalis,Northern Cardinal,species
264651,49288,18,Plantae,Podophyllum peltatum,mayapple,species
264651,47602,17,Plantae,Taraxacum officinale,common dandelion,species
264651,48240,15,Plantae,Erythronium americanum,yellow trout lily,species
264651,56061,15,Plantae,Alliaria petiolata,garlic mustard,species
264651,3454,14,Aves,Zenaida macroura,Mourning Dove,species
275082,9744,7,Aves,Agelaius phoeniceus,Red-winged Blackbird,species
275082,6915,6,Aves,Cygnus buccinator,Trumpeter Swan,species
275082,145310,6,Aves,Spinus tristis,American Goldfinch,species
275082,7107,5,Aves,Aix sponsa,Wood Duck,species
275082,9184,5,Aves,Zonotrichia albicollis,White-throated Sparrow,species
275082,144815,5,Aves,Poecile atricapillus,Black-capped Chickadee,species
275082,145245,5,Aves,Setophaga coronata,Yellow-rumped Warbler,species
275082,5227,4,Aves,Buteo platypterus,Broad-winged Hawk,species
275082,6930,4,Aves,Anas platyrhynchos,Mallard,species
275082,7089,4,Aves,Branta canadensis,Canada Goose,species
273161,62220,48,Plantae,Camassia quamash,small camas,species
273161,62218,46,Plantae,Camassia leichtlinii,great camas,species
273161,57727,44,Plantae,Iris tenax,Oregon iris,species
273161,51655,34,Plantae,Tellima grandiflora,fringe cups,species
273161,50840,32,Plantae,Calochortus tolmiei,Tolmie's pussy ears,species
273161,63878,28,Plantae,Fraxinus latifolia,Oregon Ash,species
273161,51080,27,Plantae,Toxicodendron diversilobum,Pacific poison oak,species
273161,77255,27,Plantae,Geranium lucidum,Shining Crane's-bill,species
273161,53324,26,Plantae,Vicia sativa,Common Vetch,species
273161,55563,24,Plantae,Bellis perennis,Lawn daisy,species
273991,77469,15,Plantae,Hydrophyllum capitatum,ballhead waterleaf,species
273991,62266,14,Plantae,Balsamorhiza sagittata,arrowleaf balsamroot,species
273991,47687,13,Plantae,Erodium cicutarium,Redstem Stork's-bill,species
273991,125665,12,Plantae,Trillium petiolatum,Idaho trillium,species
273991,60496,11,Plantae,Erythronium grandiflorum,Glacier Lily,species
273991,12727,9,Aves,Turdus migratorius,American Robin,species
273991,77791,9,Plantae,Lithophragma parviflorum,smallflower woodland star,species
273991,950600,9,Plantae,Anemonoides piperi,Piper's Anemone,species
273991,1240407,9,Plantae,Lomatium multifidum,Carrotleaf Biscuitroot,species
273991,59013,8,Plantae,Collinsia parviflora,small-flowered blue-eyed mary,species
276764,1465438,14,Insecta,Podonta aubei,,species
276764,47219,13,Insecta,Apis mellifera,Western Honey Bee,species
276764,322417,12,Mollusca,Limacus flavus,Yellow Cellar Slug,species
276764,59904,11,Plantae,Glebionis coronaria,Garland Daisy,species
276764,564215,10,Insecta,Eulasia pareyssei,,species
276764,891696,10,Aves,Pica pica,Eurasian Magpie,species
276764,3017,9,Aves,Columba livia,Rock Pigeon,species
276764,59417,9,Plantae,Trifolium stellatum,Star Clover,species
276764,77965,9,Plantae,Matricaria chamomilla,German Chamomile,species
276764,78837,9,Plantae,Reseda alba,white mignonette,species
265099,7089,29,Aves,Branta canadensis,Canada Goose,species
265099,12727,27,Aves,Turdus migratorius,American Robin,species
265099,145245,25,Aves,Setophaga coronata,Yellow-rumped Warbler,species
265099,116999,24,Aves,Pandion haliaetus,Osprey,species
265099,6930,22,Aves,Anas platyrhynchos,Mallard,species
265099,18236,22,Aves,Colaptes auratus,Northern Flicker,species
265099,4334,21,Aves,Pelecanus erythrorhynchos,American White Pelican,species
265099,9744,18,Aves,Agelaius phoeniceus,Red-winged Blackbird,species
265099,14850,18,Aves,Sturnus vulgaris,European Starling,species
265099,473,17,Aves,Fulica americana,American Coot,species
274800,47751,91,Plantae,Polystichum munitum,western sword fern,species
274800,48441,68,Plantae,Gaultheria shallon,salal,species
274800,48252,64,Plantae,Thuja plicata,western redcedar,species
274800,49463,59,Plantae,Trillium ovatum,Pacific trillium,species
274800,47543,58,Plantae,Rubus spectabilis,Salmonberry,species
274800,51048,50,Plantae,Dicentra formosa,Pacific Bleeding Heart,species
274800,55981,43,Plantae,Lapsana communis,nipplewort,species
274800,75756,43,Plantae,Berberis nervosa,Cascade Oregon-grape,species
274800,53419,37,Plantae,Oemleria cerasiformis,Osoberry,species
274800,48538,32,Plantae,Cytisus scoparius,Scotch Broom,species
275064,76764,9,Plantae,Echium plantagineum,purple viper's-bugloss,species
275064,47779,7,Plantae,Iris pseudacorus,Yellow Iris,species
275064,55122,7,Insecta,Empusa pennata,Mediterranean Conehead Mantis,species
275064,96487,5,Insecta,Calopteryx haemorrhoidalis,Copper Demoiselle,species
275064,469112,5,Insecta,Metopoceras felicina,,species
275064,545482,5,Plantae,Galactites tomentosus,Boar Thistle,species
275064,51147,4,Plantae,Crataegus monogyna,common hawthorn,species
275064,51702,4,Insecta,Coccinella septempunctata,Seven-spotted Lady Beetle,species
275064,53021,4,Plantae,Convolvulus arvensis,field bindweed,species
275064,53983,4,Plantae,Digitalis purpurea,purple foxglove,species
265845,127514,12,Plantae,Ficus religiosa,Sacred fig,species
265845,54880,11,Plantae,Ficus benghalensis,Indian banyan,species
265845,319135,10,Plantae,Azadirachta indica,Neem,species
265845,67574,5,Plantae,Calotropis gigantea,crown flower,species
265845,2969,2,Aves,Streptopelia decaocto,Eurasian Collared-Dove,species
265845,14593,2,Aves,Pycnonotus cafer,Red-vented Bulbul,species
265845,48872,2,Plantae,Mangifera indica,Indian mango,species
265845,52055,2,Insecta,Crocothemis servilia,Scarlet Skimmer,species
265845,62839,2,Plantae,Delonix regia,Flamboyant,species
265845,68679,2,Plantae,Cassia fistula,Golden Shower Tree,species
274712,75605,24,Plantae,Asperugo procumbens,Madwort,species
274712,55459,13,Plantae,Lamium amplexicaule,henbit deadnettle,species
274712,56121,9,Plantae,Capsella bursa-pastoris,shepherd's-purse,species
274712,204321,7,Plantae,Ficaria verna,lesser celandine,species
274712,55851,6,Plantae,Lamium purpureum,red deadnettle,species
274712,58382,6,Plantae,Poa bulbosa,Bulbous Bluegrass,species
274712,47602,5,Plantae,Taraxacum officinale,common dandelion,species
274712,3017,4,Aves,Columba livia,Rock Pigeon,species
274712,53178,2,Plantae,Plantago lanceolata,ribwort plantain,species
274712,55757,2,Plantae,Chelidonium majus,Greater celandine,species
277499,58382,4,Plantae,Poa bulbosa,Bulbous Bluegrass,species
277499,56193,3,Plantae,Acer campestre,field maple,species
277499,58074,3,Plantae,Descurainia sophia,flixweed,species
277499,170141,3,Plantae,Verbascum phoeniceum,Purple Mullein,species
277499,498270,3,Insecta,Dorcadion tauricum,,species
277499,707722,3,Insecta,Lethrus apterus,,species
277499,4733,2,Aves,Ciconia ciconia,White Stork,species
277499,47726,2,Plantae,Acer negundo,box elder,species
277499,48206,2,Plantae,Convallaria majalis,European lily of the valley,species
277499,52998,2,Plantae,Conium maculatum,poison hemlock,species
267317,117293,30,Insecta,Oecophylla smaragdina,Asian Weaver Ant,species
267317,99331,27,Insecta,Diplacodes trivialis,Chalky Percher,species
267317,160705,27,Plantae,Cleome rutidosperma,Purple Cleome,species
267317,1505780,27,Aves,Anarhynchus atrifrons,Tibetan Sand-Plover,species
267317,107008,23,Insecta,Neurothemis tullia,Pied Paddy Skimmer,species
267317,1585373,21,Aves,Ardea coromanda,Eastern Cattle-Egret,species
267317,31281,18,Reptilia,Calotes versicolor,Oriental Garden Lizard,species
267317,4993,17,Aves,Ardeola grayii,Indian Pond-Heron,species
267317,48163,17,Plantae,Couroupita guianensis,Cannonball Tree,species
267317,78589,17,Plantae,Pistia stratiotes,Water Lettuce,species
279720,9183,5,Aves,Zonotrichia capensis,Rufous-collared Sparrow,species
279720,10338,4,Aves,Atlapetes seebohmi,Bay-crowned Brushfinch,species
279720,6516,3,Aves,Thaumastura cora,Peruvian Sheartail,species
279720,10541,3,Aves,Catamenia analis,Band-tailed Seedeater,species
279720,10984,3,Aves,Synallaxis zimmeri,Russet-bellied Spinetail,species
279720,873768,3,Plantae,Nicotiana tabacum,Cultivated tobacco,species
279720,1304278,3,Plantae,Nasa solaria,,species
279720,6072,2,Aves,Colibri coruscans,Sparkling Violetear,species
279720,12780,2,Aves,Turdus chiguanco,Chiguanco Thrush,species
279720,47219,2,Insecta,Apis mellifera,Western Honey Bee,species
268819,4334,6,Aves,Pelecanus erythrorhynchos,American White Pelican,species
268819,4885,5,Aves,Recurvirostra americana,American Avocet,species
268819,4836,4,Aves,Himantopus mexicanus,Black-necked Stilt,species
268819,144497,4,Aves,Phalaropus tricolor,Wilson's Phalarope,species
268819,827372,4,Aves,Anas diazi,Mexican Duck,species
268819,3460,3,Aves,Zenaida asiatica,White-winged Dove,species
268819,3873,3,Aves,Limnodromus scolopaceus,Long-billed Dowitcher,species
268819,4940,3,Aves,Egretta thula,Snowy Egret,species
268819,9607,3,Aves,Quiscalus mexicanus,Great-tailed Grackle,species
268819,14886,3,Aves,Mimus polyglottos,Northern Mockingbird,species
277623,47726,15,Plantae,Acer negundo,box elder,species
277623,204321,9,Plantae,Ficaria verna,lesser celandine,species
277623,51741,8,Plantae,Aegopodium podagraria,Goutweed,species
277623,55757,8,Plantae,Chelidonium majus,Greater celandine,species
277623,55851,8,Plantae,Lamium purpureum,red deadnettle,species
277623,58722,6,Plantae,Pinus sylvestris,Scots pine,species
277623,55830,5,Plantae,Glechoma hederacea,ground-ivy,species
277623,56061,5,Plantae,Alliaria petiolata,garlic mustard,species
277623,54763,4,Plantae,Acer platanoides,Norway maple,species
277623,55801,4,Plantae,Carpinus betulus,European Hornbeam,species
265225,57283,4,Plantae,Centranthus ruber,Red Valerian,species
265225,337045,4,Reptilia,Podarcis siculus,Italian Wall Lizard,species
265225,341172,4,Plantae,Serapias cordigera,Heart-flowered serapias,species
265225,2191,3,Aves,Merops apiaster,European Bee-eater,species
265225,63916,3,Plantae,Adiantum capillus-veneris,black maidenhair fern,species
265225,64318,3,Plantae,Cistus creticus,Hoary Rock-rose,species
265225,75771,3,Plantae,Bituminaria bituminosa,arabian pea,species
265225,76365,3,Plantae,Cistus salviifolius,Sage-leaved Rock-rose,species
265225,78837,3,Plantae,Reseda alba,white mignonette,species
265225,333677,3,Plantae,Ferula communis,Giant Fennel,species
273874,260753,70,Plantae,Heliconia psittacorum,Parrot's Beak,species
273874,196673,65,Arachnida,Avicularia avicularia,Pinktoe Tarantula,species
273874,364302,53,Plantae,Astrocaryum vulgare,,species
273874,163639,49,Plantae,Heliconia bihai,Lobster Claw Heliconia,species
273874,553515,49,Amphibia,Rhinella marina,Cane Toad,species
273874,708831,49,Plantae,Sipanea pratensis,,species
273874,51921,46,Plantae,Mimosa pudica,Sensitive Plant,species
273874,365244,46,Plantae,Euterpe oleracea,Açaí Palm,species
273874,154979,43,Plantae,Mauritia flexuosa,moriche palm,species
273874,286947,40,Plantae,Hyptis atrorubens,,species
273839,48240,171,Plantae,Erythronium americanum,yellow trout lily,species
273839,7089,136,Aves,Branta canadensis,Canada Goose,species
273839,9744,108,Aves,Agelaius phoeniceus,Red-winged Blackbird,species
273839,12727,93,Aves,Turdus migratorius,American Robin,species
273839,39771,87,Reptilia,Chrysemys picta,Painted Turtle,species
273839,144815,87,Aves,Poecile atricapillus,Black-capped Chickadee,species
273839,6930,85,Aves,Anas platyrhynchos,Mallard,species
273839,46017,78,Mammalia,Sciurus carolinensis,Eastern Gray Squirrel,species
273839,56222,76,Plantae,Tussilago farfara,colt's-foot,species
273839,10094,75,Aves,Junco hyemalis,Dark-eyed Junco,species
273079,566644,78,Mollusca,Ostrea angasi,Southern Flat Oyster,species
273079,450910,49,Insecta,Theclinesthes serpentatus,Saltbush Blue,species
273079,125537,47,Insecta,Zizina otis,Lesser Grass Blue,species
273079,1638258,44,Mollusca,Pinna dolabrata,Australian Razor Clam,species
273079,3740,37,Aves,Threskiornis molucca,Australian Ibis,species
273079,197077,34,Insecta,Vanessa kershawi,Australian Painted Lady,species
273079,47219,31,Insecta,Apis mellifera,Western Honey Bee,species
273079,357,29,Aves,Gallinula tenebrosa,Dusky Moorhen,species
273079,7176,28,Aves,Chenonetta jubata,Australian Wood Duck,species
273079,48662,28,Insecta,Danaus plexippus,Monarch,species
273080,107974,22,Insecta,Orthetrum sabina,Slender Skimmer,species
273080,157762,16,Insecta,Diplacodes bipunctata,Wandering Percher,species
273080,104104,15,Insecta,Lathrecista asiatica,Asian Blood Tail,species
273080,14068,13,Aves,Neochmia phaeton,Crimson Finch,species
273080,246054,12,Insecta,Neurothemis stigmatizans,Painted Grasshawk,species
273080,154609,11,Plantae,Livistona humilis,Sand Palm,species
273080,70174,10,Insecta,Hypolimnas bolina,Great Eggfly,species
273080,160766,10,Plantae,Coccinia grandis,Ivy gourd,species
273080,104994,9,Insecta,Macrodiplax cora,Wandering Pennant,species
273080,369467,9,Plantae,Planchonia careya,Cocky Apple,species
273073,564534,15,Plantae,Hermannia modesta,Modest Dollsrose,species
273073,199408,13,Plantae,Cenchrus ciliaris,buffelgrass,species
273073,340228,13,Plantae,Ziziphus mucronata,buffalo-thorn,species
273073,70059,12,Plantae,Catophractes alexandri,trumpet thorn,species
273073,567478,12,Plantae,Otoptera burchellii,Purple Desert Bean,species
273073,591264,12,Plantae,Oxalis purpurascens,Namibian Sorrel,species
273073,79313,11,Plantae,Tagetes minuta,wild marigold,species
273073,468861,11,Plantae,Enneapogon cenchroides,Soft Feather Pappus Grass,species
273073,349757,10,Plantae,Nidorella resedifolia,Poverty,species
273073,583104,10,Plantae,Cucumis meeusei,Roughleaf cucumber,species
270709,51610,6,Plantae,Veronica chamaedrys,Germander Speedwell,species
270709,53324,6,Plantae,Vicia sativa,Common Vetch,species
270709,155124,6,Plantae,Cornus sanguinea,common dogwood,species
270709,53178,5,Plantae,Plantago lanceolata,ribwort plantain,species
270709,55925,4,Plantae,Geranium robertianum,Herb Robert,species
270709,75501,4,Plantae,Arctium lappa,greater burdock,species
270709,124544,4,Plantae,Anthriscus sylvestris,Cow Parsley,species
270709,163682,4,Plantae,Heracleum sphondylium,hogweed,species
270709,204339,4,Plantae,Lamium galeobdolon,yellow archangel,species
270709,25669,3,Amphibia,Rana dalmatina,Agile Frog,species
275163,56152,27,Plantae,Allium ursinum,Ramsons,species
275163,56061,17,Plantae,Alliaria petiolata,garlic mustard,species
275163,55757,15,Plantae,Chelidonium majus,Greater celandine,species
275163,1024536,15,Plantae,Rabelera holostea,greater stitchwort,species
275163,55830,14,Plantae,Glechoma hederacea,ground-ivy,species
275163,204339,13,Plantae,Lamium galeobdolon,yellow archangel,species
275163,56203,10,Insecta,Adela reaumurella,Green Longhorn Moth,species
275163,12716,9,Aves,Turdus merula,Eurasian Blackbird,species
275163,47219,7,Insecta,Apis mellifera,Western Honey Bee,species
275163,55563,7,Plantae,Bellis perennis,Lawn daisy,species
274095,60439,228,Plantae,Caesalpinia pulcherrima,peacock flower,species
274095,43459,193,Mammalia,Macaca fascicularis,Long-tailed Macaque,species
274095,62811,172,Plantae,Carica papaya,Papaya,species
274095,160705,114,Plantae,Cleome rutidosperma,Purple Cleome,species
274095,169944,112,Plantae,Tridax procumbens,Tridax Daisy,species
274095,3017,111,Aves,Columba livia,Rock Pigeon,species
274095,553515,106,Amphibia,Rhinella marina,Cane Toad,species
274095,131560,96,Plantae,Euphorbia hirta,Asthma Plant,species
274095,165529,95,Plantae,Moringa oleifera,Moringa tree,species
274095,13851,87,Aves,Passer montanus,Eurasian Tree Sparrow,species
269693,13858,11,Aves,Passer domesticus,House Sparrow,species
269693,204454,11,Aves,Acridotheres tristis,Common Myna,species
269693,47219,10,Insecta,Apis mellifera,Western Honey Bee,species
269693,144757,7,Aves,Corvus cornix,Hooded Crow,species
269693,12716,6,Aves,Turdus merula,Eurasian Blackbird,species
269693,14600,6,Aves,Pycnonotus xanthopygos,White-spectacled Bulbul,species
269693,51702,6,Insecta,Coccinella septempunctata,Seven-spotted Lady Beetle,species
269693,203153,6,Aves,Parus major,Great Tit,species
269693,356277,6,Plantae,Anacamptis sancta,Holy Orchid,species
269693,145180,5,Aves,Cinnyris osea,Palestine Sunbird,species
248101,123544,35,Plantae,Sarracenia minor,hooded pitcher plant,species
248101,4940,29,Aves,Egretta thula,Snowy Egret,species
248101,116461,29,Reptilia,Anolis sagrei,Brown Anole,species
248101,1095846,20,Plantae,Bidens alba,White beggarticks,species
248101,466003,19,Insecta,Romalea microptera,Eastern Lubber Grasshopper,species
248101,50278,14,Plantae,Parthenocissus quinquefolia,Virginia creeper,species
248101,4328,13,Aves,Pelecanus occidentalis,Brown Pelican,species
248101,131247,13,Plantae,Ceratiola ericoides,Florida rosemary,species
248101,3938,12,Aves,Arenaria interpres,Ruddy Turnstone,species
248101,51768,11,Plantae,Gaillardia pulchella,firewheel,species
265110,53178,54,Plantae,Plantago lanceolata,ribwort plantain,species
265110,127345,54,Plantae,Vicia sepium,Bush Vetch,species
265110,204321,53,Plantae,Ficaria verna,lesser celandine,species
265110,51751,45,Plantae,Ulex europaeus,gorse,species
265110,55563,45,Plantae,Bellis perennis,Lawn daisy,species
265110,47602,43,Plantae,Taraxacum officinale,common dandelion,species
265110,51147,42,Plantae,Crataegus monogyna,common hawthorn,species
265110,163682,42,Plantae,Heracleum sphondylium,hogweed,species
265110,51884,41,Plantae,Urtica dioica,great stinging nettle,species
265110,54531,39,Plantae,Cardamine pratensis,Cuckooflower,species
274967,9744,43,Aves,Agelaius phoeniceus,Red-winged Blackbird,species
274967,12727,39,Aves,Turdus migratorius,American Robin,species
274967,49288,32,Plantae,Podophyllum peltatum,mayapple,species
274967,6930,30,Aves,Anas platyrhynchos,Mallard,species
274967,55402,28,Plantae,Trillium grandiflorum,large white trillium,species
274967,56061,28,Plantae,Alliaria petiolata,garlic mustard,species
274967,7089,24,Aves,Branta canadensis,Canada Goose,species
274967,48502,24,Plantae,Cercis canadensis,eastern redbud,species
274967,47726,23,Plantae,Acer negundo,box elder,species
274967,55830,21,Plantae,Glechoma hederacea,ground-ivy,species
277420,48625,10,Plantae,Oenothera speciosa,Pinkladies,species
277420,52764,8,Plantae,Prunella vulgaris,common selfheal,species
277420,77835,7,Plantae,Lonicera japonica,Japanese honeysuckle,species
277420,47691,6,Plantae,Sherardia arvensis,Field madder,species
277420,53034,6,Plantae,Ambrosia trifida,giant ragweed,species
277420,58732,6,Plantae,Toxicodendron radicans,eastern poison ivy,species
277420,76610,6,Plantae,Daucus carota,wild carrot,species
277420,48339,5,Fungi,Russula,brittlegills,genus
277420,52899,5,Plantae,Solanum carolinense,Carolina horsenettle,species
277420,69714,5,Plantae,Rubus trivialis,southern dewberry,species
264224,4328,4,Aves,Pelecanus occidentalis,Brown Pelican,species
264224,255548,4,Mollusca,Chiton virgulatus,,species
264224,255743,3,Animalia,Heliaster kubiniji,Gulf Sun Star,species
264224,447172,3,Mollusca,Turbo fluctuosus,wavy turban,species
264224,4354,2,Aves,Larus livens,Yellow-footed Gull,species
264224,4940,2,Aves,Egretta thula,Snowy Egret,species
264224,50009,2,Mollusca,Elysia diomedea,Diomedes' Sapsucker,species
264224,504644,2,Mollusca,Mexacanthina angelica,,species
264224,513330,2,Mollusca,Acanthochitona exquisita,,species
264224,4353,1,Aves,Larus heermanni,Heermann's Gull,species
278010,7120,10,Aves,Cairina moschata,Muscovy Duck,species
278010,6893,9,Aves,Dendrocygna autumnalis,Black-bellied Whistling-Duck,species
278010,19215,9,Aves,Brotogeris chiriri,Yellow-chevroned Parakeet,species
278010,144455,9,Aves,Ardea alba,Great Egret,species
278010,904336,9,Arachnida,Trichonephila clavipes,Golden Silk Spider,species
278010,16956,8,Aves,Pitangus sulphuratus,Great Kiskadee,species
278010,13770,6,Aves,Estrilda astrild,Common Waxbill,species
278010,17278,6,Aves,Fluvicola nengeta,Masked Water-Tyrant,species
278010,68826,6,Aves,Pygochelidon cyanoleuca,Blue-and-white Swallow,species
278010,74442,6,Mammalia,Hydrochoerus hydrochaeris,Capybara,species
272388,3017,468,Aves,Columba livia,Rock Pigeon,species
272388,3460,455,Aves,Zenaida asiatica,White-winged Dove,species
272388,9607,384,Aves,Quiscalus mexicanus,Great-tailed Grackle,species
272388,79137,160,Plantae,Solanum elaeagnifolium,silverleaf nightshade,species
272388,13858,137,Aves,Passer domesticus,House Sparrow,species
272388,84405,120,Plantae,Calyptocarpus vialis,straggler daisy,species
272388,169944,108,Plantae,Tridax procumbens,Tridax Daisy,species
272388,56739,72,Plantae,Ricinus communis,castor bean,species
272388,3544,70,Aves,Columbina inca,Inca Dove,species
272388,47219,63,Insecta,Apis mellifera,Western Honey Bee,species
270419,51576,1,Insecta,Graphium doson,Common Jay,species
270419,82001,1,Insecta,Rhyothemis variegata,Common Picture Wing,species
270419,284831,1,Plantae,Combretum indicum,Rangoon Creeper,species
272173,47219,10,Insecta,Apis mellifera,Western Honey Bee,species
272173,55610,9,Insecta,Pyrrhocoris apterus,European Firebug,species
272173,12716,8,Aves,Turdus merula,Eurasian Blackbird,species
272173,55819,7,Plantae,Primula veris,Cowslip,species
272173,55757,6,Plantae,Chelidonium majus,Greater celandine,species
272173,55886,6,Plantae,Lunaria annua,Annual Honesty,species
272173,55990,6,Reptilia,Podarcis muralis,Common Wall Lizard,species
272173,54763,5,Plantae,Acer platanoides,Norway maple,species
272173,10070,4,Aves,Fringilla coelebs,Common Chaffinch,species
272173,53178,4,Plantae,Plantago lanceolata,ribwort plantain,species
277768,67574,17,Plantae,Calotropis gigantea,crown flower,species
277768,14593,10,Aves,Pycnonotus cafer,Red-vented Bulbul,species
277768,62839,10,Plantae,Delonix regia,Flamboyant,species
277768,319135,10,Plantae,Azadirachta indica,Neem,species
277768,50333,9,Plantae,Lantana camara,common lantana,species
277768,204519,8,Aves,Halcyon smyrnensis,White-throated Kingfisher,species
277768,4993,7,Aves,Ardeola grayii,Indian Pond-Heron,species
277768,6925,7,Aves,Anas poecilorhyncha,Indian Spot-billed Duck,species
277768,68679,7,Plantae,Cassia fistula,Golden Shower Tree,species
277768,4871,6,Aves,Vanellus indicus,Red-wattled Lapwing,species
273450,9744,42,Aves,Agelaius phoeniceus,Red-winged Blackbird,species
273450,12727,35,Aves,Turdus migratorius,American Robin,species
273450,6930,34,Aves,Anas platyrhynchos,Mallard,species
273450,54835,32,Plantae,Prunus virginiana,chokecherry,species
273450,7089,29,Aves,Branta canadensis,Canada Goose,species
273450,55544,24,Plantae,Ribes aureum,golden currant,species
273450,57934,24,Plantae,Ericameria nauseosa,Rubber Rabbitbrush,species
273450,60541,22,Plantae,Yucca glauca,Great Plains yucca,species
273450,906,21,Aves,Meleagris gallopavo,Wild Turkey,species
273450,47726,21,Plantae,Acer negundo,box elder,species
273213,525264,16,Plantae,Erica plukenetii,Hangertjies,species
273213,595761,16,Plantae,Tritoniopsis pulchra,Scarlet Reedpipe,species
273213,320082,15,Plantae,Erica cerinthoides,Fire Heath,species
273213,355849,14,Plantae,Protea repens,Common Sugarbush,species
273213,527424,12,Plantae,Erica coccinea,Red Heath,species
273213,566478,12,Plantae,Leucadendron salignum,Common Sunshine Conebush,species
273213,527628,11,Plantae,Erica viscaria,Roughpetal Heath complex,species
273213,532040,11,Plantae,Mimetes cucullatus,Common Pagoda,species
273213,567631,11,Plantae,Empodium plicatum,Plough Star,species
273213,586029,11,Plantae,Freesia caryophyllacea,Fragrant Kammetjie,species
279756,132688,3,Actinopterygii,Amphiprion ocellaris,Ocellaris Anemonefish,species
279756,332889,3,Plantae,Peltophorum pterocarpum,Yellow Flame Tree,species
279756,7128,2,Aves,Nettapus coromandelianus,Cotton Pygmy-Goose,species
279756,50333,2,Plantae,Lantana camara,common lantana,species
279756,68679,2,Plantae,Cassia fistula,Golden Shower Tree,species
279756,82266,2,Plantae,Barleria prionitis,porcupine flower,species
279756,97151,2,Actinopterygii,Chaetodon collare,Red-tailed Butterflyfish,species
279756,102633,2,Actinopterygii,Heniochus diphreutes,Schooling Bannerfish,species
279756,108371,2,Animalia,Panulirus versicolor,Painted Spiny Lobster,species
279756,123459,2,Actinopterygii,Pterois miles,Indian Lionfish,species
279889,482,1,Aves,Fulica atra,Eurasian Coot,species
279889,50333,1,Plantae,Lantana camara,common lantana,species
279889,52053,1,Insecta,Ischnura senegalensis,Common Bluetail,species
279889,167309,1,Plantae,Portulaca grandiflora,moss rose,species
279889,471917,1,Plantae,Acampe praemorsa,Wight's Acampe,species
279889,1304706,1,Reptilia,Craspedocephalus gramineus,Common Bamboo Viper,species
279555,979665,1,Aves,Coracias benghalensis,Indian Roller,species
279577,107008,5,Insecta,Neurothemis tullia,Pied Paddy Skimmer,species
279577,99331,4,Insecta,Diplacodes trivialis,Chalky Percher,species
279577,4993,3,Aves,Ardeola grayii,Indian Pond-Heron,species
279577,2969,2,Aves,Streptopelia decaocto,Eurasian Collared-Dove,species
279577,3017,2,Aves,Columba livia,Rock Pigeon,species
279577,3763,2,Aves,Pseudibis papillosa,Red-naped Ibis,species
279577,4871,2,Aves,Vanellus indicus,Red-wattled Lapwing,species
279577,8277,2,Aves,Dicrurus macrocercus,Black Drongo,species
279577,20012,2,Aves,Athene brama,Spotted Owlet,species
279577,51785,2,Insecta,Junonia lemonias,Lemon Pansy,species
279884,204491,2,Aves,Copsychus saularis,Oriental Magpie-Robin,species
279884,243824,2,Plantae,Potentilla indica,mock strawberry,species
279884,5268,1,Aves,Milvus migrans,Black Kite,species
279884,8416,1,Aves,Urocissa flavirostris,Yellow-billed Blue-Magpie,species
279884,14592,1,Aves,Pycnonotus leucogenys,Himalayan Bulbul,species
279884,14869,1,Aves,Acridotheres fuscus,Jungle Myna,species
279884,45936,1,Mammalia,Funambulus pennantii,Five-striped Palm Squirrel,species
279884,48765,1,Arachnida,Heteropoda venatoria,Pantropical Huntsman Spider,species
279884,50333,1,Plantae,Lantana camara,common lantana,species
279884,54880,1,Plantae,Ficus benghalensis,Indian banyan,species
279685,67980,4,Insecta,Kallima inachus,Orange Oakleaf,species
279685,135257,3,Insecta,Lamproptera curius,White Dragontail Butterfly,species
279685,1274798,3,Insecta,Hypolycaena othona,Orchid Tit,species
279685,2208,2,Aves,Merops leschenaulti,Chestnut-headed Bee-eater,species
279685,14593,2,Aves,Pycnonotus cafer,Red-vented Bulbul,species
279685,106974,2,Insecta,Neurobasis chinensis,Green Metalwing,species
279685,125579,2,Insecta,Prosotas nora,Common Line Blue,species
279685,130340,2,Insecta,Lebadea martha,Knight,species
279685,179384,2,Insecta,Heliophorus epicles,Purple Sapphire,species
279685,338514,2,Insecta,Zeltus amasa,Fluffy Tit,species
279915,1287012,1,Aves,Prinia lepida,Delicate Prinia,species
279917,120917,3,Plantae,Calotropis procera,giant milkweed,species
279917,4871,2,Aves,Vanellus indicus,Red-wattled Lapwing,species
279917,67574,2,Plantae,Calotropis gigantea,crown flower,species
279917,204454,2,Aves,Acridotheres tristis,Common Myna,species
279917,319135,2,Plantae,Azadirachta indica,Neem,species
279917,199,1,Aves,Amaurornis phoenicurus,White-breasted Waterhen,species
279917,3017,1,Aves,Columba livia,Rock Pigeon,species
279917,13858,1,Aves,Passer domesticus,House Sparrow,species
279917,14593,1,Aves,Pycnonotus cafer,Red-vented Bulbul,species
279917,50333,1,Plantae,Lantana camara,common lantana,species
279897,56739,8,Plantae,Ricinus communis,castor bean,species
279897,67574,7,Plantae,Calotropis gigantea,crown flower,species
279897,67835,7,Insecta,Danaus chrysippus,Plain Tiger Butterfly,species
279897,31281,6,Reptilia,Calotes versicolor,Oriental Garden Lizard,species
279897,48865,6,Plantae,Cocos nucifera,coconut palm,species
279897,62821,5,Plantae,Terminalia catappa,Sea Almond,species
279897,133607,5,Plantae,Lagerstroemia speciosa,Giant Crepe-myrtle,species
279897,1097646,5,Insecta,Luthrodes pandava,Plains Cupid,species
279897,8031,4,Aves,Corvus splendens,House Crow,species
279897,48872,4,Plantae,Mangifera indica,Indian mango,species
279695,14593,3,Aves,Pycnonotus cafer,Red-vented Bulbul,species
279695,3017,2,Aves,Columba livia,Rock Pigeon,species
279104,5268,4,Aves,Milvus migrans,Black Kite,species
279104,3017,3,Aves,Columba livia,Rock Pigeon,species
279104,47726,3,Plantae,Acer negundo,box elder,species
279104,48548,3,Insecta,Vanessa cardui,Painted Lady,species
279104,51875,3,Plantae,Trifolium pratense,Red Clover,species
279104,53326,3,Plantae,Vinca major,greater periwinkle,species
279104,13858,2,Aves,Passer domesticus,House Sparrow,species
279104,14592,2,Aves,Pycnonotus leucogenys,Himalayan Bulbul,species
279104,55563,2,Plantae,Bellis perennis,Lawn daisy,species
279104,55666,2,Plantae,Veronica persica,bird's-eye speedwell,species
279561,155026,1,Insecta,Tetraponera rufonigra,Arboreal Bicolored Slender Ant,species
279561,336695,1,Insecta,Nyctemera arctata,,species
279561,436422,1,Plantae,Gastrochilus calceolaris,,species
279561,636410,1,Plantae,Dendrobium wardianum,,species
279561,868158,1,Plantae,Papilionanthe vandarum,,species
279775,99331,3,Insecta,Diplacodes trivialis,Chalky Percher,species
279775,1641421,3,Mammalia,Pteropus medius,Indian Flying Fox,species
279775,3017,2,Aves,Columba livia,Rock Pigeon,species
279775,67835,2,Insecta,Danaus chrysippus,Plain Tiger Butterfly,species
279775,125570,2,Insecta,Junonia iphita,Chocolate Pansy,species
279775,204454,2,Aves,Acridotheres tristis,Common Myna,species
279775,8031,1,Aves,Corvus splendens,House Crow,species
279775,14593,1,Aves,Pycnonotus cafer,Red-vented Bulbul,species
279775,48872,1,Plantae,Mangifera indica,Indian mango,species
279775,51785,1,Insecta,Junonia lemonias,Lemon Pansy,species
279815,8031,2,Aves,Corvus splendens,House Crow,species
279815,482,1,Aves,Fulica atra,Eurasian Coot,species
279815,1204,1,Aves,Pavo cristatus,Indian Peafowl,species
279815,56739,1,Plantae,Ricinus communis,castor bean,species
279815,62811,1,Plantae,Carica papaya,Papaya,species
279815,99331,1,Insecta,Diplacodes trivialis,Chalky Percher,species
279815,123070,1,Mammalia,Capra hircus,Domestic Goat,species
279815,319135,1,Plantae,Azadirachta indica,Neem,species
279818,48872,4,Plantae,Mangifera indica,Indian mango,species
279818,3738,1,Aves,Threskiornis melanocephalus,Black-headed Ibis,species
279818,4743,1,Aves,Mycteria leucocephala,Painted Stork,species
279818,164333,1,Plantae,Kalanchoe pinnata,Air Plant,species
279818,204454,1,Aves,Acridotheres tristis,Common Myna,species
279818,366969,1,Plantae,Cleome chelidonii,,species
279818,461500,1,Plantae,Streblus asper,Siamese rough bush,species
279825,62821,1,Plantae,Terminalia catappa,Sea Almond,species
279825,158090,1,Plantae,Agave desmetiana,Smooth Agave,species
279827,62811,1,Plantae,Carica papaya,Papaya,species
279827,62821,1,Plantae,Terminalia catappa,Sea Almond,species
279827,67574,1,Plantae,Calotropis gigantea,crown flower,species
279827,557826,1,Plantae,Vachellia nilotica,Egyptian acacia,species
279834,345556,2,Plantae,Borassus flabellifer,Asian Palmyra Palm,species
279834,12035,1,Aves,Lanius schach,Long-tailed Shrike,species
279834,43460,1,Mammalia,Macaca mulatta,Rhesus Macaque,species
279834,50333,1,Plantae,Lantana camara,common lantana,species
279834,62944,1,Plantae,Cardiospermum halicacabum,Lesser Balloon Vine,species
279834,99331,1,Insecta,Diplacodes trivialis,Chalky Percher,species
279834,141634,1,Plantae,Leonotis nepetifolia,lion's ear,species
279834,319135,1,Plantae,Azadirachta indica,Neem,species
279834,971932,1,Plantae,Sapindus emarginatus,notched leaf soapnut,species
279834,1493141,1,Plantae,Neltuma juliflora,mesquite,species
279952,68679,4,Plantae,Cassia fistula,Golden Shower Tree,species
279952,107008,4,Insecta,Neurothemis tullia,Pied Paddy Skimmer,species
279952,119290,4,Plantae,Clerodendrum infortunatum,Hill glorybower,species
279952,4775,3,Aves,Anastomus oscitans,Asian Openbill,species
279952,8277,3,Aves,Dicrurus macrocercus,Black Drongo,species
279952,50333,3,Plantae,Lantana camara,common lantana,species
279952,62345,3,Amphibia,Duttaphrynus melanostictus,Asian Common Toad,species
279952,67574,3,Plantae,Calotropis gigantea,crown flower,species
279952,79143,3,Plantae,Solanum sisymbriifolium,Red Buffalo-bur,species
279952,83492,3,Plantae,Heliotropium indicum,Indian Heliotrope,species
279951,199,3,Aves,Amaurornis phoenicurus,White-breasted Waterhen,species
279951,4576,3,Aves,Metopidius indicus,Bronze-winged Jacana,species
279951,2229,2,Aves,Merops orientalis,Asian Green Bee-eater,species
279951,2366,2,Aves,Pelargopsis capensis,Stork-billed Kingfisher,species
279951,2599,2,Aves,Alcedo atthis,Common Kingfisher,species
279951,3352,2,Aves,Treron phoenicopterus,Yellow-footed Green Pigeon,species
279951,4871,2,Aves,Vanellus indicus,Red-wattled Lapwing,species
279951,4896,2,Aves,Pluvialis fulva,Pacific Golden-Plover,species
279951,4993,2,Aves,Ardeola grayii,Indian Pond-Heron,species
279951,6891,2,Aves,Dendrocygna javanica,Lesser Whistling-Duck,species
266373,56739,20,Plantae,Ricinus communis,castor bean,species
266373,67574,19,Plantae,Calotropis gigantea,crown flower,species
266373,319135,19,Plantae,Azadirachta indica,Neem,species
266373,4993,13,Aves,Ardeola grayii,Indian Pond-Heron,species
266373,95995,13,Insecta,Brachythemis contaminata,Ditch Jewel,species
266373,1204,11,Aves,Pavo cristatus,Indian Peafowl,species
266373,68679,11,Plantae,Cassia fistula,Golden Shower Tree,species
266373,48872,9,Plantae,Mangifera indica,Indian mango,species
266373,50333,9,Plantae,Lantana camara,common lantana,species
266373,117293,9,Insecta,Oecophylla smaragdina,Asian Weaver Ant,species
278376,97060,13,Insecta,Ceriagrion coromandelianum,Coromandel Marsh Dart,species
278376,68656,7,Plantae,Santalum album,Indian Sandalwood,species
278376,364729,7,Plantae,Calamus pseudotenuis,,species
278376,557826,7,Plantae,Vachellia nilotica,Egyptian acacia,species
278376,62839,6,Plantae,Delonix regia,Flamboyant,species
278376,68679,6,Plantae,Cassia fistula,Golden Shower Tree,species
278376,1173369,6,Plantae,Pleurolobus gangeticus,sal-leaved desmodium,species
278376,7128,5,Aves,Nettapus coromandelianus,Cotton Pygmy-Goose,species
278376,20012,5,Aves,Athene brama,Spotted Owlet,species
278376,52055,5,Insecta,Crocothemis servilia,Scarlet Skimmer,species
266385,473,18,Aves,Fulica americana,American Coot,species
266385,144497,14,Aves,Phalaropus tricolor,Wilson's Phalarope,species
266385,58334,10,Plantae,Nicotiana glauca,tree tobacco,species
266385,4836,7,Aves,Himantopus mexicanus,Black-necked Stilt,species
266385,154027,7,Plantae,Buddleja cordata,tepozan,species
266385,204746,5,Plantae,Agave salmiana,Giant Century Plant,species
266385,60112,3,Plantae,Sesuvium verrucosum,Western Seapurslane,species
266385,144455,3,Aves,Ardea alba,Great Egret,species
266385,159174,3,Plantae,Barkleyanthus salicifolius,Willow Ragwort,species
266385,850859,3,Aves,Oxyura jamaicensis,Ruddy Duck,species
272313,274367,7,Plantae,Opuntia decumbens,Decumbent Prickly Pear,species
272313,4742,6,Aves,Mycteria americana,Wood Stork,species
272313,130734,6,Plantae,Bursera simaruba,Gumbo Limbo,species
272313,2089,5,Aves,Ortalis poliocephala,West Mexican Chachalaca,species
272313,9083,5,Aves,Cardinalis cardinalis,Northern Cardinal,species
272313,141749,5,Insecta,Camponotus sericeiventris,Shimmering Golden Sugar ant,species
272313,9607,4,Aves,Quiscalus mexicanus,Great-tailed Grackle,species
272313,16842,4,Aves,Myiozetetes similis,Social Flycatcher,species
272313,123438,4,Plantae,Plumeria rubra,Mexican Plumeria,species
272313,163327,4,Plantae,Gliricidia sepium,Fence Post Tree,species
278351,12305,10,Aves,Meliphaga lewinii,Lewin's Honeyeater,species
278351,244226,10,Insecta,Hypocysta metirius,Brown Ringlet,species
278351,7920,9,Aves,Pachycephala rufiventris,Rufous Whistler,species
278351,14069,9,Aves,Neochmia temporalis,Red-browed Finch,species
278351,8271,8,Aves,Dicrurus bracteatus,Spangled Drongo,species
278351,144737,7,Aves,Rhipidura albiscapa,Grey Fantail,species
278351,8143,6,Aves,Rhipidura leucophrys,Willie Wagtail,species
278351,8583,6,Aves,Grallina cyanoleuca,Magpie-lark,species
278351,12104,6,Aves,Malurus melanocephalus,Red-backed Fairywren,species
278351,7990,5,Aves,Coracina novaehollandiae,Black-faced Cuckooshrike,species
263988,12727,14,Aves,Turdus migratorius,American Robin,species
263988,9083,12,Aves,Cardinalis cardinalis,Northern Cardinal,species
263988,50278,12,Plantae,Parthenocissus quinquefolia,Virginia creeper,species
263988,67642,12,Reptilia,Pantherophis spiloides,Gray Ratsnake,species
263988,14850,9,Aves,Sturnus vulgaris,European Starling,species
263988,46017,9,Mammalia,Sciurus carolinensis,Eastern Gray Squirrel,species
263988,199840,8,Aves,Haemorhous mexicanus,House Finch,species
263988,29305,7,Reptilia,Nerodia sipedon,Common Watersnake,species
263988,39814,7,Reptilia,Terrapene carolina,Common Box Turtle,species
263988,47691,7,Plantae,Sherardia arvensis,Field madder,species
265001,54999,9,Plantae,Eriogonum fasciculatum,California Buckwheat,species
265001,36094,8,Reptilia,Uta stansburiana,Common Side-blotched Lizard,species
265001,53902,6,Plantae,Calochortus venustus,Butterfly Mariposa Lily,species
265001,47219,5,Insecta,Apis mellifera,Western Honey Bee,species
265001,57872,5,Plantae,Opuntia basilaris,Beavertail Pricklypear,species
265001,58219,5,Plantae,Clarkia cylindrica,Speckled Clarkia,species
265001,4778,4,Aves,Gymnogyps californianus,California Condor,species
265001,24259,4,Amphibia,Pseudacris regilla,Pacific chorus frog,species
265001,29044,4,Reptilia,Pituophis catenifer,Gopher Snake,species
265001,38671,4,Reptilia,Aspidoscelis tigris,Western Whiptail,species
264263,4388,5,Aves,Larus dominicanus,Kelp Gull,species
264263,480298,4,Mollusca,Cornu aspersum,Garden Snail,species
264263,10670,3,Aves,Embernagra platensis,Great Pampa-Finch,species
264263,41761,3,Mammalia,Otaria flavescens,South American Sea Lion,species
264263,4229,2,Aves,Podiceps major,Great Grebe,species
264263,43813,2,Mammalia,Cavia aperea,Brazilian Guinea Pig,species
264263,47135,2,Arachnida,Badumna longinqua,Grey House Spider,species
264263,47219,2,Insecta,Apis mellifera,Western Honey Bee,species
264263,56083,2,Animalia,Armadillidium vulgare,Common Pill Woodlouse,species
264263,72660,2,Aves,Chionis albus,Snowy Sheathbill,species
275608,56099,14,Plantae,Ajuga reptans,carpet bugle,species
275608,55643,13,Insecta,Araschnia levana,Map,species
275608,55830,13,Plantae,Glechoma hederacea,ground-ivy,species
275608,55766,12,Plantae,Euphorbia cyparissias,cypress spurge,species
275608,78820,12,Plantae,Ranunculus bulbosus,bulbous buttercup,species
275608,55819,11,Plantae,Primula veris,Cowslip,species
275608,56061,11,Plantae,Alliaria petiolata,garlic mustard,species
275608,207977,11,Insecta,Aglais io,European Peacock Butterfly,species
275608,51610,9,Plantae,Veronica chamaedrys,Germander Speedwell,species
275608,55563,9,Plantae,Bellis perennis,Lawn daisy,species
276652,127635,248,Insecta,Plecia nearctica,Common Lovebug,species
276652,48625,224,Plantae,Oenothera speciosa,Pinkladies,species
276652,51768,202,Plantae,Gaillardia pulchella,firewheel,species
276652,9083,176,Aves,Cardinalis cardinalis,Northern Cardinal,species
276652,26159,169,Reptilia,Alligator mississippiensis,American Alligator,species
276652,84405,168,Plantae,Calyptocarpus vialis,straggler daisy,species
276652,116461,167,Reptilia,Anolis sagrei,Brown Anole,species
276652,36514,149,Reptilia,Anolis carolinensis,Green Anole,species
276652,48484,147,Insecta,Harmonia axyridis,Asian Lady Beetle,species
276652,79388,130,Plantae,Triadica sebifera,Chinese Tallow,species
278444,63352,31,Plantae,Lepidium draba,Heart-podded Hoary Cress,species
278444,47602,29,Plantae,Taraxacum officinale,common dandelion,species
278444,55757,26,Plantae,Chelidonium majus,Greater celandine,species
278444,55851,25,Plantae,Lamium purpureum,red deadnettle,species
278444,56061,24,Plantae,Alliaria petiolata,garlic mustard,species
278444,43048,22,Mammalia,Erinaceus roumanicus,Northern White-breasted Hedgehog,species
278444,51702,22,Insecta,Coccinella septempunctata,Seven-spotted Lady Beetle,species
278444,6930,20,Aves,Anas platyrhynchos,Mallard,species
278444,55666,18,Plantae,Veronica persica,bird's-eye speedwell,species
278444,55891,17,Plantae,Geum urbanum,Wood Avens,species
270282,145310,14,Aves,Spinus tristis,American Goldfinch,species
270282,144815,13,Aves,Poecile atricapillus,Black-capped Chickadee,species
270282,10094,11,Aves,Junco hyemalis,Dark-eyed Junco,species
270282,199841,11,Aves,Haemorhous purpureus,Purple Finch,species
270282,24268,9,Amphibia,Pseudacris crucifer,Spring Peeper,species
270282,1650411,9,Aves,Hesperiphona vespertina,Evening Grosbeak,species
270282,9100,8,Aves,Melospiza melodia,Song Sparrow,species
270282,7044,7,Aves,Aythya collaris,Ring-necked Duck,species
270282,14823,7,Aves,Sitta canadensis,Red-breasted Nuthatch,species
270282,56222,7,Plantae,Tussilago farfara,colt's-foot,species
274577,55757,14,Plantae,Chelidonium majus,Greater celandine,species
274577,35854,13,Reptilia,Lacerta viridis,Green Lizard,species
274577,51702,13,Insecta,Coccinella septempunctata,Seven-spotted Lady Beetle,species
274577,154654,13,Insecta,Lycaena tityrus,Sooty Copper,species
274577,61517,12,Insecta,Pyrochroa serraticornis,Common Cardinal Beetle,species
274577,55655,10,Insecta,Lycaena phlaeas,Small Copper,species
274577,465767,9,Insecta,Acrotylus insubricus,Common Digging Grasshopper,species
274577,35912,8,Reptilia,Lacerta agilis,Sand Lizard,species
274577,39867,8,Reptilia,Emys orbicularis,European Pond Turtle,species
274577,55851,8,Plantae,Lamium purpureum,red deadnettle,species
278407,55757,2,Plantae,Chelidonium majus,Greater celandine,species
278407,1907,1,Aves,Cuculus canorus,Common Cuckoo,species
278407,4954,1,Aves,Ardea cinerea,Grey Heron,species
278407,7278,1,Aves,Aegithalos caudatus,Long-tailed Tit,species
278407,13695,1,Aves,Motacilla alba,White Wagtail,species
278407,27726,1,Amphibia,Salamandra salamandra,Fire Salamander,species
278407,47219,1,Insecta,Apis mellifera,Western Honey Bee,species
278407,51875,1,Plantae,Trifolium pratense,Red Clover,species
278407,53178,1,Plantae,Plantago lanceolata,ribwort plantain,species
278407,53326,1,Plantae,Vinca major,greater periwinkle,species
277298,583890,20,Plantae,Diospyros scabrida,Coastal Bladdernut,species
277298,130215,18,Plantae,Carissa macrocarpa,Natal Plum,species
277298,583892,18,Plantae,Diospyros villosa,Hairy Star-Apple,species
277298,78375,16,Plantae,Pelargonium capitatum,rose-scented geranium,species
277298,56739,15,Plantae,Ricinus communis,castor bean,species
277298,404420,14,Plantae,Osteospermum moniliferum,Bietou,species
277298,588553,13,Plantae,Lampranthus fugitans,Remote Brightfig,species
277298,1587989,13,Plantae,Protea afra,Common Protea,species
277298,154525,12,Plantae,Smilax anceps,Leg-Ripper,species
277298,593869,12,Plantae,Searsia carnosula,False Nanaberry,species
277759,4943,11,Aves,Egretta garzetta,Little Egret,species
277759,4993,11,Aves,Ardeola grayii,Indian Pond-Heron,species
277759,67574,11,Plantae,Calotropis gigantea,crown flower,species
277759,497004,10,Aves,Microcarbo niger,Little Cormorant,species
277759,4954,9,Aves,Ardea cinerea,Grey Heron,species
277759,8031,9,Aves,Corvus splendens,House Crow,species
277759,48872,9,Plantae,Mangifera indica,Indian mango,species
277759,319135,9,Plantae,Azadirachta indica,Neem,species
277759,345556,9,Plantae,Borassus flabellifer,Asian Palmyra Palm,species
277759,3888,8,Aves,Tringa glareola,Wood Sandpiper,species
277712,540077,3,Reptilia,Pholidoscelis plei,Anguilla Bank Ameiva,species
277712,2969,2,Aves,Streptopelia decaocto,Eurasian Collared-Dove,species
277712,35342,2,Reptilia,Iguana iguana,Green Iguana,species
277712,36432,2,Reptilia,Anolis gingivinus,Anguilla Anole,species
277712,3465,1,Aves,Zenaida aurita,Zenaida Dove,species
277712,4328,1,Aves,Pelecanus occidentalis,Brown Pelican,species
277712,9600,1,Aves,Quiscalus lugubris,Carib Grackle,species
277712,10199,1,Aves,Coereba flaveola,Bananaquit,species
277712,24382,1,Amphibia,Osteopilus septentrionalis,Cuban Tree Frog,species
277712,47251,1,Actinopterygii,Sphyraena barracuda,Great Barracuda,species
275365,6930,3,Aves,Anas platyrhynchos,Mallard,species
275365,10470,3,Aves,Xanthocephalus xanthocephalus,Yellow-headed Blackbird,species
275365,558439,3,Aves,Mareca strepera,Gadwall,species
275365,6921,2,Aves,Cygnus olor,Mute Swan,species
275365,7089,2,Aves,Branta canadensis,Canada Goose,species
275365,42220,2,Mammalia,Odocoileus hemionus,Mule Deer,species
275365,850859,2,Aves,Oxyura jamaicensis,Ruddy Duck,species
275365,162,1,Aves,Porzana carolina,Sora,species
275365,473,1,Aves,Fulica americana,American Coot,species
275365,1241,1,Aves,Dendragapus obscurus,Dusky Grouse,species
278416,55851,33,Plantae,Lamium purpureum,red deadnettle,species
278416,55563,29,Plantae,Bellis perennis,Lawn daisy,species
278416,47602,26,Plantae,Taraxacum officinale,common dandelion,species
278416,55876,21,Plantae,Lamium album,White deadnettle,species
278416,55830,19,Plantae,Glechoma hederacea,ground-ivy,species
278416,47726,18,Plantae,Acer negundo,box elder,species
278416,55757,18,Plantae,Chelidonium majus,Greater celandine,species
278416,3048,17,Aves,Columba palumbus,Common Wood-Pigeon,species
278416,12716,12,Aves,Turdus merula,Eurasian Blackbird,species
278416,51702,12,Insecta,Coccinella septempunctata,Seven-spotted Lady Beetle,species
274585,54835,6,Plantae,Prunus virginiana,chokecherry,species
274585,53387,3,Plantae,Cornus sericea,red osier dogwood,species
274585,55544,3,Plantae,Ribes aureum,golden currant,species
274585,60541,3,Plantae,Yucca glauca,Great Plains yucca,species
274585,135883,3,Plantae,Juniperus scopulorum,Rocky Mountain Juniper,species
274585,4885,2,Aves,Recurvirostra americana,American Avocet,species
274585,7089,2,Aves,Branta canadensis,Canada Goose,species
274585,12727,2,Aves,Turdus migratorius,American Robin,species
274585,20044,2,Aves,Bubo virginianus,Great Horned Owl,species
274585,47602,2,Plantae,Taraxacum officinale,common dandelion,species
274745,47219,3,Insecta,Apis mellifera,Western Honey Bee,species
274745,56083,2,Animalia,Armadillidium vulgare,Common Pill Woodlouse,species
274745,209270,2,Plantae,Tabebuia rosea,Pink poui,species
274745,1972,1,Aves,Crotophaga sulcirostris,Groove-billed Ani,species
274745,3108,1,Aves,Patagioenas fasciata,Band-tailed Pigeon,species
274745,3544,1,Aves,Columbina inca,Inca Dove,species
274745,6930,1,Aves,Anas platyrhynchos,Mallard,species
274745,7464,1,Aves,Catherpes mexicanus,Canyon Wren,species
274745,16447,1,Aves,Pyrocephalus rubinus,Vermilion Flycatcher,species
274745,16956,1,Aves,Pitangus sulphuratus,Great Kiskadee,species
242140,62345,11,Amphibia,Duttaphrynus melanostictus,Asian Common Toad,species
242140,1455918,11,Aves,Spilopelia chinensis,Spotted Dove,species
242140,31299,9,Reptilia,Bronchocela jubata,Great Crested Canopy Lizard,species
242140,14626,8,Aves,Pycnonotus aurigaster,Sooty-headed Bulbul,species
242140,26592,8,Amphibia,Polypedates leucomystax,Common Southeast Asian Tree Frog,species
242140,30187,8,Reptilia,Ahaetulla prasina,Oriental Whipsnake,species
242140,38008,6,Reptilia,Eutropis multifasciata,Common Sun Skink,species
242140,13851,5,Aves,Passer montanus,Eurasian Tree Sparrow,species
242140,31281,5,Reptilia,Calotes versicolor,Oriental Garden Lizard,species
242140,51581,5,Insecta,Graphium agamemnon,Tailed Jay,species
274945,67706,7,Arachnida,Argiope argentata,Silver Garden Orbweaver,species
274945,16956,4,Aves,Pitangus sulphuratus,Great Kiskadee,species
274945,60220,3,Plantae,Ludwigia peploides,floating primrose-willow,species
274945,167072,3,Plantae,Pluchea sagittalis,Wingstem Camphorweed,species
274945,785927,3,Plantae,Oenothera centaureifolia,,species
274945,4715,2,Aves,Caracara plancus,Crested Caracara,species
274945,52344,2,Plantae,Ipomoea purpurea,common morning-glory,species
274945,62944,2,Plantae,Cardiospermum halicacabum,Lesser Balloon Vine,species
274945,164091,2,Plantae,Ipomoea nil,Japanese morning glory,species
274945,201041,2,Aves,Rupornis magnirostris,Roadside Hawk,species
275408,415130,2,Insecta,Dysschema sacrifica,,species
275408,39626,1,Reptilia,Phrynops hilarii,Hilaire’s Side-necked Turtle,species
275408,118492,1,Insecta,Helicoverpa zea,Corn Earworm Moth,species
275408,424369,1,Insecta,Coryacris angustipennis,,species
276777,12727,15,Aves,Turdus migratorius,American Robin,species
276777,48240,12,Plantae,Erythronium americanum,yellow trout lily,species
276777,9744,10,Aves,Agelaius phoeniceus,Red-winged Blackbird,species
276777,50310,10,Plantae,Arisaema triphyllum,Jack-in-the-Pulpit,species
276777,49288,9,Plantae,Podophyllum peltatum,mayapple,species
276777,55402,9,Plantae,Trillium grandiflorum,large white trillium,species
276777,6921,8,Aves,Cygnus olor,Mute Swan,species
276777,50855,8,Plantae,Trillium erectum,red trillium,species
276777,3454,7,Aves,Zenaida macroura,Mourning Dove,species
276777,125487,7,Plantae,Ribes americanum,American Black Currant,species
275147,9607,5,Aves,Quiscalus mexicanus,Great-tailed Grackle,species
275147,144479,5,Aves,Gallinula galeata,Common Gallinule,species
275147,4836,4,Aves,Himantopus mexicanus,Black-necked Stilt,species
275147,199913,4,Aves,Buteo plagiatus,Gray Hawk,species
275147,3460,3,Aves,Zenaida asiatica,White-winged Dove,species
275147,3759,3,Aves,Plegadis chihi,White-faced Ibis,species
275147,3873,3,Aves,Limnodromus scolopaceus,Long-billed Dowitcher,species
275147,4885,3,Aves,Recurvirostra americana,American Avocet,species
275147,6893,3,Aves,Dendrocygna autumnalis,Black-bellied Whistling-Duck,species
275147,9721,3,Aves,Geothlypis trichas,Common Yellowthroat,species
276950,83102,27,Plantae,Serenoa repens,saw palmetto,species
276950,60335,26,Plantae,Rhizophora mangle,red mangrove,species
276950,69985,21,Plantae,Pinus elliottii,slash pine,species
276950,84300,21,Plantae,Sambucus canadensis,American black elderberry,species
276950,127910,21,Plantae,Smilax auriculata,Earleaf Greenbrier,species
276950,167537,19,Plantae,Pteridium caudatum,Southern Brackenfern,species
276950,82529,18,Plantae,Vitis rotundifolia,muscadine,species
276950,129347,18,Plantae,Ilex glabra,gallberry,species
276950,49193,17,Plantae,Callicarpa americana,American beautyberry,species
276950,130888,17,Plantae,Erechtites hieraciifolius,American burnweed,species
276680,145291,34,Aves,Emberiza calandra,Corn Bunting,species
276680,11901,29,Aves,Hirundo rustica,Barn Swallow,species
276680,128167,21,Plantae,Paeonia officinalis,common peony,species
276680,42184,20,Mammalia,Capreolus capreolus,Western Roe Deer,species
276680,13858,18,Aves,Passer domesticus,House Sparrow,species
276680,328040,17,Plantae,Genista scorpius,Scorpion Broom,species
276680,557375,17,Plantae,Astragalus incanus,,species
276680,204545,16,Aves,Motacilla flava,Western Yellow Wagtail,species
276680,12822,15,Aves,Oenanthe oenanthe,Northern Wheatear,species
276680,64705,14,Aves,Delichon urbicum,Western House Martin,species
278102,4205,3,Aves,Podiceps nigricollis,Eared Grebe,species
278102,850859,3,Aves,Oxyura jamaicensis,Ruddy Duck,species
278102,1505633,3,Aves,Anarhynchus wilsonia,Wilson's Plover,species
278102,4457,2,Aves,Sterna forsteri,Forster's Tern,species
278102,4840,2,Aves,Haematopus palliatus,American Oystercatcher,species
278102,4999,2,Aves,Nyctanassa violacea,Yellow-crowned Night Heron,species
278102,62797,2,Reptilia,Gambelia wislizenii,Long-nosed Leopard Lizard,species
278102,116999,2,Aves,Pandion haliaetus,Osprey,species
278102,144537,2,Aves,Hydroprogne caspia,Caspian Tern,species
278102,411086,2,Aves,Ardea ibis,Western Cattle-Egret,species
278154,470643,8,Plantae,Erythranthe guttata,seep monkeyflower,species
278154,58331,7,Plantae,Datura wrightii,Sacred Datura,species
278154,62248,7,Plantae,Asclepias cordifolia,heart-leaf milkweed,species
278154,51752,6,Plantae,Brodiaea elegans,harvest brodiaea,species
278154,52676,6,Plantae,Pentagramma triangularis,goldback fern,species
278154,56726,6,Plantae,Daucus pusillus,American wild carrot,species
278154,26702,5,Amphibia,Spea hammondii,Western Spadefoot,species
278154,48268,5,Reptilia,Crotalus oreganus,Western Rattlesnake,species
278154,1409,4,Aves,Callipepla californica,California Quail,species
278154,14850,4,Aves,Sturnus vulgaris,European Starling,species
265164,9607,6,Aves,Quiscalus mexicanus,Great-tailed Grackle,species
265164,78589,5,Plantae,Pistia stratiotes,Water Lettuce,species
265164,35342,3,Reptilia,Iguana iguana,Green Iguana,species
265164,49761,3,Insecta,Anartia jatrophae,White Peacock,species
265164,56739,3,Plantae,Ricinus communis,castor bean,species
265164,60439,3,Plantae,Caesalpinia pulcherrima,peacock flower,species
265164,141634,3,Plantae,Leonotis nepetifolia,lion's ear,species
265164,962637,3,Plantae,Pontederia crassipes,common water hyacinth,species
265164,49972,2,Insecta,Battus philenor,Pipevine Swallowtail,species
265164,67706,2,Arachnida,Argiope argentata,Silver Garden Orbweaver,species
265084,132616,5,Plantae,Soldanella alpina,Alpine Snowbell,species
265084,27726,4,Amphibia,Salamandra salamandra,Fire Salamander,species
265084,55819,4,Plantae,Primula veris,Cowslip,species
265084,55990,4,Reptilia,Podarcis muralis,Common Wall Lizard,species
265084,60885,4,Plantae,Dactylorhiza sambucina,Elder-flowered Orchid,species
265084,61293,4,Insecta,Thaumetopoea pityocampa,Pine Processionary-moth,species
265084,179648,4,Plantae,Aphyllanthes monspeliensis,Blue Aphyllanthes,species
265084,639660,4,Plantae,Hepatica nobilis,Liverleaf,species
265084,5366,3,Aves,Gyps fulvus,Eurasian Griffon,species
265084,54404,3,Plantae,Papaver rhoeas,common poppy,species
265167,319135,22,Plantae,Azadirachta indica,Neem,species
265167,67574,21,Plantae,Calotropis gigantea,crown flower,species
265167,60439,15,Plantae,Caesalpinia pulcherrima,peacock flower,species
265167,68679,12,Plantae,Cassia fistula,Golden Shower Tree,species
265167,155026,11,Insecta,Tetraponera rufonigra,Arboreal Bicolored Slender Ant,species
265167,180386,11,Insecta,Acraea terpsicore,Tawny Coster,species
265167,8031,10,Aves,Corvus splendens,House Crow,species
265167,31281,10,Reptilia,Calotes versicolor,Oriental Garden Lizard,species
265167,18911,8,Aves,Psittacula krameri,Rose-ringed Parakeet,species
265167,82768,8,Plantae,Thespesia populnea,Indian tulip tree,species
279873,8031,17,Aves,Corvus splendens,House Crow,species
279873,31281,9,Reptilia,Calotes versicolor,Oriental Garden Lizard,species
279873,67835,9,Insecta,Danaus chrysippus,Plain Tiger Butterfly,species
279873,62868,7,Plantae,Hibiscus tiliaceus,sea hibiscus,species
279873,118552,6,Mammalia,Felis catus,Domestic Cat,species
279873,180380,6,Actinopterygii,Amphiprion nigripes,Blackfin Anemonefish,species
279873,425753,6,Plantae,Pemphis acidula,bantigue,species
279873,199,5,Aves,Amaurornis phoenicurus,White-breasted Waterhen,species
279873,54880,5,Plantae,Ficus benghalensis,Indian banyan,species
279873,60879,5,Plantae,Ipomoea pes-caprae,Beach Morning Glory,species
279008,1972,2,Aves,Crotophaga sulcirostris,Groove-billed Ani,species
279008,3017,2,Aves,Columba livia,Rock Pigeon,species
279008,3469,2,Aves,Zenaida meloda,West Peruvian Dove,species
279008,47219,2,Insecta,Apis mellifera,Western Honey Bee,species
279008,57354,2,Plantae,Schinus molle,Peruvian Pepper Tree,species
279008,64119,2,Plantae,Opuntia ficus-indica,Indian fig opuntia,species
279008,1505526,2,Aves,Hesperoburhinus superciliaris,Peruvian Thick-knee,species
279008,3576,1,Aves,Columbina cruziana,Croaking Ground Dove,species
279008,4665,1,Aves,Falco sparverius,American Kestrel,species
279008,9183,1,Aves,Zonotrichia capensis,Rufous-collared Sparrow,species
278797,5212,3,Aves,Buteo jamaicensis,Red-tailed Hawk,species
278797,6930,3,Aves,Anas platyrhynchos,Mallard,species
278797,4209,2,Aves,Podiceps auritus,Horned Grebe,species
278797,6993,2,Aves,Bucephala albeola,Bufflehead,species
278797,7044,2,Aves,Aythya collaris,Ring-necked Duck,species
278797,7054,2,Aves,Aythya affinis,Lesser Scaup,species
278797,7057,2,Aves,Aythya valisineria,Canvasback,species
278797,58700,2,Fungi,Apiosporina morbosa,black knot,species
278797,60350,2,Plantae,Artemisia absinthium,absinthe wormwood,species
278797,117326,2,Plantae,Picea glauca,white spruce,species
273661,404899,27,Plantae,Piper excelsum,Kawakawa,species
273661,401924,23,Plantae,Freycinetia banksii,Kiekie,species
273661,366632,20,Plantae,Knightia excelsa,Rewarewa,species
273661,1497018,19,Plantae,Goodenia radicans,Selliera,species
273661,52390,18,Plantae,Dacrycarpus dacrydioides,kahikatea,species
273661,197042,18,Plantae,Asplenium flaccidum,drooping spleenwort,species
273661,197063,17,Plantae,Melicytus ramiflorus,Māhoe,species
273661,401998,17,Plantae,Geniostoma ligustrifolium,Hangehange,species
273661,51751,15,Plantae,Ulex europaeus,gorse,species
273661,52382,15,Plantae,Dacrydium cupressinum,rimu,species
273897,61369,8,Plantae,Momordica charantia,Bitter Melon,species
273897,50996,7,Plantae,Ficus benjamina,Weeping fig,species
273897,356161,6,Plantae,Helicteres isora,East Indian screw tree,species
273897,4775,5,Aves,Anastomus oscitans,Asian Openbill,species
273897,96505,5,Insecta,Camacinia gigantea,Sultan,species
273897,128032,5,Plantae,Broussonetia papyrifera,Paper mulberry,species
273897,161146,5,Plantae,Crotalaria pallida,Streaked Rattlepod,species
273897,199400,5,Plantae,Chromolaena odorata,Siam weed,species
273897,476579,5,Amphibia,Microhyla mukhlesuri,Mukhlesur's Narrow-mouthed Frog,species
273897,8277,4,Aves,Dicrurus macrocercus,Black Drongo,species
274828,127703,1,Animalia,Portunus pelagicus,Asian Blue Swimming Crab,species
274828,621545,1,Actinopterygii,Dichotomyctere nigroviridis,Green Spotted Puffer,species
277299,47219,12,Insecta,Apis mellifera,Western Honey Bee,species
277299,13801,11,Aves,Ploceus capensis,Cape Weaver,species
277299,145142,11,Aves,Chalcomitra amethystina,Amethyst Sunbird,species
277299,404420,11,Plantae,Osteospermum moniliferum,Bietou,species
277299,426218,11,Plantae,Leucospermum cuneiforme,Wartstem Pincushion,species
277299,556350,11,Plantae,Pelargonium reniforme,Kidney Storksbill,species
277299,13853,10,Aves,Passer melanurus,Cape Sparrow,species
277299,145540,10,Insecta,Eristalinus taeniops,Stripe-eyed Lagoon Fly,species
277299,566478,10,Plantae,Leucadendron salignum,Common Sunshine Conebush,species
277299,583883,10,Plantae,Diospyros dichrophylla,Poison Starapple,species
278900,55757,13,Plantae,Chelidonium majus,Greater celandine,species
278900,56152,13,Plantae,Allium ursinum,Ramsons,species
278900,56099,12,Plantae,Ajuga reptans,carpet bugle,species
278900,56061,11,Plantae,Alliaria petiolata,garlic mustard,species
278900,55925,9,Plantae,Geranium robertianum,Herb Robert,species
278900,204339,9,Plantae,Lamium galeobdolon,yellow archangel,species
278900,55766,8,Plantae,Euphorbia cyparissias,cypress spurge,species
278900,131625,8,Plantae,Symphytum tuberosum,Tuberous Comfrey,species
278900,12707,7,Aves,Turdus pilaris,Fieldfare,species
278900,55563,7,Plantae,Bellis perennis,Lawn daisy,species
278696,771835,11,Plantae,Diplacus tricolor,tricolor monkeyflower,species
278696,60161,10,Plantae,Downingia bicornuta,Doublehorn Calicoflower,species
278696,60135,5,Plantae,Hesperevax caulescens,hogwallow starfish,species
278696,57885,3,Plantae,Pilularia americana,American pillwort,species
278696,60227,3,Plantae,Navarretia leucocephala,whitehead navarretia,species
278696,154156,3,Plantae,Croton setiger,turkey mullein,species
278696,506118,3,Aves,Aphelocoma californica,California Scrub-Jay,species
278696,4793,2,Aves,Charadrius vociferus,Killdeer,species
278696,5212,2,Aves,Buteo jamaicensis,Red-tailed Hawk,species
278696,6317,2,Aves,Calypte anna,Anna's Hummingbird,species
278836,319135,3,Plantae,Azadirachta indica,Neem,species
278836,3017,2,Aves,Columba livia,Rock Pigeon,species
278836,48872,1,Plantae,Mangifera indica,Indian mango,species
278836,51614,1,Insecta,Eurema hecabe,Common Grass Yellow,species
278836,51785,1,Insecta,Junonia lemonias,Lemon Pansy,species
278836,62839,1,Plantae,Delonix regia,Flamboyant,species
278836,139572,1,Plantae,Bauhinia acuminata,Dwarf White Bauhinia,species
278836,165586,1,Plantae,Muntingia calabura,calabur tree,species
278836,180386,1,Insecta,Acraea terpsicore,Tawny Coster,species
278836,204510,1,Aves,Eudynamys scolopaceus,Asian Koel,species
273568,125577,5,Insecta,Belenois aurota,Pioneer White,species
273568,4993,3,Aves,Ardeola grayii,Indian Pond-Heron,species
273568,143076,3,Insecta,Catopsilia pyranthe,Mottled Emigrant,species
273568,561940,3,Insecta,Ischnura rubilio,Western Golden Dartlet,species
273568,3738,2,Aves,Threskiornis melanocephalus,Black-headed Ibis,species
273568,4871,2,Aves,Vanellus indicus,Red-wattled Lapwing,species
273568,13858,2,Aves,Passer domesticus,House Sparrow,species
273568,14388,2,Aves,Pitta brachyura,Indian Pitta,species
273568,47447,2,Plantae,Leucaena leucocephala,White leadtree,species
273568,51785,2,Insecta,Junonia lemonias,Lemon Pansy,species
278392,48715,20,Fungi,Amanita muscaria,Fly Agaric,species
278392,244276,14,Aves,Rhipidura fuliginosa,New Zealand Fantail,species
278392,7058,13,Aves,Aythya novaeseelandiae,New Zealand Scaup,species
278392,7072,13,Aves,Tadorna variegata,Paradise Shelduck,species
278392,78591,13,Plantae,Pittosporum tenuifolium,Kōhūhū,species
278392,6930,12,Aves,Anas platyrhynchos,Mallard,species
278392,404204,11,Plantae,Nothofagus cliffortioides,Mountain beech,species
278392,366658,10,Plantae,Coprosma propinqua,Miki,species
278392,333825,9,Plantae,Discaria toumatou,Matagouri,species
278392,366620,9,Plantae,Nothofagus fusca,Red Beech,species
275923,47602,10,Plantae,Taraxacum officinale,common dandelion,species
275923,51702,9,Insecta,Coccinella septempunctata,Seven-spotted Lady Beetle,species
275923,53178,8,Plantae,Plantago lanceolata,ribwort plantain,species
275923,54531,8,Plantae,Cardamine pratensis,Cuckooflower,species
275923,55563,8,Plantae,Bellis perennis,Lawn daisy,species
275923,55925,8,Plantae,Geranium robertianum,Herb Robert,species
275923,56132,8,Plantae,Hyacinthoides non-scripta,bluebell,species
275923,51495,7,Insecta,Anthocharis cardamines,orange-tip,species
275923,55655,7,Insecta,Lycaena phlaeas,Small Copper,species
275923,204321,7,Plantae,Ficaria verna,lesser celandine,species
278908,4956,18,Aves,Ardea herodias,Great Blue Heron,species
278908,6930,15,Aves,Anas platyrhynchos,Mallard,species
278908,76754,13,Plantae,Echinocereus engelmannii,Engelmann's Hedgehog Cactus,species
278908,79137,11,Plantae,Solanum elaeagnifolium,silverleaf nightshade,species
278908,199840,11,Aves,Haemorhous mexicanus,House Finch,species
278908,58331,10,Plantae,Datura wrightii,Sacred Datura,species
278908,3454,9,Aves,Zenaida macroura,Mourning Dove,species
278908,9607,9,Aves,Quiscalus mexicanus,Great-tailed Grackle,species
278908,202757,9,Plantae,Cylindropuntia leptocaulis,Christmas cholla,species
278908,10234,8,Aves,Passerina amoena,Lazuli Bunting,species
278899,79137,25,Plantae,Solanum elaeagnifolium,silverleaf nightshade,species
278899,1986,20,Aves,Geococcyx californianus,Greater Roadrunner,species
278899,9176,18,Aves,Zonotrichia leucophrys,White-crowned Sparrow,species
278899,1493134,18,Plantae,Neltuma glandulosa,honey mesquite,species
278899,9607,17,Aves,Quiscalus mexicanus,Great-tailed Grackle,species
278899,9083,14,Aves,Cardinalis cardinalis,Northern Cardinal,species
278899,906,13,Aves,Meleagris gallopavo,Wild Turkey,species
278899,7089,13,Aves,Branta canadensis,Canada Goose,species
278899,9744,13,Aves,Agelaius phoeniceus,Red-winged Blackbird,species
278899,13858,12,Aves,Passer domesticus,House Sparrow,species
277500,12727,168,Aves,Turdus migratorius,American Robin,species
277500,9744,139,Aves,Agelaius phoeniceus,Red-winged Blackbird,species
277500,56061,139,Plantae,Alliaria petiolata,garlic mustard,species
277500,7089,104,Aves,Branta canadensis,Canada Goose,species
277500,49288,103,Plantae,Podophyllum peltatum,mayapple,species
277500,58732,92,Plantae,Toxicodendron radicans,eastern poison ivy,species
277500,211100,90,Insecta,Malacosoma americana,Eastern Tent Caterpillar Moth,species
277500,6930,83,Aves,Anas platyrhynchos,Mallard,species
277500,82342,81,Plantae,Lonicera maackii,Amur honeysuckle,species
277500,52856,79,Plantae,Artemisia vulgaris,common mugwort,species
278872,82001,5,Insecta,Rhyothemis variegata,Common Picture Wing,species
278872,50333,3,Plantae,Lantana camara,common lantana,species
278872,51588,3,Insecta,Papilio polytes,Common Mormon Swallowtail,species
278872,52055,3,Insecta,Crocothemis servilia,Scarlet Skimmer,species
278872,103289,3,Insecta,Ictinogomphus rapax,Indian Common Clubtail,species
278872,120917,3,Plantae,Calotropis procera,giant milkweed,species
278872,245955,3,Insecta,Apis dorsata,Giant Honey Bee,species
278872,340365,3,Plantae,Capparis sepiaria,indian caper,species
278872,489308,3,Plantae,Wrightia tinctoria,Jaundice curative tree,species
278872,557826,3,Plantae,Vachellia nilotica,Egyptian acacia,species
279767,544372,6,Plantae,Dendrobium transparens,,species
279767,493624,3,Plantae,Rhynchostylis retusa,Foxtail Orchid,species
279767,979918,3,Aves,Psilopogon franklinii,Golden-throated Barbet,species
279767,12006,2,Aves,Chloropsis hardwickii,Orange-bellied Leafbird,species
279767,13432,2,Aves,Arachnothera magna,Streaked Spiderhunter,species
279767,13851,2,Aves,Passer montanus,Eurasian Tree Sparrow,species
279767,13887,2,Aves,Lonchura striata,White-rumped Munia,species
279767,13893,2,Aves,Lonchura punctulata,Scaly-breasted Munia,species
279767,14593,2,Aves,Pycnonotus cafer,Red-vented Bulbul,species
279767,14822,2,Aves,Sitta formosa,Beautiful Nuthatch,species
279899,48548,2,Insecta,Vanessa cardui,Painted Lady,species
279899,342872,2,Plantae,Trillium govanianum,Himalayan Trillium,species
279899,507571,2,Insecta,Aglais caschmirensis,Indian Tortoiseshell,species
279899,2927,1,Aves,Streptopelia orientalis,Oriental Turtle-Dove,species
279899,7642,1,Aves,Cinclus pallasii,Brown Dipper,species
279899,9193,1,Aves,Emberiza cia,Rock Bunting,species
279899,12037,1,Aves,Lanius tephronotus,Grey-backed Shrike,species
279899,12996,1,Aves,Phoenicurus frontalis,Blue-fronted Redstart,species
279899,13695,1,Aves,Motacilla alba,White Wagtail,species
279899,13987,1,Aves,Prunella strophiata,Rufous-breasted Accentor,species
279718,4643,1,Aves,Falco subbuteo,Eurasian Hobby,species
279718,4686,1,Aves,Falco amurensis,Amur Falcon,species
279718,19455,1,Aves,Caprimulgus asiaticus,Indian Nightjar,species
279718,28868,1,Reptilia,Ptyas mucosa,Oriental Rat Snake,species
279718,43122,1,Mammalia,Lepus nigricollis,Indian Hare,species
279718,51588,1,Insecta,Papilio polytes,Common Mormon Swallowtail,species
279718,51785,1,Insecta,Junonia lemonias,Lemon Pansy,species
279718,204519,1,Aves,Halcyon smyrnensis,White-throated Kingfisher,species
279718,342426,1,Insecta,Delta pyriforme,,species
279718,1505780,1,Aves,Anarhynchus atrifrons,Tibetan Sand-Plover,species
270883,59315,5,Plantae,Orchis italica,Naked-man Orchid,species
270883,545482,5,Plantae,Galactites tomentosus,Boar Thistle,species
270883,53169,4,Plantae,Oxalis pes-caprae,Bermuda buttercup,species
270883,71162,4,Plantae,Gladiolus italicus,Field Gladiolus,species
270883,337045,4,Reptilia,Podarcis siculus,Italian Wall Lizard,species
270883,60218,3,Plantae,Ficus carica,common fig,species
270883,153933,3,Plantae,Selaginella denticulata,Mediterranean clubmoss,species
270883,165590,3,Plantae,Muscari comosum,Tassel Hyacinth,species
270883,203000,3,Plantae,Serapias lingua,Tongue Orchid,species
270883,357992,3,Plantae,Antirrhinum siculum,Sicilian Snapdragon,species
264459,47406,2,Plantae,Spartium junceum,Spanish Broom,species
264459,51988,2,Plantae,Physalis peruviana,Cape gooseberry,species
264459,52586,2,Plantae,Silybum marianum,milk thistle,species
264459,57016,2,Plantae,Crassula connata,sand pygmyweed,species
264459,57354,2,Plantae,Schinus molle,Peruvian Pepper Tree,species
264459,58334,2,Plantae,Nicotiana glauca,tree tobacco,species
264459,122711,2,Plantae,Dodonaea viscosa,Akeake,species
264459,141634,2,Plantae,Leonotis nepetifolia,lion's ear,species
264459,320052,2,Plantae,Austrocylindropuntia subulata,Eve's Needle Cactus,species
264459,525456,2,Insecta,Junonia vestina,Andean buckeye,species
265347,827413,4,Aves,Sporophila morelleti,Morelet's Seedeater,species
265347,4715,2,Aves,Caracara plancus,Crested Caracara,species
265347,10227,2,Aves,Passerina cyanea,Indigo Bunting,species
265347,9346,1,Aves,Icterus galbula,Baltimore Oriole,species
265347,10271,1,Aves,Pheucticus ludovicianus,Rose-breasted Grosbeak,species
265347,10286,1,Aves,Mniotilta varia,Black-and-white Warbler,species
265347,11872,1,Aves,Progne chalybea,Gray-breasted Martin,species
265347,12720,1,Aves,Turdus grayi,Clay-colored Thrush,species
265347,18990,1,Aves,Amazona autumnalis,Red-lored Amazon,species
265347,41678,1,Mammalia,Potos flavus,Kinkajou,species
190261,2337,1,Aves,Halcyon senegalensis,Woodland Kingfisher,species
190261,2988,1,Aves,Streptopelia semitorquata,Red-eyed Dove,species
190261,13796,1,Aves,Ploceus cucullatus,Village Weaver,species
190261,13963,1,Aves,Euplectes hordeaceus,Black-winged Bishop,species
190261,40130,1,Reptilia,Pelusios gabonensis,Gabon hinged terrapin,species
190261,47445,1,Plantae,Mimosa pigra,Giant Sensitive Plant,species
190261,50203,1,Plantae,Bidens pilosa,Hairy Beggarticks,species
190261,50333,1,Plantae,Lantana camara,common lantana,species
190261,52492,1,Plantae,Dicranopteris linearis,false staghorn fern,species
190261,62811,1,Plantae,Carica papaya,Papaya,species
265582,56739,33,Plantae,Ricinus communis,castor bean,species
265582,50333,25,Plantae,Lantana camara,common lantana,species
265582,14593,10,Aves,Pycnonotus cafer,Red-vented Bulbul,species
265582,199,8,Aves,Amaurornis phoenicurus,White-breasted Waterhen,species
265582,51567,8,Insecta,Castalius rosimon,Common Pierrot,species
265582,51785,8,Insecta,Junonia lemonias,Lemon Pansy,species
265582,123010,8,Animalia,Trigoniulus corallinus,Rusty Millipede,species
265582,145642,8,Insecta,Pseudozizeeria maha,Pale Grass Blue,species
265582,160705,8,Plantae,Cleome rutidosperma,Purple Cleome,species
265582,182764,8,Insecta,Orsotriaena medus,Smooth-eyed Bushbrown,species
274413,55745,43,Plantae,Trifolium repens,white clover,species
274413,55666,37,Plantae,Veronica persica,bird's-eye speedwell,species
274413,55918,35,Plantae,Papaver dubium,Long-headed poppy,species
274413,78247,31,Plantae,Oenothera rosea,rose evening primrose,species
274413,57317,29,Plantae,Vicia villosa,hairy vetch,species
274413,67820,29,Plantae,Erigeron philadelphicus,Philadelphia fleabane,species
274413,547179,26,Aves,Spodiopsar cineraceus,White-cheeked Starling,species
274413,58917,24,Plantae,Geranium carolinianum,Carolina crane's-bill,species
274413,53324,21,Plantae,Vicia sativa,Common Vetch,species
274413,61963,18,Plantae,Oxalis debilis,Largeflower pink-sorrel,species
265961,126620,5,Plantae,Scaevola plumieri,coastal inkberry,species
265961,60879,4,Plantae,Ipomoea pes-caprae,Beach Morning Glory,species
265961,133328,4,Plantae,Suriana maritima,Baycedar,species
265961,127284,3,Plantae,Coccoloba uvifera,sea grape,species
265961,130743,3,Plantae,Sesuvium portulacastrum,sea purslane,species
265961,157908,3,Plantae,Acanthocereus tetragonus,Triangle cactus,species
265961,193896,3,Mollusca,Strombus pugilis,Fighting Conch,species
265961,283216,3,Plantae,Tournefortia gnaphalodes,sea lavender,species
265961,4257,2,Aves,Phoenicopterus ruber,American Flamingo,species
265961,4328,2,Aves,Pelecanus occidentalis,Brown Pelican,species
270080,67835,3,Insecta,Danaus chrysippus,Plain Tiger Butterfly,species
270080,99331,3,Insecta,Diplacodes trivialis,Chalky Percher,species
270080,708653,3,Insecta,Cyrestis paulinus,,species
270080,782844,3,Insecta,Graphium rhesus,Rhesus Swordtail,species
270080,70177,2,Insecta,Appias libythea,Striped Albatross,species
270080,146577,2,Insecta,Appias lyncida,Chocolate Albatross,species
270080,489910,2,Insecta,Cyrestis strigata,,species
270080,496560,2,Insecta,Papilio fuscus,Fuscous Swallowtail,species
270080,983313,2,Insecta,Cyrestis heracles,,species
270080,2212,1,Aves,Merops philippinus,Blue-tailed Bee-eater,species
266030,6925,29,Aves,Anas poecilorhyncha,Indian Spot-billed Duck,species
266030,1204,24,Aves,Pavo cristatus,Indian Peafowl,species
266030,1455922,24,Aves,Spilopelia senegalensis,Laughing Dove,species
266030,50333,22,Plantae,Lantana camara,common lantana,species
266030,4743,21,Aves,Mycteria leucocephala,Painted Stork,species
266030,4954,21,Aves,Ardea cinerea,Grey Heron,species
266030,52055,21,Insecta,Crocothemis servilia,Scarlet Skimmer,species
266030,67835,20,Insecta,Danaus chrysippus,Plain Tiger Butterfly,species
266030,367521,20,Aves,Psilopogon haemacephalus,Coppersmith Barbet,species
266030,497004,19,Aves,Microcarbo niger,Little Cormorant,species
105565,904336,138,Arachnida,Trichonephila clavipes,Golden Silk Spider,species
105565,3017,104,Aves,Columba livia,Rock Pigeon,species
105565,130872,96,Plantae,Schinus terebinthifolia,Brazilian pepper,species
105565,50616,80,Plantae,Mirabilis jalapa,Marvel of Peru,species
105565,64342,75,Plantae,Coffea arabica,Coffee,species
105565,169872,75,Plantae,Tradescantia pallida,Purple Heart,species
105565,62859,67,Plantae,Psidium guajava,Common guava,species
105565,169741,62,Plantae,Thunbergia erecta,Bush Thunbergia,species
105565,544561,62,Plantae,Microgramma squamulosa,,species
105565,62811,60,Plantae,Carica papaya,Papaya,species
267929,3017,29,Aves,Columba livia,Rock Pigeon,species
267929,12716,17,Aves,Turdus merula,Eurasian Blackbird,species
267929,55830,15,Plantae,Glechoma hederacea,ground-ivy,species
267929,6930,14,Aves,Anas platyrhynchos,Mallard,species
267929,55610,14,Insecta,Pyrrhocoris apterus,European Firebug,species
267929,72486,13,Aves,Alopochen aegyptiaca,Egyptian Goose,species
267929,55727,12,Plantae,Cymbalaria muralis,Ivy-leaved toadflax,species
267929,51702,11,Insecta,Coccinella septempunctata,Seven-spotted Lady Beetle,species
267929,56121,11,Plantae,Capsella bursa-pastoris,shepherd's-purse,species
267929,6921,10,Aves,Cygnus olor,Mute Swan,species
269136,335542,5,Insecta,Amegilla cingulata,,species
269136,116834,4,Aves,Cacatua galerita,Sulphur-crested Cockatoo,species
269136,357,3,Aves,Gallinula tenebrosa,Dusky Moorhen,species
269136,2413,3,Aves,Dacelo novaeguineae,Laughing Kookaburra,species
269136,3740,3,Aves,Threskiornis molucca,Australian Ibis,species
269136,4943,3,Aves,Egretta garzetta,Little Egret,species
269136,116838,3,Aves,Cacatua sanguinea,Little Corella,species
269136,2238,2,Aves,Merops ornatus,Rainbow Bee-eater,species
269136,4872,2,Aves,Vanellus miles,Masked Lapwing,species
269136,4936,2,Aves,Egretta novaehollandiae,White-faced Heron,species
272758,204454,25,Aves,Acridotheres tristis,Common Myna,species
272758,52053,24,Insecta,Ischnura senegalensis,Common Bluetail,species
272758,67835,24,Insecta,Danaus chrysippus,Plain Tiger Butterfly,species
272758,14591,23,Aves,Pycnonotus jocosus,Red-whiskered Bulbul,species
272758,204510,22,Aves,Eudynamys scolopaceus,Asian Koel,species
272758,133443,21,Insecta,Catopsilia pomona,Lemon Migrant,species
272758,5268,20,Aves,Milvus migrans,Black Kite,species
272758,52055,20,Insecta,Crocothemis servilia,Scarlet Skimmer,species
272758,95995,20,Insecta,Brachythemis contaminata,Ditch Jewel,species
272758,99331,20,Insecta,Diplacodes trivialis,Chalky Percher,species
273035,49761,8,Insecta,Anartia jatrophae,White Peacock,species
273035,16956,7,Aves,Pitangus sulphuratus,Great Kiskadee,species
273035,17278,6,Aves,Fluvicola nengeta,Masked Water-Tyrant,species
273035,49150,6,Insecta,Dione vanillae,Gulf Fritillary,species
273035,1289601,6,Aves,Nannopterum brasilianum,Neotropic Cormorant,species
273035,9864,5,Aves,Sicalis flaveola,Saffron Finch,species
273035,10199,5,Aves,Coereba flaveola,Bananaquit,species
273035,258082,5,Insecta,Heraclides thoas,Thoas Swallowtail,species
273035,3580,4,Aves,Columbina talpacoti,Ruddy Ground Dove,species
273035,4765,4,Aves,Coragyps atratus,Black Vulture,species
273831,56061,78,Plantae,Alliaria petiolata,garlic mustard,species
273831,55925,74,Plantae,Geranium robertianum,Herb Robert,species
273831,51884,65,Plantae,Urtica dioica,great stinging nettle,species
273831,124544,63,Plantae,Anthriscus sylvestris,Cow Parsley,species
273831,51147,58,Plantae,Crataegus monogyna,common hawthorn,species
273831,55830,58,Plantae,Glechoma hederacea,ground-ivy,species
273831,55876,56,Plantae,Lamium album,White deadnettle,species
273831,51702,54,Insecta,Coccinella septempunctata,Seven-spotted Lady Beetle,species
273831,163682,54,Plantae,Heracleum sphondylium,hogweed,species
273831,53059,53,Plantae,Galium aparine,catchweed bedstraw,species
273866,49463,42,Plantae,Trillium ovatum,Pacific trillium,species
273866,47776,33,Mollusca,Ariolimax columbianus,Pacific Banana Slug,species
273866,60881,22,Plantae,Lonicera involucrata,twinberry honeysuckle,species
273866,47543,21,Plantae,Rubus spectabilis,Salmonberry,species
273866,49699,20,Animalia,Pisaster ochraceus,Ochre Sea Star,species
273866,27459,18,Amphibia,Batrachoseps attenuatus,California Slender Salamander,species
273866,51646,18,Plantae,Rubus parviflorus,thimbleberry,species
273866,57506,17,Plantae,Prosartes smithii,largeflower fairybells,species
273866,48441,16,Plantae,Gaultheria shallon,salal,species
273866,63939,16,Plantae,Maianthemum dilatatum,Western Lily of the Valley,species
277645,125570,4,Insecta,Junonia iphita,Chocolate Pansy,species
277645,204519,4,Aves,Halcyon smyrnensis,White-throated Kingfisher,species
277645,13858,3,Aves,Passer domesticus,House Sparrow,species
277645,52067,3,Insecta,Leptosia nina,Psyche,species
277645,107971,3,Insecta,Orthetrum pruinosum,Crimson-tailed Marsh Hawk,species
277645,145193,3,Aves,Cinnyris asiaticus,Purple Sunbird,species
277645,980260,3,Aves,Zosterops palpebrosus,Indian White-eye,species
277645,1097646,3,Insecta,Luthrodes pandava,Plains Cupid,species
277645,4871,2,Aves,Vanellus indicus,Red-wattled Lapwing,species
277645,4993,2,Aves,Ardeola grayii,Indian Pond-Heron,species
275087,9744,43,Aves,Agelaius phoeniceus,Red-winged Blackbird,species
275087,1454382,26,Aves,Nannopterum auritum,Double-crested Cormorant,species
275087,11935,22,Aves,Tachycineta bicolor,Tree Swallow,species
275087,6930,21,Aves,Anas platyrhynchos,Mallard,species
275087,7089,19,Aves,Branta canadensis,Canada Goose,species
275087,49288,15,Plantae,Podophyllum peltatum,mayapple,species
275087,9184,14,Aves,Zonotrichia albicollis,White-throated Sparrow,species
275087,12727,14,Aves,Turdus migratorius,American Robin,species
275087,67820,14,Plantae,Erigeron philadelphicus,Philadelphia fleabane,species
275087,4364,13,Aves,Larus delawarensis,Ring-billed Gull,species
274096,56739,4,Plantae,Ricinus communis,castor bean,species
274096,160705,3,Plantae,Cleome rutidosperma,Purple Cleome,species
274096,169944,3,Plantae,Tridax procumbens,Tridax Daisy,species
274096,319135,3,Plantae,Azadirachta indica,Neem,species
274096,553515,3,Amphibia,Rhinella marina,Cane Toad,species
274096,62811,2,Plantae,Carica papaya,Papaya,species
274096,62839,2,Plantae,Delonix regia,Flamboyant,species
274096,62924,2,Plantae,Catharanthus roseus,Madagascar Periwinkle,species
274096,78631,2,Plantae,Plumbago auriculata,blue plumbago,species
274096,131560,2,Plantae,Euphorbia hirta,Asthma Plant,species
275788,67835,37,Insecta,Danaus chrysippus,Plain Tiger Butterfly,species
275788,204454,25,Aves,Acridotheres tristis,Common Myna,species
275788,6925,24,Aves,Anas poecilorhyncha,Indian Spot-billed Duck,species
275788,8031,23,Aves,Corvus splendens,House Crow,species
275788,1289423,20,Aves,Argya striata,Jungle Babbler,species
275788,125577,19,Insecta,Belenois aurota,Pioneer White,species
275788,5268,17,Aves,Milvus migrans,Black Kite,species
275788,50333,16,Plantae,Lantana camara,common lantana,species
275788,2969,15,Aves,Streptopelia decaocto,Eurasian Collared-Dove,species
275788,4871,15,Aves,Vanellus indicus,Red-wattled Lapwing,species
277168,120917,51,Plantae,Calotropis procera,giant milkweed,species
277168,1289423,48,Aves,Argya striata,Jungle Babbler,species
277168,50333,46,Plantae,Lantana camara,common lantana,species
277168,67835,43,Insecta,Danaus chrysippus,Plain Tiger Butterfly,species
277168,3017,41,Aves,Columba livia,Rock Pigeon,species
277168,201282,41,Aves,Gallinula chloropus,Common Moorhen,species
277168,1204,34,Aves,Pavo cristatus,Indian Peafowl,species
277168,204454,34,Aves,Acridotheres tristis,Common Myna,species
277168,1585373,32,Aves,Ardea coromanda,Eastern Cattle-Egret,species
277168,4871,31,Aves,Vanellus indicus,Red-wattled Lapwing,species
278581,204454,5,Aves,Acridotheres tristis,Common Myna,species
278581,4871,4,Aves,Vanellus indicus,Red-wattled Lapwing,species
278581,558550,4,Aves,Motacilla maderaspatensis,White-browed Wagtail,species
278581,4743,3,Aves,Mycteria leucocephala,Painted Stork,species
278581,4954,3,Aves,Ardea cinerea,Grey Heron,species
278581,320002,3,Insecta,Acytolepis puspa,Common Hedge Blue,species
278581,1585373,3,Aves,Ardea coromanda,Eastern Cattle-Egret,species
278581,1204,2,Aves,Pavo cristatus,Indian Peafowl,species
278581,2599,2,Aves,Alcedo atthis,Common Kingfisher,species
278581,4943,2,Aves,Egretta garzetta,Little Egret,species
270270,51044,23,Plantae,Sanguinaria canadensis,bloodroot,species
270270,49288,21,Plantae,Podophyllum peltatum,mayapple,species
270270,56224,21,Plantae,Caltha palustris,marsh marigold,species
270270,48240,20,Plantae,Erythronium americanum,yellow trout lily,species
270270,9744,18,Aves,Agelaius phoeniceus,Red-winged Blackbird,species
270270,7089,15,Aves,Branta canadensis,Canada Goose,species
270270,54811,15,Plantae,Rhamnus cathartica,common buckthorn,species
270270,55629,15,Plantae,Erythronium albidum,white fawnlily,species
270270,12727,14,Aves,Turdus migratorius,American Robin,species
270270,56061,14,Plantae,Alliaria petiolata,garlic mustard,species
270170,502885,3,Mollusca,Lissachatina fulica,African Giant Snail,species
270170,146632,2,Insecta,Toxomerus politus,Maize Calligrapher,species
270170,10295,1,Aves,Thraupis episcopus,Blue-gray Tanager,species
270170,19018,1,Aves,Ara ararauna,Blue-and-yellow Macaw,species
270170,56252,1,Protozoa,Ceratiomyxa fruticulosa,Common Coral Slime,species
270170,67706,1,Arachnida,Argiope argentata,Silver Garden Orbweaver,species
270170,69973,1,Plantae,Annona squamosa,Sweetsop,species
270170,85032,1,Plantae,Parkia pendula,,species
270170,154979,1,Plantae,Mauritia flexuosa,moriche palm,species
270170,257335,1,Insecta,Xylophanes chiron,Leafy Sphinx,species
278682,49972,22,Insecta,Battus philenor,Pipevine Swallowtail,species
278682,51077,14,Plantae,Calochortus luteus,Yellow Mariposa Lily,species
278682,51080,9,Plantae,Toxicodendron diversilobum,Pacific poison oak,species
278682,36204,7,Reptilia,Sceloporus occidentalis,Western Fence Lizard,species
278682,54134,7,Fungi,Trametes versicolor,turkey-tail,species
278682,4364,6,Aves,Larus delawarensis,Ring-billed Gull,species
278682,32055,6,Reptilia,Elgaria multicarinata,Southern Alligator Lizard,species
278682,52106,6,Plantae,Streptanthus tortuosus,Mountain Jewelflower,species
278682,53348,6,Plantae,Aesculus californica,California buckeye,species
278682,57078,6,Plantae,Trifolium hirtum,Rose Clover,species
278729,48987,6,Insecta,Hippodamia convergens,Convergent Lady Beetle,species
278729,56573,3,Plantae,Chamaebatia foliolosa,Mountain Misery,species
278729,57081,3,Plantae,Trifolium willdenovii,tomcat clover,species
278729,58772,3,Plantae,Pinus sabiniana,gray pine,species
278729,473933,3,Fungi,Morchella snyderi,Natural Black Morel,species
278729,53313,2,Plantae,Trifolium dubium,Lesser hop trefoil,species
278729,57078,2,Plantae,Trifolium hirtum,Rose Clover,species
278729,62221,2,Plantae,Silene laciniata,cardinal catchfly,species
278729,63962,2,Plantae,Calycanthus occidentalis,California sweetshrub,species
278729,500004,2,Fungi,Morchella tridentina,Mountain Blond Morel,species
273555,52344,25,Plantae,Ipomoea purpurea,common morning-glory,species
273555,133287,25,Plantae,Solanum mauritianum,bugweed,species
273555,469308,23,Plantae,Diospyros lycioides,Bluebush,species
273555,1482308,21,Insecta,Telchinia serena,Dancing Amber,species
273555,3743,20,Aves,Bostrychia hagedash,Hadada Ibis,species
273555,50333,20,Plantae,Lantana camara,common lantana,species
273555,64119,18,Plantae,Opuntia ficus-indica,Indian fig opuntia,species
273555,77987,18,Plantae,Melinis repens,Natal Grass,species
273555,141634,18,Plantae,Leonotis nepetifolia,lion's ear,species
273555,1278857,16,Plantae,Coleus cylindraceus,Camphor Spurflower,species
275019,95995,18,Insecta,Brachythemis contaminata,Ditch Jewel,species
275019,3017,14,Aves,Columba livia,Rock Pigeon,species
275019,155026,12,Insecta,Tetraponera rufonigra,Arboreal Bicolored Slender Ant,species
275019,14870,7,Aves,Acridotheres grandis,Great Myna,species
275019,906577,7,Plantae,Seidenfadenia mitrata,,species
275019,3607,6,Aves,Geopelia striata,Zebra Dove,species
275019,245955,6,Insecta,Apis dorsata,Giant Honey Bee,species
275019,204454,5,Aves,Acridotheres tristis,Common Myna,species
275019,1119307,5,Plantae,Trichosanthes scabra,Dummela,species
275019,4871,3,Aves,Vanellus indicus,Red-wattled Lapwing,species
274972,12878,3,Aves,Catharus ustulatus,Swainson's Thrush,species
274972,4756,2,Aves,Cathartes aura,Turkey Vulture,species
274972,10295,2,Aves,Thraupis episcopus,Blue-gray Tanager,species
274972,1188207,2,Aves,Setophaga aestiva,Northern Yellow Warbler,species
274972,1987,1,Aves,Geococcyx velox,Lesser Roadrunner,species
274972,3460,1,Aves,Zenaida asiatica,White-winged Dove,species
274972,3580,1,Aves,Columbina talpacoti,Ruddy Ground Dove,species
274972,5186,1,Aves,Buteo brachyurus,Short-tailed Hawk,species
274972,9291,1,Aves,Euphonia affinis,Scrub Euphonia,species
274972,9325,1,Aves,Icterus spurius,Orchard Oriole,species
274557,1155386,91,Plantae,Agave cordillerensis,,species
274557,170140,59,Plantae,Verbascum phlomoides,Orange Mullein,species
274557,47219,57,Insecta,Apis mellifera,Western Honey Bee,species
274557,47602,54,Plantae,Taraxacum officinale,common dandelion,species
274557,606831,53,Plantae,Alternanthera porrigens,,species
274557,84002,48,Plantae,Tillandsia recurvata,ballmoss,species
274557,429041,46,Plantae,Dalea coerulea,Andean Blue Clover,species
274557,55745,45,Plantae,Trifolium repens,white clover,species
274557,132458,44,Plantae,Thunbergia alata,Black-eyed Susan vine,species
274557,48363,43,Plantae,Tecoma stans,yellow trumpet flower,species
274517,16447,8,Aves,Pyrocephalus rubinus,Vermilion Flycatcher,species
274517,47219,8,Insecta,Apis mellifera,Western Honey Bee,species
274517,84002,7,Plantae,Tillandsia recurvata,ballmoss,species
274517,122711,7,Plantae,Dodonaea viscosa,Akeake,species
274517,273633,7,Plantae,Echinocereus cinerascens,,species
274517,58334,6,Plantae,Nicotiana glauca,tree tobacco,species
274517,55607,5,Plantae,Senecio inaequidens,Narrow-leaved Ragwort,species
274517,132458,5,Plantae,Thunbergia alata,Black-eyed Susan vine,species
274517,791928,5,Plantae,Lysimachia arvensis,scarlet pimpernel,species
274517,1110060,5,Plantae,Lophocereus marginatus,Mexican Fence Post Cactus,species
265348,165750,2,Plantae,Nymphaea ampla,Dotleaf Waterlily,species
265348,210961,2,Plantae,Aechmea bracteata,vase bromeliad,species
265348,3751,1,Aves,Eudocimus albus,White Ibis,species
265348,4578,1,Aves,Jacana spinosa,Northern Jacana,species
265348,60439,1,Plantae,Caesalpinia pulcherrima,peacock flower,species
265348,61369,1,Plantae,Momordica charantia,Bitter Melon,species
265348,65860,1,Amphibia,Incilius valliceps,Central American Gulf Coast Toad,species
265348,130193,1,Plantae,Ipomoea imperati,beach morning-glory,species
265348,154298,1,Insecta,Halictus ligatus,Ligated Furrow Bee,species
265348,154466,1,Plantae,Alpinia purpurata,Red Ginger,species
269520,56061,20,Plantae,Alliaria petiolata,garlic mustard,species
269520,55830,16,Plantae,Glechoma hederacea,ground-ivy,species
269520,55851,14,Plantae,Lamium purpureum,red deadnettle,species
269520,319948,14,Insecta,Sialis lutaria,Common Alderfly,species
269520,56096,11,Insecta,Bibio marci,Hawthorn Fly,species
269520,389008,11,Animalia,Entomobrya nivalis,Cosmopolitan Springtail,species
269520,204339,10,Plantae,Lamium galeobdolon,yellow archangel,species
269520,204321,9,Plantae,Ficaria verna,lesser celandine,species
269520,51884,8,Plantae,Urtica dioica,great stinging nettle,species
269520,55876,8,Plantae,Lamium album,White deadnettle,species
265963,16100,2,Aves,Contopus virens,Eastern Wood-Pewee,species
265963,143208,2,Plantae,Syngonium podophyllum,Goosefoot-plant,species
265963,145239,2,Aves,Setophaga pensylvanica,Chestnut-sided Warbler,species
265963,1289601,2,Aves,Nannopterum brasilianum,Neotropic Cormorant,species
265963,519,1,Aves,Porphyrio martinica,Purple Gallinule,species
265963,1758,1,Aves,Piaya cayana,Common Squirrel-Cuckoo,species
265963,3460,1,Aves,Zenaida asiatica,White-winged Dove,species
265963,4328,1,Aves,Pelecanus occidentalis,Brown Pelican,species
265963,4578,1,Aves,Jacana spinosa,Northern Jacana,species
265963,4719,1,Aves,Herpetotheres cachinnans,Laughing Falcon,species
270175,148464,4,Insecta,Parides montezuma,Montezuma's Cattleheart,species
270175,19670,3,Aves,Nyctibius jamaicensis,Northern Potoo,species
270175,131167,3,Plantae,Melanthera nivea,Snow Squarestem,species
270175,1972,2,Aves,Crotophaga sulcirostris,Groove-billed Ani,species
270175,4765,2,Aves,Coragyps atratus,Black Vulture,species
270175,181901,2,Plantae,Zinnia elegans,Elegant Zinnia,species
270175,243637,2,Plantae,Lantana horrida,,species
270175,258237,2,Insecta,Synargis mycone,Rusty Metalmark,species
270175,285777,2,Plantae,Neea psychotrioides,,species
270175,782079,2,Plantae,Pleopeltis polypodioides,tropical resurrection fern,species
274757,4999,36,Aves,Nyctanassa violacea,Yellow-crowned Night Heron,species
274757,35342,25,Reptilia,Iguana iguana,Green Iguana,species
274757,4328,24,Aves,Pelecanus occidentalis,Brown Pelican,species
274757,5020,23,Aves,Butorides virescens,Green Heron,species
274757,3751,22,Aves,Eudocimus albus,White Ibis,species
274757,9607,21,Aves,Quiscalus mexicanus,Great-tailed Grackle,species
274757,18206,16,Aves,Melanerpes chrysogenys,Golden-cheeked Woodpecker,species
274757,165586,15,Plantae,Muntingia calabura,calabur tree,species
274757,12714,13,Aves,Turdus rufopalliatus,Rufous-backed Robin,species
274757,6893,12,Aves,Dendrocygna autumnalis,Black-bellied Whistling-Duck,species
279875,67706,12,Arachnida,Argiope argentata,Silver Garden Orbweaver,species
279875,3469,6,Aves,Zenaida meloda,West Peruvian Dove,species
279875,9864,6,Aves,Sicalis flaveola,Saffron Finch,species
279875,49761,6,Insecta,Anartia jatrophae,White Peacock,species
279875,1289649,6,Aves,Amazilis amazilia,Amazilia Hummingbird,species
279875,10199,5,Aves,Coereba flaveola,Bananaquit,species
279875,10371,5,Aves,Molothrus bonariensis,Shiny Cowbird,species
279875,14881,5,Aves,Mimus longicaudatus,Long-tailed Mockingbird,species
279875,39074,5,Reptilia,Microlophus occipitalis,Knobbed Pacific Iguana,species
279875,47219,5,Insecta,Apis mellifera,Western Honey Bee,species
278092,4334,3,Aves,Pelecanus erythrorhynchos,American White Pelican,species
278092,19975,3,Aves,Athene cunicularia,Burrowing Owl,species
278092,75334,3,Plantae,Allionia incarnata,Trailing Windmills,species
278092,79495,3,Plantae,Verbesina encelioides,cowpen daisy,species
278092,473,2,Aves,Fulica americana,American Coot,species
278092,3454,2,Aves,Zenaida macroura,Mourning Dove,species
278092,4246,2,Aves,Podilymbus podiceps,Pied-billed Grebe,species
278092,49325,2,Plantae,Fouquieria splendens,ocotillo,species
278092,78445,2,Plantae,Perityle emoryi,Emory's rockdaisy,species
278092,145255,2,Aves,Setophaga townsendi,Townsend's Warbler,species
278798,116461,32,Reptilia,Anolis sagrei,Brown Anole,species
278798,49591,21,Actinopterygii,Lepomis macrochirus,Bluegill,species
278798,36514,20,Reptilia,Anolis carolinensis,Green Anole,species
278798,40085,20,Reptilia,Gopherus polyphemus,Gopher Tortoise,species
278798,48957,19,Insecta,Arilus cristatus,North American Wheel Bug,species
278798,116999,18,Aves,Pandion haliaetus,Osprey,species
278798,26159,17,Reptilia,Alligator mississippiensis,American Alligator,species
278798,46017,17,Mammalia,Sciurus carolinensis,Eastern Gray Squirrel,species
278798,128717,17,Plantae,Erythrina herbacea,Eastern Coral Bean,species
278798,466003,17,Insecta,Romalea microptera,Eastern Lubber Grasshopper,species
279553,520984,6,Insecta,Hylogomphus viridifrons,Green-faced Clubtail,species
279553,520977,5,Insecta,Gomphurus fraternus,Midland Clubtail,species
279553,50278,4,Plantae,Parthenocissus quinquefolia,Virginia creeper,species
279553,67820,4,Plantae,Erigeron philadelphicus,Philadelphia fleabane,species
279553,133814,4,Insecta,Gomphurus vastus,Cobra Clubtail,species
279553,56088,3,Plantae,Robinia pseudoacacia,black locust,species
279553,128078,3,Plantae,Carex grayi,Gray's sedge,species
279553,199840,3,Aves,Haemorhous mexicanus,House Finch,species
279553,14886,2,Aves,Mimus polyglottos,Northern Mockingbird,species
279553,43111,2,Mammalia,Sylvilagus floridanus,Eastern Cottontail,species
279494,481650,14,Insecta,Disholcaspis mellifica,,species
279494,62218,12,Plantae,Camassia leichtlinii,great camas,species
279494,77960,10,Plantae,Marah oregana,coastal manroot,species
279494,51062,9,Plantae,Maianthemum racemosum,Solomon's plume,species
279494,55563,9,Plantae,Bellis perennis,Lawn daisy,species
279494,48548,8,Insecta,Vanessa cardui,Painted Lady,species
279494,51655,8,Plantae,Tellima grandiflora,fringe cups,species
279494,77255,8,Plantae,Geranium lucidum,Shining Crane's-bill,species
279494,6930,7,Aves,Anas platyrhynchos,Mallard,species
279494,48225,7,Plantae,Eschscholzia californica,California poppy,species
279518,4835,4,Aves,Himantopus himantopus,Black-winged Stilt,species
279518,1677,3,Aves,Centropus sinensis,Greater Coucal,species
279518,4775,3,Aves,Anastomus oscitans,Asian Openbill,species
279518,14593,3,Aves,Pycnonotus cafer,Red-vented Bulbul,species
279518,68499,3,Aves,Psittacula cyanocephala,Plum-headed Parakeet,species
279518,145031,3,Aves,Copsychus fulicatus,Indian Robin,species
279518,356161,3,Plantae,Helicteres isora,East Indian screw tree,species
279518,199,2,Aves,Amaurornis phoenicurus,White-breasted Waterhen,species
279518,1138,2,Aves,Galloperdix lunulata,Painted Spurfowl,species
279518,1204,2,Aves,Pavo cristatus,Indian Peafowl,species
275074,49463,3,Plantae,Trillium ovatum,Pacific trillium,species
275074,59013,3,Plantae,Collinsia parviflora,small-flowered blue-eyed mary,species
275074,60496,3,Plantae,Erythronium grandiflorum,Glacier Lily,species
275074,68049,3,Plantae,Arctostaphylos uva-ursi,bearberry,species
275074,77155,3,Plantae,Fragaria virginiana,Virginia strawberry,species
275074,48256,2,Plantae,Pseudotsuga menziesii,Douglas-fir,species
275074,50298,2,Plantae,Fragaria vesca,woodland strawberry,species
275074,57460,2,Plantae,Geum triflorum,prairie smoke,species
275074,59029,2,Plantae,Verbascum thapsus,great mullein,species
275074,69849,2,Plantae,Larix occidentalis,western larch,species
279618,16787,3,Aves,Tyrannus melancholicus,Tropical Kingbird,species
279618,10056,2,Aves,Ramphocelus carbo,Silver-beaked Tanager,species
279618,16956,2,Aves,Pitangus sulphuratus,Great Kiskadee,species
279618,20729,2,Aves,Trogon curucui,Blue-crowned Trogon,species
279618,43390,2,Mammalia,Saguinus imperator,Black-chinned Emperor Tamarin,species
279618,2079,1,Aves,Ortalis guttata,Speckled Chachalaca,species
279618,3580,1,Aves,Columbina talpacoti,Ruddy Ground Dove,species
279618,4742,1,Aves,Mycteria americana,Wood Stork,species
279618,4765,1,Aves,Coragyps atratus,Black Vulture,species
279618,10146,1,Aves,Ammodramus aurifrons,Yellow-browed Sparrow,species
275058,161945,38,Plantae,Diplacus longiflorus,southern bush monkeyflower,species
275058,48225,25,Plantae,Eschscholzia californica,California poppy,species
275058,36204,24,Reptilia,Sceloporus occidentalis,Western Fence Lizard,species
275058,36094,23,Reptilia,Uta stansburiana,Common Side-blotched Lizard,species
275058,51735,20,Plantae,Clarkia unguiculata,Elegant Clarkia,species
275058,58191,19,Plantae,Salvia leucophylla,purple sage,species
275058,58359,19,Plantae,Calochortus clavatus,Clubhair Mariposa Lily,species
275058,54999,15,Plantae,Eriogonum fasciculatum,California Buckwheat,species
275058,50643,13,Plantae,Salvia mellifera,black sage,species
275058,76979,12,Plantae,Eriogonum crocatum,Conejo buckwheat,species
276018,319135,199,Plantae,Azadirachta indica,Neem,species
276018,48872,129,Plantae,Mangifera indica,Indian mango,species
276018,67574,80,Plantae,Calotropis gigantea,crown flower,species
276018,62811,67,Plantae,Carica papaya,Papaya,species
276018,3017,64,Aves,Columba livia,Rock Pigeon,species
276018,31281,42,Reptilia,Calotes versicolor,Oriental Garden Lizard,species
276018,1609449,41,Plantae,Pongamia pinnata,Indian beech tree,species
276018,127514,38,Plantae,Ficus religiosa,Sacred fig,species
276018,332889,38,Plantae,Peltophorum pterocarpum,Yellow Flame Tree,species
276018,1579705,37,Plantae,Bergera koenigii,Curry Leaf,species
279504,99331,2,Insecta,Diplacodes trivialis,Chalky Percher,species
279504,5062,1,Aves,Anhinga melanogaster,Oriental Darter,species
279504,51791,1,Insecta,Cepora nerissa,Common Gull,species
279504,52055,1,Insecta,Crocothemis servilia,Scarlet Skimmer,species
279504,62839,1,Plantae,Delonix regia,Flamboyant,species
279047,354252,11,Plantae,Derris trifoliata,Common Derris,species
279047,8031,7,Aves,Corvus splendens,House Crow,species
279047,56739,7,Plantae,Ricinus communis,castor bean,species
279047,3888,5,Aves,Tringa glareola,Wood Sandpiper,species
279047,52055,5,Insecta,Crocothemis servilia,Scarlet Skimmer,species
279047,67574,5,Plantae,Calotropis gigantea,crown flower,species
279047,31281,4,Reptilia,Calotes versicolor,Oriental Garden Lizard,species
279047,50333,4,Plantae,Lantana camara,common lantana,species
279047,133607,4,Plantae,Lagerstroemia speciosa,Giant Crepe-myrtle,species
279047,165529,4,Plantae,Moringa oleifera,Moringa tree,species
279598,52055,12,Insecta,Crocothemis servilia,Scarlet Skimmer,species
279598,97060,12,Insecta,Ceriagrion coromandelianum,Coromandel Marsh Dart,species
279598,1505780,11,Aves,Anarhynchus atrifrons,Tibetan Sand-Plover,species
279598,199,9,Aves,Amaurornis phoenicurus,White-breasted Waterhen,species
279598,201282,9,Aves,Gallinula chloropus,Common Moorhen,species
279598,3852,8,Aves,Calidris tenuirostris,Great Knot,species
279598,95995,8,Insecta,Brachythemis contaminata,Ditch Jewel,species
279598,107003,8,Insecta,Neurothemis fulvia,Russet Percher,species
279598,148396,8,Arachnida,Telamonia dimidiata,Two-striped Telamonia,species
279598,1289423,8,Aves,Argya striata,Jungle Babbler,species
279599,67835,6,Insecta,Danaus chrysippus,Plain Tiger Butterfly,species
279599,68681,6,Plantae,Butea monosperma,Flame of The Forest,species
279599,4943,5,Aves,Egretta garzetta,Little Egret,species
279599,67574,5,Plantae,Calotropis gigantea,crown flower,species
279599,8277,4,Aves,Dicrurus macrocercus,Black Drongo,species
279599,50333,4,Plantae,Lantana camara,common lantana,species
279599,114490,4,Insecta,Trithemis pallidinervis,Dancing Dropwing,species
279599,133607,4,Plantae,Lagerstroemia speciosa,Giant Crepe-myrtle,species
279599,345556,4,Plantae,Borassus flabellifer,Asian Palmyra Palm,species
279599,427116,4,Plantae,Madhuca longifolia,Mahua,species
279628,47219,13,Insecta,Apis mellifera,Western Honey Bee,species
279628,48363,13,Plantae,Tecoma stans,yellow trumpet flower,species
279628,480298,12,Mollusca,Cornu aspersum,Garden Snail,species
279628,56739,11,Plantae,Ricinus communis,castor bean,species
279628,144455,10,Aves,Ardea alba,Great Egret,species
279628,78358,8,Plantae,Passiflora tarminiana,Banana passionfruit,species
279628,122711,7,Plantae,Dodonaea viscosa,Akeake,species
279628,49569,6,Plantae,Tillandsia usneoides,Spanish moss,species
279628,53326,6,Plantae,Vinca major,greater periwinkle,species
279628,132458,6,Plantae,Thunbergia alata,Black-eyed Susan vine,species
279758,145630,1,Insecta,Micronia aculeata,Grey Swallowtail Moth,species
279758,324446,1,Insecta,Hyarotis adrastus,Tree Flitter,species
279758,891441,1,Insecta,Pyrops azureus,,species
279876,1677,1,Aves,Centropus sinensis,Greater Coucal,species
279876,2212,1,Aves,Merops philippinus,Blue-tailed Bee-eater,species
279876,204454,1,Aves,Acridotheres tristis,Common Myna,species
280002,4264,2,Aves,Phalacrocorax fuscicollis,Indian Cormorant,species
280002,2229,1,Aves,Merops orientalis,Asian Green Bee-eater,species
280002,3017,1,Aves,Columba livia,Rock Pigeon,species
280002,3738,1,Aves,Threskiornis melanocephalus,Black-headed Ibis,species
280002,3837,1,Aves,Calidris temminckii,Temminck's Stint,species
280002,3838,1,Aves,Calidris minuta,Little Stint,species
280002,3863,1,Aves,Calidris ferruginea,Curlew Sandpiper,species
280002,4259,1,Aves,Phoeniconaias minor,Lesser Flamingo,species
280002,4270,1,Aves,Phalacrocorax carbo,Great Cormorant,species
280002,4333,1,Aves,Pelecanus crispus,Dalmatian Pelican,species
279760,7018,52,Aves,Anser anser,Greylag Goose,species
279760,56061,26,Plantae,Alliaria petiolata,garlic mustard,species
279760,12716,18,Aves,Turdus merula,Eurasian Blackbird,species
279760,55851,18,Plantae,Lamium purpureum,red deadnettle,species
279760,3048,17,Aves,Columba palumbus,Common Wood-Pigeon,species
279760,6930,16,Aves,Anas platyrhynchos,Mallard,species
279760,55830,15,Plantae,Glechoma hederacea,ground-ivy,species
279760,482,13,Aves,Fulica atra,Eurasian Coot,species
279760,48586,12,Mollusca,Cepaea nemoralis,Brown-lipped Snail,species
279760,204321,12,Plantae,Ficaria verna,lesser celandine,species
279854,60921,1,Insecta,Icerya purchasi,Cottony cushion scale,species
279854,437335,1,Plantae,Austrocactus bertinii,,species
279854,817086,1,Arachnida,Cybaeodamus enigmaticus,,species
279851,1038410,4,Insecta,Burnsius orcus,Orcus Checkered-Skipper,species
279851,1040809,3,Insecta,Junonia genoveva,Common Mangrove Buckeye,species
279851,49761,2,Insecta,Anartia jatrophae,White Peacock,species
279851,50333,2,Plantae,Lantana camara,common lantana,species
279851,1979,1,Aves,Guira guira,Guira Cuckoo,species
279851,8898,1,Aves,Phytotoma rutila,White-tipped Plantcutter,species
279851,11275,1,Aves,Furnarius rufus,Rufous Hornero,species
279851,19349,1,Aves,Myiopsitta monachus,Monk Parakeet,species
279851,49150,1,Insecta,Dione vanillae,Gulf Fritillary,species
279851,68275,1,Insecta,Battus polydamas,Polydamas Swallowtail,species
279850,8484,2,Aves,Cyanocorax chrysops,Plush-crested Jay,species
279850,10293,2,Aves,Thraupis sayaca,Sayaca Tanager,species
279850,120583,2,Arachnida,Parasteatoda tepidariorum,Common House Spider,species
279850,900681,2,Plantae,Cupania vernalis,,species
279850,9183,1,Aves,Zonotrichia capensis,Rufous-collared Sparrow,species
279850,16956,1,Aves,Pitangus sulphuratus,Great Kiskadee,species
279850,50333,1,Plantae,Lantana camara,common lantana,species
279850,52344,1,Plantae,Ipomoea purpurea,common morning-glory,species
279850,62859,1,Plantae,Psidium guajava,Common guava,species
279850,67107,1,Amphibia,Rhinella diptycha,Cururu Toad,species
279848,258114,2,Insecta,Mechanitis lysimnia,Lysimnia Tigerwing,species
279848,10090,1,Aves,Phrygilus atriceps,Black-hooded Sierra-Finch,species
279848,10254,1,Aves,Paroaria coronata,Red-crested Cardinal,species
279848,14882,1,Aves,Mimus dorsalis,Brown-backed Mockingbird,species
279848,14883,1,Aves,Mimus patagonicus,Patagonian Mockingbird,species
279848,20711,1,Aves,Tinamotis pentlandii,Puna Tinamou,species
279848,58058,1,Plantae,Heliotropium curassavicum,alkali heliotrope,species
279848,146349,1,Reptilia,Philodryas aestiva,Brazilian Green Racer,species
279848,424156,1,Arachnida,Alpaida veniliae,,species
279848,430578,1,Plantae,Cenchrus longisetus,feathertop,species
279845,30693,1,Reptilia,Crotalus durissus,Neotropical Rattlesnake,species
279845,126287,1,Arachnida,Scytodes univittata,,species
279845,1472999,1,Fungi,Lysurus sphaerocephalus,,species
279844,79143,2,Plantae,Solanum sisymbriifolium,Red Buffalo-bur,species
279844,159204,2,Plantae,Begonia cucullata,Wax begonia,species
279844,1067762,2,Plantae,Chromolaena christieana,,species
279844,1412045,2,Fungi,Irpex rosettiformis,poretooth rosette,species
279844,1470588,2,Plantae,Macroscepis grandiflora,,species
279844,10694,1,Aves,Amblyramphus holosericeus,Scarlet-headed Blackbird,species
279844,48475,1,Fungi,Ganoderma,"Artist's Brackets, Reishi, and Allies",genus
279844,50065,1,Insecta,Danaus eresimus,Soldier,species
279844,62937,1,Plantae,Allamanda cathartica,Golden Trumpet,species
279844,67440,1,Insecta,Utetheisa ornatrix,Ornate Bella Moth,species
279841,258026,3,Insecta,Doxocopa cyane,Cyan Emperor,species
279841,11317,2,Aves,Asthenes maculicauda,Scribble-tailed Canastero,species
279841,11493,2,Aves,Upucerthia validirostris,Buff-breasted Earthcreeper,species
279841,42240,2,Mammalia,Lama guanicoe,Guanaco,species
279841,49761,2,Insecta,Anartia jatrophae,White Peacock,species
279841,141752,2,Insecta,Biblis hyperia,Southern Red Rim,species
279841,320746,2,Insecta,Chromacris speciosa,Soldier Grasshopper,species
279841,705321,2,Plantae,Cnicothamnus lorentzii,,species
279841,904336,2,Arachnida,Trichonephila clavipes,Golden Silk Spider,species
279841,950658,2,Plantae,Justicia goudotii,,species
279840,17319,12,Aves,Colorhamphus parvirostris,Patagonian Tyrant,species
279840,11766,7,Aves,Aphrastura spinicauda,Thorn-tailed Rayadito,species
279840,1289529,7,Aves,Pyrope pyrope,Fire-eyed Diucon,species
279840,18283,6,Aves,Campephilus magellanicus,Magellanic Woodpecker,species
279840,16433,4,Aves,Anairetes parulus,Tufted Tit-Tyrant,species
279840,1432781,3,Aves,Daptrius chimango,Chimango Caracara,species
279840,1579013,3,Aves,Astur chilensis,Chilean Hawk,species
279840,4198,2,Aves,Macronectes giganteus,Southern Giant Petrel,species
279840,10089,2,Aves,Phrygilus patagonicus,Patagonian Sierra-Finch,species
279840,10307,2,Aves,Curaeus curaeus,Austral Blackbird,species
279839,67706,5,Arachnida,Argiope argentata,Silver Garden Orbweaver,species
279839,4715,2,Aves,Caracara plancus,Crested Caracara,species
279839,48484,2,Insecta,Harmonia axyridis,Asian Lady Beetle,species
279839,71230,2,Plantae,Tessaria absinthioides,,species
279839,488,1,Aves,Fulica armillata,Red-gartered Coot,species
279839,3102,1,Aves,Patagioenas picazuro,Picazuro Pigeon,species
279839,3105,1,Aves,Patagioenas maculosa,Spot-winged Pigeon,species
279839,3439,1,Aves,Zenaida auriculata,Eared Dove,species
279839,4388,1,Aves,Larus dominicanus,Kelp Gull,species
279839,12751,1,Aves,Turdus falcklandii,Austral Thrush,species
279838,19975,5,Aves,Athene cunicularia,Burrowing Owl,species
279838,14878,4,Aves,Mimus saturninus,Chalk-browed Mockingbird,species
279838,49150,4,Insecta,Dione vanillae,Gulf Fritillary,species
279838,6910,3,Aves,Chauna torquata,Southern Screamer,species
279838,10254,3,Aves,Paroaria coronata,Red-crested Cardinal,species
279838,10708,3,Aves,Pseudoleistes virescens,Brown-and-yellow Marshbird,species
279838,11275,3,Aves,Furnarius rufus,Rufous Hornero,species
279838,11589,3,Aves,Lepidocolaptes angustirostris,Narrow-billed Woodcreeper,species
279838,16134,3,Aves,Xolmis irupero,White Monjita,species
279838,18250,3,Aves,Colaptes melanochloros,Green-barred Woodpecker,species
279835,49150,10,Insecta,Dione vanillae,Gulf Fritillary,species
279835,50340,6,Insecta,Hylephila phyleus,Fiery Skipper,species
279835,424212,6,Insecta,Hypanartia bella,Bella Mapwing,species
279835,539113,6,Plantae,Lycium cestroides,Herzog cestrum,species
279835,1075183,6,Insecta,Eurata patagiata,,species
279835,52344,5,Plantae,Ipomoea purpurea,common morning-glory,species
279835,56891,5,Plantae,Aloysia gratissima,Whitebrush,species
279835,153439,5,Plantae,Zinnia peruviana,Peruvian zinnia,species
279835,367564,5,Aves,Thectocercus acuticaudatus,Blue-crowned Parakeet,species
279835,3105,4,Aves,Patagioenas maculosa,Spot-winged Pigeon,species
279833,19975,15,Aves,Athene cunicularia,Burrowing Owl,species
279833,16956,14,Aves,Pitangus sulphuratus,Great Kiskadee,species
279833,4867,12,Aves,Vanellus chilensis,Southern Lapwing,species
279833,9183,12,Aves,Zonotrichia capensis,Rufous-collared Sparrow,species
279833,1432781,12,Aves,Daptrius chimango,Chimango Caracara,species
279833,10670,9,Aves,Embernagra platensis,Great Pampa-Finch,species
279833,4229,8,Aves,Podiceps major,Great Grebe,species
279833,10371,8,Aves,Molothrus bonariensis,Shiny Cowbird,species
279833,14878,8,Aves,Mimus saturninus,Chalk-browed Mockingbird,species
279833,14885,8,Aves,Mimus triurus,White-banded Mockingbird,species
279824,49150,27,Insecta,Dione vanillae,Gulf Fritillary,species
279824,51534,21,Insecta,Leptotes cassius,Cassius Blue,species
279824,372267,14,Plantae,Chloraea membranacea,Membranous Greenhood,species
279824,126299,13,Insecta,Danaus erippus,Southern Monarch,species
279824,126384,12,Insecta,Tegosa claudina,Claudina Crescent,species
279824,1432781,11,Aves,Daptrius chimango,Chimango Caracara,species
279824,16956,10,Aves,Pitangus sulphuratus,Great Kiskadee,species
279824,50340,10,Insecta,Hylephila phyleus,Fiery Skipper,species
279824,9864,9,Aves,Sicalis flaveola,Saffron Finch,species
279824,334715,9,Insecta,Eurema deva,Deva yellow,species
277502,4747,2,Aves,Vultur gryphus,Andean Condor,species
277502,19349,2,Aves,Myiopsitta monachus,Monk Parakeet,species
277502,14878,1,Aves,Mimus saturninus,Chalk-browed Mockingbird,species
277502,29100,1,Reptilia,Philodryas trilineata,Mousehole Snake,species
277502,47383,1,Arachnida,Latrodectus geometricus,Brown Widow,species
277502,47406,1,Plantae,Spartium junceum,Spanish Broom,species
277502,49150,1,Insecta,Dione vanillae,Gulf Fritillary,species
277502,51493,1,Insecta,Trimerotropis pallidipennis,Pallid-winged Grasshopper,species
277502,53294,1,Plantae,Sonchus oleraceus,Common Sow-thistle,species
277502,61009,1,Plantae,Lathyrus latifolius,broad-leaved sweet pea,species
279703,41963,1,Mammalia,Panthera pardus,Leopard,species
279705,4871,1,Aves,Vanellus indicus,Red-wattled Lapwing,species
279705,14593,1,Aves,Pycnonotus cafer,Red-vented Bulbul,species
279705,62839,1,Plantae,Delonix regia,Flamboyant,species
279705,68681,1,Plantae,Butea monosperma,Flame of The Forest,species
279705,281571,1,Insecta,Amata cyssea,Seven-spotted Handmaiden Moth,species
279593,204454,3,Aves,Acridotheres tristis,Common Myna,species
279593,95995,2,Insecta,Brachythemis contaminata,Ditch Jewel,species
279593,490629,2,Insecta,Camponotus compressus,Indian Black Ant,species
279593,3017,1,Aves,Columba livia,Rock Pigeon,species
279593,4993,1,Aves,Ardeola grayii,Indian Pond-Heron,species
279593,7711,1,Aves,Prinia socialis,Ashy Prinia,species
279593,8277,1,Aves,Dicrurus macrocercus,Black Drongo,species
279593,20969,1,Aves,Upupa epops,Common Hoopoe,species
279593,45936,1,Mammalia,Funambulus pennantii,Five-striped Palm Squirrel,species
279593,67574,1,Plantae,Calotropis gigantea,crown flower,species
279541,117293,2,Insecta,Oecophylla smaragdina,Asian Weaver Ant,species
279541,48872,1,Plantae,Mangifera indica,Indian mango,species
279541,51576,1,Insecta,Graphium doson,Common Jay,species
279541,67835,1,Insecta,Danaus chrysippus,Plain Tiger Butterfly,species
279541,82231,1,Insecta,Periplaneta americana,American Cockroach,species
279541,281371,1,Plantae,Samanea saman,Monkey pod tree,species
279541,538237,1,Insecta,Delta conoideum,,species
279541,1455922,1,Aves,Spilopelia senegalensis,Laughing Dove,species
274116,14593,21,Aves,Pycnonotus cafer,Red-vented Bulbul,species
274116,4871,20,Aves,Vanellus indicus,Red-wattled Lapwing,species
274116,165529,19,Plantae,Moringa oleifera,Moringa tree,species
274116,1455922,19,Aves,Spilopelia senegalensis,Laughing Dove,species
274116,131560,17,Plantae,Euphorbia hirta,Asthma Plant,species
274116,145031,17,Aves,Copsychus fulicatus,Indian Robin,species
274116,120917,16,Plantae,Calotropis procera,giant milkweed,species
274116,4993,14,Aves,Ardeola grayii,Indian Pond-Heron,species
274116,161584,14,Plantae,Dalbergia sissoo,Indian Rosewood,species
274116,319135,14,Plantae,Azadirachta indica,Neem,species
279570,8026,2,Aves,Corvus macrorhynchos,Large-billed Crow,species
279570,8031,2,Aves,Corvus splendens,House Crow,species
279570,72848,2,Aves,Eumyias thalassinus,Verditer Flycatcher,species
279570,125570,2,Insecta,Junonia iphita,Chocolate Pansy,species
279570,204454,2,Aves,Acridotheres tristis,Common Myna,species
279570,338194,2,Insecta,Apis cerana,Asian Honey Bee,species
279570,367546,2,Aves,Psilopogon asiaticus,Blue-throated Barbet,species
279570,1902,1,Aves,Cuculus poliocephalus,Lesser Cuckoo,species
279570,2927,1,Aves,Streptopelia orientalis,Oriental Turtle-Dove,species
279570,8267,1,Aves,Dicrurus hottentottus,Hair-crested Drongo,species
279784,50333,2,Plantae,Lantana camara,common lantana,species
279784,62811,1,Plantae,Carica papaya,Papaya,species
279784,169518,1,Plantae,Syzygium cumini,Java plum,species
279784,319135,1,Plantae,Azadirachta indica,Neem,species
279790,882,2,Aves,Gallus gallus,Red Junglefowl,species
279790,62811,1,Plantae,Carica papaya,Papaya,species
279790,67574,1,Plantae,Calotropis gigantea,crown flower,species
279790,204491,1,Aves,Copsychus saularis,Oriental Magpie-Robin,species
279790,319135,1,Plantae,Azadirachta indica,Neem,species
279800,126633,2,Plantae,Ruellia simplex,Mexican Ruellia,species
279800,165529,2,Plantae,Moringa oleifera,Moringa tree,species
279800,285850,2,Plantae,Sesamum indicum,Sesame,species
279800,199,1,Aves,Amaurornis phoenicurus,White-breasted Waterhen,species
279800,48363,1,Plantae,Tecoma stans,yellow trumpet flower,species
279800,48872,1,Plantae,Mangifera indica,Indian mango,species
279800,50333,1,Plantae,Lantana camara,common lantana,species
279800,51737,1,Plantae,Solanum lycopersicum,tomato,species
279800,69973,1,Plantae,Annona squamosa,Sweetsop,species
279800,126424,1,Plantae,Parthenium hysterophorus,Santa Maria feverfew,species
279811,145031,2,Aves,Copsychus fulicatus,Indian Robin,species
279811,53492,1,Reptilia,Naja naja,Indian Cobra,species
279811,62811,1,Plantae,Carica papaya,Papaya,species
279753,82231,2,Insecta,Periplaneta americana,American Cockroach,species
279753,3738,1,Aves,Threskiornis melanocephalus,Black-headed Ibis,species
279753,8031,1,Aves,Corvus splendens,House Crow,species
279753,14593,1,Aves,Pycnonotus cafer,Red-vented Bulbul,species
279753,51583,1,Insecta,Papilio demoleus,Lime Swallowtail,species
279753,52067,1,Insecta,Leptosia nina,Psyche,species
279753,59353,1,Mollusca,Neverita didyma,Bladder Moon Snail,species
279753,67574,1,Plantae,Calotropis gigantea,crown flower,species
279753,125443,1,Arachnida,Plexippus petersi,Common Housefly Catcher,species
279753,125570,1,Insecta,Junonia iphita,Chocolate Pansy,species
279692,782600,9,Insecta,Lophyra cancellata,,species
279692,67835,7,Insecta,Danaus chrysippus,Plain Tiger Butterfly,species
279692,319135,7,Plantae,Azadirachta indica,Neem,species
279692,1204,5,Aves,Pavo cristatus,Indian Peafowl,species
279692,31281,5,Reptilia,Calotes versicolor,Oriental Garden Lizard,species
279692,199400,4,Plantae,Chromolaena odorata,Siam weed,species
279692,8277,3,Aves,Dicrurus macrocercus,Black Drongo,species
279692,99331,3,Insecta,Diplacodes trivialis,Chalky Percher,species
279692,951137,3,Insecta,Myriochila undulata,,species
279692,1493141,3,Plantae,Neltuma juliflora,mesquite,species
279658,1789,1,Aves,Clamator jacobinus,Pied Cuckoo,species
279658,4993,1,Aves,Ardeola grayii,Indian Pond-Heron,species
279658,5375,1,Aves,Butastur teesa,White-eyed Buzzard,species
279658,8277,1,Aves,Dicrurus macrocercus,Black Drongo,species
279658,8305,1,Aves,Dendrocitta vagabunda,Rufous Treepie,species
279658,12910,1,Aves,Saxicola caprata,Pied Bushchat,species
279658,14610,1,Aves,Pycnonotus luteolus,White-browed Bulbul,species
279658,20867,1,Aves,Turnix suscitator,Barred Buttonquail,species
279658,96386,1,Aves,Cacomantis passerinus,Grey-bellied Cuckoo,species
279658,144733,1,Aves,Oriolus kundoo,Indian Golden Oriole,species
279682,46030,5,Mammalia,Ratufa indica,Indian Giant Squirrel,species
279682,74111,3,Mammalia,Bos gaurus,Gaur,species
279682,74659,3,Mammalia,Muntiacus vaginalis,Northern Red Muntjac,species
279682,75602,3,Plantae,Asclepias curassavica,tropical milkweed,species
279682,155483,3,Plantae,Phytolacca octandra,Inkweed,species
279682,31388,2,Reptilia,Salea horsfieldii,Horsfield's Spiny Lizard,species
279682,50333,2,Plantae,Lantana camara,common lantana,species
279682,132458,2,Plantae,Thunbergia alata,Black-eyed Susan vine,species
279682,199,1,Aves,Amaurornis phoenicurus,White-breasted Waterhen,species
279682,1204,1,Aves,Pavo cristatus,Indian Peafowl,species
279751,67574,13,Plantae,Calotropis gigantea,crown flower,species
279751,50333,7,Plantae,Lantana camara,common lantana,species
279751,52055,7,Insecta,Crocothemis servilia,Scarlet Skimmer,species
279751,119099,6,Plantae,Jatropha gossypiifolia,Bellyache Bush,species
279751,99331,5,Insecta,Diplacodes trivialis,Chalky Percher,species
279751,319135,5,Plantae,Azadirachta indica,Neem,species
279751,56739,4,Plantae,Ricinus communis,castor bean,species
279751,169944,4,Plantae,Tridax procumbens,Tridax Daisy,species
279751,349135,4,Insecta,Byblia ilithyia,Spotted Joker,species
279751,4993,3,Aves,Ardeola grayii,Indian Pond-Heron,species
279762,68679,2,Plantae,Cassia fistula,Golden Shower Tree,species
279762,43460,1,Mammalia,Macaca mulatta,Rhesus Macaque,species
279762,68654,1,Plantae,Dalbergia latifolia,Bombay Rosewood,species
279762,99331,1,Insecta,Diplacodes trivialis,Chalky Percher,species
279762,120917,1,Plantae,Calotropis procera,giant milkweed,species
279762,204454,1,Aves,Acridotheres tristis,Common Myna,species
279762,319135,1,Plantae,Azadirachta indica,Neem,species
279762,851888,1,Plantae,Guilandina bonduc,Nickernut,species
279762,934229,1,Insecta,Platypleura capitata,,species
279762,979665,1,Aves,Coracias benghalensis,Indian Roller,species
279832,62809,3,Plantae,Ceiba pentandra,Kapok Tree,species
279832,319135,3,Plantae,Azadirachta indica,Neem,species
279832,14593,2,Aves,Pycnonotus cafer,Red-vented Bulbul,species
279832,48872,2,Plantae,Mangifera indica,Indian mango,species
279832,62811,2,Plantae,Carica papaya,Papaya,species
279832,6914,1,Aves,Cygnus atratus,Black Swan,species
279832,50616,1,Plantae,Mirabilis jalapa,Marvel of Peru,species
279832,54982,1,Plantae,Ficus microcarpa,Chinese banyan,species
279832,68679,1,Plantae,Cassia fistula,Golden Shower Tree,species
279832,68703,1,Plantae,Lannea coromandelica,Indian Ash,species
279791,14593,1,Aves,Pycnonotus cafer,Red-vented Bulbul,species
279791,170055,1,Plantae,Turnera ulmifolia,Yellow alder,species
279823,14593,2,Aves,Pycnonotus cafer,Red-vented Bulbul,species
279823,67574,1,Plantae,Calotropis gigantea,crown flower,species
279823,319135,1,Plantae,Azadirachta indica,Neem,species
279781,56739,2,Plantae,Ricinus communis,castor bean,species
279781,48865,1,Plantae,Cocos nucifera,coconut palm,species
279781,58991,1,Plantae,Portulaca oleracea,Common Purslane,species
279781,61369,1,Plantae,Momordica charantia,Bitter Melon,species
279781,67574,1,Plantae,Calotropis gigantea,crown flower,species
279781,131560,1,Plantae,Euphorbia hirta,Asthma Plant,species
279781,160710,1,Plantae,Cleome viscosa,Asian Spiderflower,species
279781,167309,1,Plantae,Portulaca grandiflora,moss rose,species
279781,285850,1,Plantae,Sesamum indicum,Sesame,species
279781,537694,1,Plantae,Diospyros melanoxylon,Tendu,species
279822,3763,1,Aves,Pseudibis papillosa,Red-naped Ibis,species
279822,4993,1,Aves,Ardeola grayii,Indian Pond-Heron,species
279822,5540,1,Aves,Ocyceros birostris,Indian Grey Hornbill,species
279822,13380,1,Aves,Dicaeum erythrorhynchos,Pale-billed Flowerpecker,species
279822,14593,1,Aves,Pycnonotus cafer,Red-vented Bulbul,species
279822,50333,1,Plantae,Lantana camara,common lantana,species
279822,52053,1,Insecta,Ischnura senegalensis,Common Bluetail,species
279822,72839,1,Aves,Eremopterix griseus,Ashy-crowned Sparrow-Lark,species
279822,107974,1,Insecta,Orthetrum sabina,Slender Skimmer,species
279822,145031,1,Aves,Copsychus fulicatus,Indian Robin,species
279785,1677,1,Aves,Centropus sinensis,Greater Coucal,species
279785,62811,1,Plantae,Carica papaya,Papaya,species
279785,347653,1,Plantae,Piper betle,Betel leaf,species
279785,1493141,1,Plantae,Neltuma juliflora,mesquite,species
279803,14593,1,Aves,Pycnonotus cafer,Red-vented Bulbul,species
279786,48651,1,Plantae,Cosmos sulphureus,Yellow Cosmos,species
279786,48872,1,Plantae,Mangifera indica,Indian mango,species
279786,60439,1,Plantae,Caesalpinia pulcherrima,peacock flower,species
279773,319135,2,Plantae,Azadirachta indica,Neem,species
279773,31408,1,Reptilia,Psammophilus dorsalis,Rock Dragon,species
279773,56739,1,Plantae,Ricinus communis,castor bean,species
279773,69973,1,Plantae,Annona squamosa,Sweetsop,species
279773,165529,1,Plantae,Moringa oleifera,Moringa tree,species
279773,169878,1,Plantae,Tradescantia spathacea,Moses-in-the-cradle,species
279773,1579705,1,Plantae,Bergera koenigii,Curry Leaf,species
279774,62839,1,Plantae,Delonix regia,Flamboyant,species
279805,13858,1,Aves,Passer domesticus,House Sparrow,species
279805,126882,1,Plantae,Aloe vera,aloe vera,species
279761,3352,1,Aves,Treron phoenicopterus,Yellow-footed Green Pigeon,species
279761,3999,1,Aves,Rostratula benghalensis,Greater Painted-Snipe,species
279761,4775,1,Aves,Anastomus oscitans,Asian Openbill,species
279761,4871,1,Aves,Vanellus indicus,Red-wattled Lapwing,species
279761,13893,1,Aves,Lonchura punctulata,Scaly-breasted Munia,species
279761,15093,1,Aves,Pellorneum ruficeps,Puff-throated Babbler,species
279761,20012,1,Aves,Athene brama,Spotted Owlet,species
279761,31281,1,Reptilia,Calotes versicolor,Oriental Garden Lizard,species
279761,43460,1,Mammalia,Macaca mulatta,Rhesus Macaque,species
279761,51588,1,Insecta,Papilio polytes,Common Mormon Swallowtail,species
279714,281571,1,Insecta,Amata cyssea,Seven-spotted Handmaiden Moth,species
279759,67835,3,Insecta,Danaus chrysippus,Plain Tiger Butterfly,species
279759,125512,2,Insecta,Zizeeria karsandra,Dark Grass Blue,species
279759,558550,2,Aves,Motacilla maderaspatensis,White-browed Wagtail,species
279759,851014,2,Mammalia,Canis aureus,Golden Jackal,species
279759,1677,1,Aves,Centropus sinensis,Greater Coucal,species
279759,2229,1,Aves,Merops orientalis,Asian Green Bee-eater,species
279759,3017,1,Aves,Columba livia,Rock Pigeon,species
279759,3763,1,Aves,Pseudibis papillosa,Red-naped Ibis,species
279759,4871,1,Aves,Vanellus indicus,Red-wattled Lapwing,species
279759,4993,1,Aves,Ardeola grayii,Indian Pond-Heron,species
279659,1189804,8,Insecta,Calvia sykesii,,species
279659,869393,5,Insecta,Nola duplicilinea,,species
279659,1676675,5,Insecta,Alebroides gallus,,species
279659,15560,3,Aves,Leiothrix lutea,Red-billed Leiothrix,species
279659,125548,3,Insecta,Lethe verma,Straight-banded Treebrown,species
279659,507571,3,Insecta,Aglais caschmirensis,Indian Tortoiseshell,species
279659,567164,3,Aves,Hierococcyx sparverioides,Large Hawk-Cuckoo,species
279659,1468326,3,Insecta,Anomala anthracina,,species
279659,244241,2,Insecta,Palpoctenidia phoenicosoma,,species
279659,554567,2,Insecta,Strotihypera semiochrea,,species
224570,1095846,85,Plantae,Bidens alba,White beggarticks,species
224570,131153,73,Plantae,Erigeron quercifolius,oakleaf fleabane,species
224570,116461,57,Reptilia,Anolis sagrei,Brown Anole,species
224570,4956,47,Aves,Ardea herodias,Great Blue Heron,species
224570,3751,39,Aves,Eudocimus albus,White Ibis,species
224570,5063,36,Aves,Anhinga anhinga,Anhinga,species
224570,55745,36,Plantae,Trifolium repens,white clover,species
224570,26159,28,Reptilia,Alligator mississippiensis,American Alligator,species
224570,129433,27,Plantae,Lyonia lucida,fetterbush lyonia,species
224570,46017,26,Mammalia,Sciurus carolinensis,Eastern Gray Squirrel,species
274931,12727,11,Aves,Turdus migratorius,American Robin,species
274931,43111,11,Mammalia,Sylvilagus floridanus,Eastern Cottontail,species
274931,46017,7,Mammalia,Sciurus carolinensis,Eastern Gray Squirrel,species
274931,9135,5,Aves,Spizella passerina,Chipping Sparrow,species
274931,3454,4,Aves,Zenaida macroura,Mourning Dove,species
274931,9083,4,Aves,Cardinalis cardinalis,Northern Cardinal,species
274931,46260,4,Mammalia,Tamiasciurus hudsonicus,American Red Squirrel,species
274931,49288,4,Plantae,Podophyllum peltatum,mayapple,species
274931,8229,3,Aves,Cyanocitta cristata,Blue Jay,species
274931,14801,3,Aves,Sitta carolinensis,White-breasted Nuthatch,species
279421,59321,4,Plantae,Orchis purpurea,Lady Orchid,species
279421,360096,4,Insecta,Morimus asper,,species
279421,35900,2,Reptilia,Lacerta bilineata,Western Green Lizard,species
279421,53076,2,Plantae,Geranium molle,Dove's-foot crane's-bill,species
279421,55819,2,Plantae,Primula veris,Cowslip,species
279421,61328,2,Plantae,Orchis simia,Monkey Orchid,species
279421,165590,2,Plantae,Muscari comosum,Tassel Hyacinth,species
279421,207977,2,Insecta,Aglais io,European Peacock Butterfly,species
279421,4270,1,Aves,Phalacrocorax carbo,Great Cormorant,species
279421,4835,1,Aves,Himantopus himantopus,Black-winged Stilt,species
279750,43448,9,Mammalia,Macaca radiata,Bonnet Macaque,species
279750,52055,9,Insecta,Crocothemis servilia,Scarlet Skimmer,species
279750,99331,9,Insecta,Diplacodes trivialis,Chalky Percher,species
279750,1204,7,Aves,Pavo cristatus,Indian Peafowl,species
279750,67835,7,Insecta,Danaus chrysippus,Plain Tiger Butterfly,species
279750,204454,7,Aves,Acridotheres tristis,Common Myna,species
279750,20012,6,Aves,Athene brama,Spotted Owlet,species
279750,31281,6,Reptilia,Calotes versicolor,Oriental Garden Lizard,species
279750,95995,5,Insecta,Brachythemis contaminata,Ditch Jewel,species
279750,169944,5,Plantae,Tridax procumbens,Tridax Daisy,species
279650,14593,1,Aves,Pycnonotus cafer,Red-vented Bulbul,species
279650,68679,1,Plantae,Cassia fistula,Golden Shower Tree,species
279650,119099,1,Plantae,Jatropha gossypiifolia,Bellyache Bush,species
279650,122099,1,Plantae,Abrus precatorius,rosary pea,species
279650,342742,1,Plantae,Cordia sinensis,Grey-Leaved Saucerberry,species
279885,4775,2,Aves,Anastomus oscitans,Asian Openbill,species
279885,8031,2,Aves,Corvus splendens,House Crow,species
279885,51612,2,Insecta,Ariadne merione,Common Castor Butterfly,species
279885,67835,2,Insecta,Danaus chrysippus,Plain Tiger Butterfly,species
279885,118552,2,Mammalia,Felis catus,Domestic Cat,species
279885,1904,1,Aves,Cuculus micropterus,Indian Cuckoo,species
279885,3017,1,Aves,Columba livia,Rock Pigeon,species
279885,4743,1,Aves,Mycteria leucocephala,Painted Stork,species
279885,4951,1,Aves,Ardea purpurea,Purple Heron,species
279885,4954,1,Aves,Ardea cinerea,Grey Heron,species
279752,48872,1,Plantae,Mangifera indica,Indian mango,species
279752,62839,1,Plantae,Delonix regia,Flamboyant,species
279752,121285,1,Plantae,Acmella uliginosa,marsh para cress,species
279752,223926,1,Plantae,Lippia alba,Bushy Lippia,species
279752,319135,1,Plantae,Azadirachta indica,Neem,species
279752,332889,1,Plantae,Peltophorum pterocarpum,Yellow Flame Tree,species
280775,51702,19,Insecta,Coccinella septempunctata,Seven-spotted Lady Beetle,species
280775,204321,14,Plantae,Ficaria verna,lesser celandine,species
280775,207977,14,Insecta,Aglais io,European Peacock Butterfly,species
280775,48484,13,Insecta,Harmonia axyridis,Asian Lady Beetle,species
280775,51495,13,Insecta,Anthocharis cardamines,orange-tip,species
280775,6930,11,Aves,Anas platyrhynchos,Mallard,species
280775,55637,11,Insecta,Bombus pascuorum,Common Carder Bumble Bee,species
280775,55819,11,Plantae,Primula veris,Cowslip,species
280775,52489,10,Insecta,Syrphus,Common Flower Flies,genus
280775,55925,10,Plantae,Geranium robertianum,Herb Robert,species
272975,3017,18,Aves,Columba livia,Rock Pigeon,species
272975,67835,17,Insecta,Danaus chrysippus,Plain Tiger Butterfly,species
272975,13858,14,Aves,Passer domesticus,House Sparrow,species
272975,52043,12,Insecta,Spoladea recurvalis,Hawaiian Beet Webworm Moth,species
272975,204454,11,Aves,Acridotheres tristis,Common Myna,species
272975,623225,10,Insecta,Pentodon algerinus,,species
272975,245956,8,Insecta,Apis florea,Red Dwarf Honey Bee,species
272975,2969,7,Aves,Streptopelia decaocto,Eurasian Collared-Dove,species
272975,14590,7,Aves,Pycnonotus leucotis,White-eared Bulbul,species
272975,118552,7,Mammalia,Felis catus,Domestic Cat,species
277723,3580,54,Aves,Columbina talpacoti,Ruddy Ground Dove,species
277723,979800,35,Aves,Melanospiza bicolor,Black-faced Grassquit,species
277723,46010,33,Mammalia,Sciurus granatensis,Red-tailed Squirrel,species
277723,502885,33,Mollusca,Lissachatina fulica,African Giant Snail,species
277723,16787,27,Aves,Tyrannus melancholicus,Tropical Kingbird,species
277723,83652,26,Insecta,Anartia amathea,Red Peacock,species
277723,47219,25,Insecta,Apis mellifera,Western Honey Bee,species
277723,9864,22,Aves,Sicalis flaveola,Saffron Finch,species
277723,3017,21,Aves,Columba livia,Rock Pigeon,species
277723,154888,19,Plantae,Pachystachys lutea,golden shrimp plant,species
277726,48484,5,Insecta,Harmonia axyridis,Asian Lady Beetle,species
277726,119630,5,Insecta,Paramastax poecilosoma,,species
277726,127157,4,Insecta,Heliconius cydno,Cydno Longwing,species
277726,201041,4,Aves,Rupornis magnirostris,Roadside Hawk,species
277726,639000,4,Plantae,Anthurium warocqueanum,,species
277726,1362202,4,Plantae,Miconia platyphylla,,species
277726,56739,3,Plantae,Ricinus communis,castor bean,species
277726,81744,3,Insecta,Heliconius erato,Red Postman,species
277726,132458,3,Plantae,Thunbergia alata,Black-eyed Susan vine,species
277726,326766,3,Insecta,Golofa porteri,Caliper beetle,species
279920,53169,4,Plantae,Oxalis pes-caprae,Bermuda buttercup,species
279920,515167,4,Plantae,Orchis troodi,,species
279920,83085,3,Plantae,Anacamptis pyramidalis,pyramidal orchid,species
279920,136296,2,Plantae,Cedrus brevifolia,Cyprus cedar,species
279920,707776,2,Plantae,Corydalis rutifolia,,species
279920,791928,2,Plantae,Lysimachia arvensis,scarlet pimpernel,species
279920,1521906,2,Plantae,Convolvulus althaeoides,Mallow Bindweed,species
279920,3017,1,Aves,Columba livia,Rock Pigeon,species
279920,13858,1,Aves,Passer domesticus,House Sparrow,species
279920,20969,1,Aves,Upupa epops,Common Hoopoe,species
274998,33376,1,Reptilia,Hemidactylus platyurus,Flat-tailed House Gecko,species
274998,34692,1,Reptilia,Dixonius siamensis,Siamese Leaf-toed Gecko,species
274998,67574,1,Plantae,Calotropis gigantea,crown flower,species
278546,132849,7,Plantae,Leonotis leonurus,Common Lionspaw,species
278546,3743,6,Aves,Bostrychia hagedash,Hadada Ibis,species
278546,14588,5,Aves,Pycnonotus barbatus,Common Bulbul,species
278546,50203,5,Plantae,Bidens pilosa,Hairy Beggarticks,species
278546,72486,5,Aves,Alopochen aegyptiaca,Egyptian Goose,species
278546,204531,5,Aves,Lanius collaris,Southern Fiscal,species
278546,580276,5,Plantae,Aristida junciformis,Ngongoni Three-awn,species
278546,43335,4,Mammalia,Equus quagga,Plains Zebra,species
278546,78356,4,Plantae,Paspalum urvillei,Vasey Grass,species
278546,79313,4,Plantae,Tagetes minuta,wild marigold,species
284900,19975,3,Aves,Athene cunicularia,Burrowing Owl,species
284900,47219,3,Insecta,Apis mellifera,Western Honey Bee,species
284900,123010,3,Animalia,Trigoniulus corallinus,Rusty Millipede,species
284900,3017,2,Aves,Columba livia,Rock Pigeon,species
284900,4715,2,Aves,Caracara plancus,Crested Caracara,species
284900,14884,2,Aves,Mimus gilvus,Tropical Mockingbird,species
284900,34469,2,Reptilia,Hemidactylus palaichthus,Maria Islands Leaf-toed Gecko,species
284900,67706,2,Arachnida,Argiope argentata,Silver Garden Orbweaver,species
284900,258080,2,Insecta,Hemiargus hanno,Hanno Blue,species
284900,278674,2,Plantae,Turnera pumilea,,species
270084,130776,5,Insecta,Junonia atlites,Grey Pansy,species
270084,95995,3,Insecta,Brachythemis contaminata,Ditch Jewel,species
270084,125596,3,Insecta,Leptotes plinius,Zebra Blue,species
270084,51791,2,Insecta,Cepora nerissa,Common Gull,species
270084,67574,2,Plantae,Calotropis gigantea,crown flower,species
270084,103289,2,Insecta,Ictinogomphus rapax,Indian Common Clubtail,species
270084,114490,2,Insecta,Trithemis pallidinervis,Dancing Dropwing,species
270084,561358,2,Insecta,Heliocypha bisignata,Stream Ruby,species
270084,20969,1,Aves,Upupa epops,Common Hoopoe,species
270084,51785,1,Insecta,Junonia lemonias,Lemon Pansy,species
264783,1204,27,Aves,Pavo cristatus,Indian Peafowl,species
264783,14593,26,Aves,Pycnonotus cafer,Red-vented Bulbul,species
264783,68679,19,Plantae,Cassia fistula,Golden Shower Tree,species
264783,67835,18,Insecta,Danaus chrysippus,Plain Tiger Butterfly,species
264783,68681,18,Plantae,Butea monosperma,Flame of The Forest,species
264783,4871,17,Aves,Vanellus indicus,Red-wattled Lapwing,species
264783,204519,17,Aves,Halcyon smyrnensis,White-throated Kingfisher,species
264783,42166,16,Mammalia,Axis axis,Chital,species
264783,62839,16,Plantae,Delonix regia,Flamboyant,species
264783,4835,14,Aves,Himantopus himantopus,Black-winged Stilt,species
267395,68679,8,Plantae,Cassia fistula,Golden Shower Tree,species
267395,319135,8,Plantae,Azadirachta indica,Neem,species
267395,4871,5,Aves,Vanellus indicus,Red-wattled Lapwing,species
267395,50333,5,Plantae,Lantana camara,common lantana,species
267395,62839,5,Plantae,Delonix regia,Flamboyant,species
267395,165529,5,Plantae,Moringa oleifera,Moringa tree,species
267395,6891,4,Aves,Dendrocygna javanica,Lesser Whistling-Duck,species
267395,58991,4,Plantae,Portulaca oleracea,Common Purslane,species
267395,120917,4,Plantae,Calotropis procera,giant milkweed,species
267395,161584,4,Plantae,Dalbergia sissoo,Indian Rosewood,species
280871,68679,1,Plantae,Cassia fistula,Golden Shower Tree,species
280871,165529,1,Plantae,Moringa oleifera,Moringa tree,species
280871,430784,1,Plantae,Carissa carandas,Bengal currant,species
276380,343021,3,Reptilia,Anguis fragilis,Common Slowworm,species
276380,55640,2,Insecta,Celastrina argiolus,Holly Blue,species
276380,56152,2,Plantae,Allium ursinum,Ramsons,species
276380,5268,1,Aves,Milvus migrans,Black Kite,species
276380,47602,1,Plantae,Taraxacum officinale,common dandelion,species
276380,48206,1,Plantae,Convallaria majalis,European lily of the valley,species
276380,55563,1,Plantae,Bellis perennis,Lawn daisy,species
276380,55637,1,Insecta,Bombus pascuorum,Common Carder Bumble Bee,species
276380,55756,1,Plantae,Geranium phaeum,Dusky Crane's-bill,species
276380,204339,1,Plantae,Lamium galeobdolon,yellow archangel,species
280311,99451,1,Insecta,Disparoneura quadrimaculata,Black-winged Bambootail,species
280311,125577,1,Insecta,Belenois aurota,Pioneer White,species
279704,1204,1,Aves,Pavo cristatus,Indian Peafowl,species
279704,8031,1,Aves,Corvus splendens,House Crow,species
279704,51576,1,Insecta,Graphium doson,Common Jay,species
279704,68679,1,Plantae,Cassia fistula,Golden Shower Tree,species
279704,966799,1,Reptilia,Fowlea piscator,Chequered Keelback,species
279704,1493141,1,Plantae,Neltuma juliflora,mesquite,species
279671,13851,1,Aves,Passer montanus,Eurasian Tree Sparrow,species
279671,47219,1,Insecta,Apis mellifera,Western Honey Bee,species
279671,50616,1,Plantae,Mirabilis jalapa,Marvel of Peru,species
279671,127514,1,Plantae,Ficus religiosa,Sacred fig,species
279671,1455918,1,Aves,Spilopelia chinensis,Spotted Dove,species
280359,1677,1,Aves,Centropus sinensis,Greater Coucal,species
280359,2208,1,Aves,Merops leschenaulti,Chestnut-headed Bee-eater,species
280359,2662,1,Aves,Ceryle rudis,Pied Kingfisher,species
280359,4993,1,Aves,Ardeola grayii,Indian Pond-Heron,species
280359,8079,1,Aves,Artamus fuscus,Ashy Woodswallow,species
280359,12035,1,Aves,Lanius schach,Long-tailed Shrike,species
280359,13794,1,Aves,Ploceus philippinus,Baya Weaver,species
280359,20012,1,Aves,Athene brama,Spotted Owlet,species
280359,50333,1,Plantae,Lantana camara,common lantana,species
280359,52067,1,Insecta,Leptosia nina,Psyche,species
280553,68681,3,Plantae,Butea monosperma,Flame of The Forest,species
280553,50333,2,Plantae,Lantana camara,common lantana,species
280553,119099,2,Plantae,Jatropha gossypiifolia,Bellyache Bush,species
280553,319135,2,Plantae,Azadirachta indica,Neem,species
280553,15347,1,Aves,Orthotomus sutorius,Common Tailorbird,species
280553,47898,1,Plantae,Opuntia stricta,shell mound pricklypear,species
280553,50616,1,Plantae,Mirabilis jalapa,Marvel of Peru,species
280553,56739,1,Plantae,Ricinus communis,castor bean,species
280553,58300,1,Plantae,Punica granatum,pomegranate,species
280553,62944,1,Plantae,Cardiospermum halicacabum,Lesser Balloon Vine,species
280983,16447,13,Aves,Pyrocephalus rubinus,Vermilion Flycatcher,species
280983,277350,8,Plantae,Zephyranthes fosteri,Foster's zephyrlily,species
280983,827372,8,Aves,Anas diazi,Mexican Duck,species
280983,7120,7,Aves,Cairina moschata,Muscovy Duck,species
280983,199840,7,Aves,Haemorhous mexicanus,House Finch,species
280983,13858,6,Aves,Passer domesticus,House Sparrow,species
280983,204685,6,Insecta,Chlosyne ehrenbergii,White-rayed Patch,species
280983,16779,5,Aves,Tyrannus vociferans,Cassin's Kingbird,species
280983,47219,5,Insecta,Apis mellifera,Western Honey Bee,species
280983,56739,5,Plantae,Ricinus communis,castor bean,species
281581,55563,210,Plantae,Bellis perennis,Lawn daisy,species
281581,56152,93,Plantae,Allium ursinum,Ramsons,species
281581,55757,86,Plantae,Chelidonium majus,Greater celandine,species
281581,55882,78,Plantae,Hedera helix,common ivy,species
281581,51884,76,Plantae,Urtica dioica,great stinging nettle,species
281581,51875,68,Plantae,Trifolium pratense,Red Clover,species
281581,55851,66,Plantae,Lamium purpureum,red deadnettle,species
281581,55830,61,Plantae,Glechoma hederacea,ground-ivy,species
281581,765394,48,Plantae,Sambucus nigra,European black elderberry,species
281581,204339,45,Plantae,Lamium galeobdolon,yellow archangel,species
281643,3454,2,Aves,Zenaida macroura,Mourning Dove,species
281643,9100,2,Aves,Melospiza melodia,Song Sparrow,species
281643,48240,2,Plantae,Erythronium americanum,yellow trout lily,species
281643,49288,2,Plantae,Podophyllum peltatum,mayapple,species
281643,117434,2,Plantae,Claytonia virginica,Virginia Springbeauty,species
281643,204321,2,Plantae,Ficaria verna,lesser celandine,species
281643,4956,1,Aves,Ardea herodias,Great Blue Heron,species
281643,6921,1,Aves,Cygnus olor,Mute Swan,species
281643,6996,1,Aves,Mergus serrator,Red-breasted Merganser,species
281643,9083,1,Aves,Cardinalis cardinalis,Northern Cardinal,species
281647,55402,35,Plantae,Trillium grandiflorum,large white trillium,species
281647,49288,23,Plantae,Podophyllum peltatum,mayapple,species
281647,204321,22,Plantae,Ficaria verna,lesser celandine,species
281647,9744,21,Aves,Agelaius phoeniceus,Red-winged Blackbird,species
281647,50310,21,Plantae,Arisaema triphyllum,Jack-in-the-Pulpit,species
281647,7089,19,Aves,Branta canadensis,Canada Goose,species
281647,9184,16,Aves,Zonotrichia albicollis,White-throated Sparrow,species
281647,12727,16,Aves,Turdus migratorius,American Robin,species
281647,51044,16,Plantae,Sanguinaria canadensis,bloodroot,species
281647,9083,11,Aves,Cardinalis cardinalis,Northern Cardinal,species
279565,319135,4,Plantae,Azadirachta indica,Neem,species
279565,153000,3,Insecta,Everes lacturnus,Orange-tipped Pea-blue,species
279565,542396,3,Arachnida,Cyrtophora cicatrosa,Garden tent-web spider,species
279565,26093,2,Amphibia,Euphlyctis cyanophlyctis,Common skittering frog,species
279565,31281,2,Reptilia,Calotes versicolor,Oriental Garden Lizard,species
279565,67574,2,Plantae,Calotropis gigantea,crown flower,species
279565,131560,2,Plantae,Euphorbia hirta,Asthma Plant,species
279565,169944,2,Plantae,Tridax procumbens,Tridax Daisy,species
279565,50616,1,Plantae,Mirabilis jalapa,Marvel of Peru,species
279565,51654,1,Insecta,Junonia almana,Peacock Pansy,species
281257,2038,26,Aves,Alectura lathami,Australian Brushturkey,species
281257,2413,25,Aves,Dacelo novaeguineae,Laughing Kookaburra,species
281257,42983,24,Mammalia,Phascolarctos cinereus,Koala,species
281257,3740,21,Aves,Threskiornis molucca,Australian Ibis,species
281257,12231,21,Aves,Manorina melanocephala,Noisy Miner,species
281257,8575,20,Aves,Gymnorhina tibicen,Australian Magpie,species
281257,19721,17,Aves,Podargus strigoides,Tawny Frogmouth,species
281257,144737,14,Aves,Rhipidura albiscapa,Grey Fantail,species
281257,506043,14,Aves,Pachycephala pectoralis,Golden Whistler,species
281257,980095,14,Aves,Trichoglossus moluccanus,Rainbow Lorikeet,species
274406,54453,232,Plantae,Ferocactus cylindraceus,California Barrel Cactus,species
274406,49354,172,Plantae,Cylindropuntia acanthocarpa,Buckhorn Cholla,species
274406,76754,139,Plantae,Echinocereus engelmannii,Engelmann's Hedgehog Cactus,species
274406,1595253,95,Plantae,Yucca jaegeriana,Eastern Joshua tree,species
274406,49357,91,Plantae,Cylindropuntia echinocarpa,Silver Cholla,species
274406,68205,91,Plantae,Larrea tridentata,Creosote Bush,species
274406,57872,75,Plantae,Opuntia basilaris,Beavertail Pricklypear,species
274406,68400,63,Plantae,Yucca schidigera,Mojave Yucca,species
274406,47788,60,Plantae,Yucca baccata,Banana Yucca,species
274406,871500,58,Plantae,Echinomastus johnsonii,Johnson's Beehive Cactus,species
270832,16842,3,Aves,Myiozetetes similis,Social Flycatcher,species
270832,119086,3,Insecta,Agrius cingulata,Pink-spotted Hawkmoth,species
270832,276968,3,Plantae,Oncidium sphacelatum,Kandyan Dancer Orchid,species
270832,285553,3,Plantae,Heterocentron elegans,Spanish shawl,species
270832,1584194,3,Aves,Cyanocorax morio,Brown Jay,species
270832,16956,2,Aves,Pitangus sulphuratus,Great Kiskadee,species
270832,148723,2,Insecta,Hamadryas fornax,Orange Cracker,species
270832,283629,2,Plantae,Heliconia bourgaeana,,species
270832,283895,2,Plantae,Prosthechea cochleata,Clamshell Orchid,species
270832,979478,2,Plantae,Miconia xalapensis,Canallito,species
280261,76447,15,Plantae,Cornus nuttallii,Pacific Dogwood,species
280261,76192,11,Plantae,Ceanothus prostratus,Mahala mat,species
280261,496537,7,Plantae,Lysimachia latifolia,Western Starflower,species
280261,49645,6,Plantae,Pedicularis densiflora,Warrior's Plume,species
280261,50642,6,Plantae,Delphinium nudicaule,Red larkspur,species
280261,48548,5,Insecta,Vanessa cardui,Painted Lady,species
280261,78551,5,Plantae,Phlox speciosa,showy phlox,species
280261,8234,4,Aves,Cyanocitta stelleri,Steller's Jay,species
280261,51062,4,Plantae,Maianthemum racemosum,Solomon's plume,species
280261,473933,4,Fungi,Morchella snyderi,Natural Black Morel,species
272773,9184,7,Aves,Zonotrichia albicollis,White-throated Sparrow,species
272773,9744,7,Aves,Agelaius phoeniceus,Red-winged Blackbird,species
272773,13858,7,Aves,Passer domesticus,House Sparrow,species
272773,51053,7,Plantae,Dicentra cucullaria,Dutchman's breeches,species
272773,3454,6,Aves,Zenaida macroura,Mourning Dove,species
272773,46017,6,Mammalia,Sciurus carolinensis,Eastern Gray Squirrel,species
272773,50855,6,Plantae,Trillium erectum,red trillium,species
272773,144455,6,Aves,Ardea alba,Great Egret,species
272773,4756,5,Aves,Cathartes aura,Turkey Vulture,species
272773,9135,5,Aves,Spizella passerina,Chipping Sparrow,species
242086,636795,11,Plantae,Salvia rosmarinus,Rosemary,species
242086,82602,7,Plantae,Crithmum maritimum,rock samphire,species
242086,57140,4,Plantae,Olea europaea,Olive,species
242086,47219,2,Insecta,Apis mellifera,Western Honey Bee,species
242086,68328,2,Insecta,Oxythyrea funesta,Mediterranean Spotted Chafer,species
242086,76610,2,Plantae,Daucus carota,wild carrot,species
242086,47406,1,Plantae,Spartium junceum,Spanish Broom,species
242086,51702,1,Insecta,Coccinella septempunctata,Seven-spotted Lady Beetle,species
242086,52287,1,Plantae,Borago officinalis,Borage,species
242086,53169,1,Plantae,Oxalis pes-caprae,Bermuda buttercup,species
269964,52592,26,Insecta,Pararge aegeria,Speckled Wood,species
269964,47779,21,Plantae,Iris pseudacorus,Yellow Iris,species
269964,55724,16,Plantae,Symphytum officinale,common comfrey,species
269964,12716,13,Aves,Turdus merula,Eurasian Blackbird,species
269964,55830,13,Plantae,Glechoma hederacea,ground-ivy,species
269964,61862,13,Insecta,Cercopis vulnerata,Common Froghopper,species
269964,68328,13,Insecta,Oxythyrea funesta,Mediterranean Spotted Chafer,species
269964,13094,12,Aves,Erithacus rubecula,European Robin,species
269964,51702,12,Insecta,Coccinella septempunctata,Seven-spotted Lady Beetle,species
269964,55925,12,Plantae,Geranium robertianum,Herb Robert,species
275022,62345,4,Amphibia,Duttaphrynus melanostictus,Asian Common Toad,species
275022,204491,4,Aves,Copsychus saularis,Oriental Magpie-Robin,species
275022,33376,3,Reptilia,Hemidactylus platyurus,Flat-tailed House Gecko,species
275022,82814,3,Plantae,Nelumbo nucifera,Sacred Lotus,species
275022,204502,3,Aves,Dicrurus paradiseus,Greater Racket-tailed Drongo,species
275022,5406,2,Aves,Haliastur indus,Brahminy Kite,species
275022,60879,2,Plantae,Ipomoea pes-caprae,Beach Morning Glory,species
275022,1677,1,Aves,Centropus sinensis,Greater Coucal,species
275022,3017,1,Aves,Columba livia,Rock Pigeon,species
275022,14618,1,Aves,Pycnonotus finlaysoni,Stripe-throated Bulbul,species
272558,83652,5,Insecta,Anartia amathea,Red Peacock,species
272558,8877,3,Aves,Rupicola peruvianus,Andean Cock-of-the-rock,species
272558,17858,3,Aves,Dryocopus lineatus,Lineated Woodpecker,species
272558,462135,3,Insecta,Actinote negra,,species
272558,50616,2,Plantae,Mirabilis jalapa,Marvel of Peru,species
272558,53326,2,Plantae,Vinca major,greater periwinkle,species
272558,61369,2,Plantae,Momordica charantia,Bitter Melon,species
272558,62811,2,Plantae,Carica papaya,Papaya,species
272558,75602,2,Plantae,Asclepias curassavica,tropical milkweed,species
272558,78217,2,Plantae,Nicandra physalodes,apple-of-Peru,species
266287,11275,32,Aves,Furnarius rufus,Rufous Hornero,species
266287,83168,28,Plantae,Araucaria angustifolia,Paraná Araucaria,species
266287,47219,26,Insecta,Apis mellifera,Western Honey Bee,species
266287,4867,19,Aves,Vanellus chilensis,Southern Lapwing,species
266287,75602,18,Plantae,Asclepias curassavica,tropical milkweed,species
266287,67706,17,Arachnida,Argiope argentata,Silver Garden Orbweaver,species
266287,83652,15,Insecta,Anartia amathea,Red Peacock,species
266287,74442,14,Mammalia,Hydrochoerus hydrochaeris,Capybara,species
266287,3439,13,Aves,Zenaida auriculata,Eared Dove,species
266287,130872,10,Plantae,Schinus terebinthifolia,Brazilian pepper,species
266308,369851,2,Plantae,Christella dentata,Soft Fern,species
266308,57636,1,Plantae,Pteris vittata,Ladder brake,species
266308,75602,1,Plantae,Asclepias curassavica,tropical milkweed,species
266308,83834,1,Insecta,Eueides isabella,Isabella's Longwing,species
266308,133166,1,Plantae,Bocconia frutescens,Parrotweed,species
266308,179249,1,Fungi,Agaricus subrufescens,almond mushroom,species
266308,275486,1,Plantae,Quercus insignis,Chicalaba,species
266308,278192,1,Plantae,Siparuna thecaphora,,species
266308,282409,1,Plantae,Quercus skinneri,,species
266308,283328,1,Plantae,Astrocaryum mexicanum,,species
266312,153386,3,Plantae,Salvia elegans,Pineapple Sage,species
266312,309377,3,Insecta,Bombus ephippiatus,Mesoamerican Bumble Bee,species
266312,9457,2,Aves,Myioborus miniatus,Slate-throated Redstart,species
266312,36262,2,Reptilia,Sceloporus grammicus,Graphic Spiny Lizard,species
266312,59983,2,Plantae,Conopholis alpina,alpine cancer-root,species
266312,73785,2,Reptilia,Plestiodon copei,Cope's Skink,species
266312,155483,2,Plantae,Phytolacca octandra,Inkweed,species
266312,208846,2,Plantae,Solanum pubigerum,,species
266312,1465621,2,Insecta,Archonias teutila,Pure-banded Dartwhite,species
266312,3017,1,Aves,Columba livia,Rock Pigeon,species
266317,78580,3,Plantae,Phytolacca icosandra,Tropical Pokeweed,species
266317,54329,2,Plantae,Tropaeolum majus,garden nasturtium,species
266317,147990,2,Plantae,Bouvardia ternifolia,firecrackerbush,species
266317,10227,1,Aves,Passerina cyanea,Indigo Bunting,species
266317,16447,1,Aves,Pyrocephalus rubinus,Vermilion Flycatcher,species
266317,46009,1,Mammalia,Sciurus aureogaster,Red-bellied Squirrel,species
266317,53326,1,Plantae,Vinca major,greater periwinkle,species
266317,56739,1,Plantae,Ricinus communis,castor bean,species
266317,58334,1,Plantae,Nicotiana glauca,tree tobacco,species
266317,64103,1,Plantae,Agave americana,American century plant,species
266318,56083,1,Animalia,Armadillidium vulgare,Common Pill Woodlouse,species
266318,145289,1,Aves,Melozone fusca,Canyon Towhee,species
266318,274227,1,Plantae,Myrtillocactus geometrizans,Blue Myrtle-cactus,species
266318,311176,1,Insecta,Homoeogamia mexicana,,species
279635,214185,12,Mollusca,Ariolimax buttoni,Button's Banana Slug,species
279635,48830,11,Animalia,Patiria miniata,Bat Star,species
279635,49463,11,Plantae,Trillium ovatum,Pacific trillium,species
279635,27459,6,Amphibia,Batrachoseps attenuatus,California Slender Salamander,species
279635,48225,6,Plantae,Eschscholzia californica,California poppy,species
279635,48450,6,Mollusca,Peltodoris nobilis,Noble Dorid,species
279635,48990,6,Plantae,Scoliopus bigelovii,California fetid adderstongue,species
279635,51048,6,Plantae,Dicentra formosa,Pacific Bleeding Heart,species
279635,56652,6,Mollusca,Haliotis rufescens,Red Abalone,species
279635,64455,6,Actinopterygii,Sebastes carnatus,Gopher Rockfish,species
266306,68062,7,Arachnida,Menemerus bivittatus,Gray Wall Jumping Spider,species
266306,54951,5,Insecta,Anartia fatima,Banded Peacock,species
266306,12714,3,Aves,Turdus rufopalliatus,Rufous-backed Robin,species
266306,49150,3,Insecta,Dione vanillae,Gulf Fritillary,species
266306,49766,3,Insecta,Heliconius charithonia,Zebra Longwing,species
266306,50073,3,Insecta,Dryas iulia,Julia Heliconian,species
266306,50336,3,Insecta,Siproeta stelenes,Malachite,species
266306,158525,3,Arachnida,Messua limbata,,species
266306,486456,3,Arachnida,Colonus sylvanus,Sylvan Jumping Spider,species
266306,14912,2,Aves,Toxostoma curvirostre,Curve-billed Thrasher,species
266310,480298,5,Mollusca,Cornu aspersum,Garden Snail,species
266310,10274,4,Aves,Pheucticus melanocephalus,Black-headed Grosbeak,species
266310,154027,4,Plantae,Buddleja cordata,tepozan,species
266310,10702,3,Aves,Oriturus superciliosus,Striped Sparrow,species
266310,367678,3,Aves,Ptiliogonys cinereus,Gray Silky-flycatcher,species
266310,3759,2,Aves,Plegadis chihi,White-faced Ibis,species
266310,5277,2,Aves,Elanus leucurus,White-tailed Kite,species
266310,9100,2,Aves,Melospiza melodia,Song Sparrow,species
266310,9744,2,Aves,Agelaius phoeniceus,Red-winged Blackbird,species
266310,9833,2,Aves,Diglossa baritula,Cinnamon-bellied Flowerpiercer,species
283673,48484,12,Insecta,Harmonia axyridis,Asian Lady Beetle,species
283673,1199081,9,Insecta,Pteronymia alina,,species
283673,65979,8,Amphibia,Lithobates catesbeianus,American Bullfrog,species
283673,785619,6,Insecta,Chauliognathus heros,,species
283673,1031104,6,Insecta,Scada zemira,,species
283673,47219,5,Insecta,Apis mellifera,Western Honey Bee,species
283673,841184,5,Insecta,Asphaera albomarginata,,species
283673,48987,4,Insecta,Hippodamia convergens,Convergent Lady Beetle,species
283673,1483748,4,Arachnida,Rhauculus ohausi,,species
283673,56739,3,Plantae,Ricinus communis,castor bean,species
281923,47219,50,Insecta,Apis mellifera,Western Honey Bee,species
281923,56739,39,Plantae,Ricinus communis,castor bean,species
281923,64119,25,Plantae,Opuntia ficus-indica,Indian fig opuntia,species
281923,320746,24,Insecta,Chromacris speciosa,Soldier Grasshopper,species
281923,438291,24,Plantae,Cleistocactus parviflorus,,species
281923,55854,23,Plantae,Datura stramonium,jimsonweed,species
281923,58334,23,Plantae,Nicotiana glauca,tree tobacco,species
281923,3439,22,Aves,Zenaida auriculata,Eared Dove,species
281923,11275,22,Aves,Furnarius rufus,Rufous Hornero,species
281923,3017,20,Aves,Columba livia,Rock Pigeon,species
280406,51768,53,Plantae,Gaillardia pulchella,firewheel,species
280406,48625,51,Plantae,Oenothera speciosa,Pinkladies,species
280406,123956,50,Plantae,Castilleja indivisa,Texas Paintbrush,species
280406,49564,49,Plantae,Lupinus texensis,Texas bluebonnet,species
280406,56846,49,Plantae,Torilis arvensis,common hedge parsley,species
280406,47691,47,Plantae,Sherardia arvensis,Field madder,species
280406,84405,47,Plantae,Calyptocarpus vialis,straggler daisy,species
280406,125675,45,Plantae,Glandularia bipinnatifida,Dakota mock vervain,species
280406,125677,45,Plantae,Smilax bona-nox,saw greenbrier,species
280406,62298,43,Plantae,Asclepias asperula,Antelopehorn Milkweed,species
274795,62266,60,Plantae,Balsamorhiza sagittata,arrowleaf balsamroot,species
274795,59013,26,Plantae,Collinsia parviflora,small-flowered blue-eyed mary,species
274795,77791,26,Plantae,Lithophragma parviflorum,smallflower woodland star,species
274795,47687,22,Plantae,Erodium cicutarium,Redstem Stork's-bill,species
274795,62220,19,Plantae,Camassia quamash,small camas,species
274795,126887,19,Plantae,Berberis aquifolium,Oregon grape,species
274795,48461,18,Plantae,Pinus ponderosa,Western Ponderosa Pine,species
274795,52821,17,Plantae,Achillea millefolium,common yarrow,species
274795,77469,16,Plantae,Hydrophyllum capitatum,ballhead waterleaf,species
274795,56826,13,Plantae,Lomatium macrocarpum,bigseed biscuitroot,species
279847,1040809,4,Insecta,Junonia genoveva,Common Mangrove Buckeye,species
279847,1457832,4,Insecta,Cecropterus dorantes,Dorantes Longtail,species
279847,67706,3,Arachnida,Argiope argentata,Silver Garden Orbweaver,species
279847,83652,3,Insecta,Anartia amathea,Red Peacock,species
279847,1038410,3,Insecta,Burnsius orcus,Orcus Checkered-Skipper,species
279847,10293,2,Aves,Thraupis sayaca,Sayaca Tanager,species
279847,11275,2,Aves,Furnarius rufus,Rufous Hornero,species
279847,19349,2,Aves,Myiopsitta monachus,Monk Parakeet,species
279847,38992,2,Reptilia,Tropidurus catalanensis,Western Collared Spiny Lizard,species
279847,49761,2,Insecta,Anartia jatrophae,White Peacock,species
274785,47219,1,Insecta,Apis mellifera,Western Honey Bee,species
274785,61369,1,Plantae,Momordica charantia,Bitter Melon,species
274785,68492,1,Reptilia,Hemidactylus mabouia,Tropical House Gecko,species
274785,148742,1,Insecta,Hamadryas februa,Gray Cracker,species
274785,344445,1,Insecta,Tetragonisca angustula,Narrow Stingless Bee,species
274785,425206,1,Arachnida,Nephilingis cruentata,African Hermit Spider,species
274785,1074014,1,Insecta,Orphanostigma haemorrhoidalis,Lantana Leaftier,species
274785,1280871,1,Insecta,Eucereon sylvius,,species
285925,55851,57,Plantae,Lamium purpureum,red deadnettle,species
285925,56152,55,Plantae,Allium ursinum,Ramsons,species
285925,55563,51,Plantae,Bellis perennis,Lawn daisy,species
285925,6930,50,Aves,Anas platyrhynchos,Mallard,species
285925,55757,50,Plantae,Chelidonium majus,Greater celandine,species
285925,55876,47,Plantae,Lamium album,White deadnettle,species
285925,55610,39,Insecta,Pyrrhocoris apterus,European Firebug,species
285925,47602,38,Plantae,Taraxacum officinale,common dandelion,species
285925,56099,37,Plantae,Ajuga reptans,carpet bugle,species
285925,47219,32,Insecta,Apis mellifera,Western Honey Bee,species
274994,20012,11,Aves,Athene brama,Spotted Owlet,species
274994,3017,9,Aves,Columba livia,Rock Pigeon,species
274994,95995,9,Insecta,Brachythemis contaminata,Ditch Jewel,species
274994,204454,8,Aves,Acridotheres tristis,Common Myna,species
274994,245956,8,Insecta,Apis florea,Red Dwarf Honey Bee,species
274994,14415,7,Aves,Pitta moluccensis,Blue-winged Pitta,species
274994,1119307,7,Plantae,Trichosanthes scabra,Dummela,species
274994,1438095,7,Plantae,Passiflora vesicaria,Stinking Passionflower,species
274994,1583224,7,Aves,Tachyspiza badia,Shikra,species
274994,2229,6,Aves,Merops orientalis,Asian Green Bee-eater,species
