id,title,slug,place_id,icon,place_display_name,latitude,longitude,species_count
234742,City Nature Challenge 2025: Lakshadweep,city-nature-challenge-2025-lakshadweep,32277,https://www.inaturalist.org/attachment_defaults/general/span2.png,"Kavaratti, LD, IN",9.9861101051,72.9013865,4
234006,City Nature Challenge 2025: Chhatarpur,city-nature-challenge-2025-chhatarpur,32286,https://www.inaturalist.org/attachment_defaults/general/span2.png,"Chhatarpur, MP, IN",24.8022046987,79.6575594207,3
222431,Desafio da biodiversidade urbana 2025: Foz do Iguaçu,desafio-da-biodiversidade-urbana-2025-foz-do-iguacu,22986,https://static.inaturalist.org/projects/222431-icon-17fe32113e539b1bad7a25c985b49d27-span2.jpg?1736004115,"Foz do Iguaçu, PR, BR",-25.4708787619,-54.4823423014,211
226698,City Nature Challenge 2025: Pimpri Chinchwad,city-nature-challenge-2025-pimpri-chinchwad,198379,https://www.inaturalist.org/attachment_defaults/general/span2.png,"Pimpri Chinchwad, Pune, MH, IN",18.642498,73.822202,99
234676,City Nature Challenge 2025: Tiruchirappalli,city-nature-challenge-2025-tiruchirappalli,32503,https://static.inaturalist.org/projects/234676-icon-12271c089c787d3715c4af29c326cab8-span2.jpg?1741444077,"Tiruchchirappalli, AP, IN",10.8364695,78.574581,20
229491,City Nature Challenge 2025 - Messina - Cluster Biodiversità Italia,city-nature-challenge-2025-messina-cluster-biodiversita-italia,178823,https://static.inaturalist.org/projects/229491-icon-5d6ff5dac9727091ceb6321e02137ad2-span2.jpg?1745927361,"Messina - Rete Natura 2000, IT",38.2320055627,15.5398014396,456
234104,City Nature Challenge 2025: Tokyo,city-nature-challenge-2025-tokyo,152404,https://static.inaturalist.org/projects/234104-icon-e7f158752e70af2cd1d6755a18566dff-span2.jpg?1741933992,"Tokyo_inland, JP",35.7142947425,139.4374443811,857
229605,"Reto Naturalista Urbano 2025: Solidaridad, Q. Roo.",reto-naturalista-urbano-2025-solidaridad-q-roo,55955,https://static.inaturalist.org/projects/229605-icon-4112f7b702cc46b951a389d2e999c31d-span2.jpg?1742927751,"Solidaridad, MX, QR",20.587158461,-87.3567053379,793
231606,City Nature Challenge 2025: Cape Winelands,city-nature-challenge-2025-cape-winelands,108134,https://static.inaturalist.org/projects/231606-icon-4250a643362f993872413be1bc82bc2e-span2.JPG?1739459288,"Cape Winelands, WC, ZA",-33.3224889979,19.6899814899,769
226564,City Nature Challenge 2025: Garden Route,city-nature-challenge-2025-garden-route,146648,https://static.inaturalist.org/projects/226564-icon-f32e6366f871b3ca24860945b4c0b1c8-span2.png?1735278451,"Garden Route District Municipality incl 2 nautical mile, ZA",-33.8368807263,22.0240420271,2557
225196,City Nature Challenge 2025: City of Cape Town,city-nature-challenge-2025-city-of-cape-town,52355,https://static.inaturalist.org/projects/225196-icon-4e64c6a08cbc774a31fd56473af0e3bf-span2.jpg?1733747485,"City of Cape Town, WC, ZA",-33.9457434724,18.5547579207,3470
228488,City Nature Challenge 2025: Weskus,city-nature-challenge-2025-weskus,184272,https://static.inaturalist.org/projects/228488-icon-a2f9770811a0098265c15f7fd4fb9ec0-span2.jpg?1740334147,"Bergriver Municipality, WC, ZA",-32.7874928694,18.6727951924,1018
228956,City Nature Challenge 2025: Potchefstroom,city-nature-challenge-2025-potchefstroom,48545,https://static.inaturalist.org/projects/228956-icon-074bb8a09864a270928ae77665b382a8-span2.png?1737983473,"Potchefstroom, NW, ZA",-26.6727835,27.1600395,184
229933,City Nature Challenge 2025: Lowveld,city-nature-challenge-2025-lowveld,57957,https://static.inaturalist.org/projects/229933-icon-009b0ade375520447f56aae1a65d5337-span2.jpeg?1738765662,"Ehlanzeni, MP, ZA",-25.0487312878,31.2546605941,803
231715,City Nature Challenge 2025: Gert Sibande,city-nature-challenge-2025-gert-sibande,108123,https://www.inaturalist.org/attachment_defaults/general/span2.png,"Gert Sibande, MP, ZA",-26.6710722986,29.929564371,97
231723,City Nature Challenge 2025: Waterberg,city-nature-challenge-2025-waterberg,48501,https://www.inaturalist.org/attachment_defaults/general/span2.png,"Waterberg, NP, ZA",-24.2051165036,27.9787147385,273
231627,City Nature Challenge 2025: Thohoyandou,city-nature-challenge-2025-thohoyandou,55128,https://www.inaturalist.org/attachment_defaults/general/span2.png,"Vhembe, NP, ZA",-22.7545906079,30.193810854,344
231713,City Nature Challenge 2025: Capricorn,city-nature-challenge-2025-capricorn,108121,https://www.inaturalist.org/attachment_defaults/general/span2.png,"Capricorn, NP, ZA",-23.4816277967,29.1834985259,746
231717,City Nature Challenge 2025: KZN South Coast,city-nature-challenge-2025-kzn-south-coast,183397,https://www.inaturalist.org/attachment_defaults/general/span2.png,"Aliwal Shoal MPA, NL, ZA",-30.2551564493,30.9069374889,1133
231718,City Nature Challenge 2025: iLembe,city-nature-challenge-2025-ilembe,200233,https://www.inaturalist.org/attachment_defaults/general/span2.png,"iLembe District Municipality, NL, ZA",-29.2732567067,31.1425252304,489
231608,City Nature Challenge 2025: eThekwini,city-nature-challenge-2025-ethekwini,164766,https://www.inaturalist.org/attachment_defaults/general/span2.png,"eThekwini (updated), NL, ZA",-29.8342178009,30.8361396787,2440
231719,City Nature Challenge 2025: KZN Midlands,city-nature-challenge-2025-kzn-midlands,108115,https://www.inaturalist.org/attachment_defaults/general/span2.png,"Umgungundlovu, NL, ZA",-29.5092243622,30.1985252962,605
228351,City Nature Challenge 2025: Tshwane,city-nature-challenge-2025-tshwane,50126,https://static.inaturalist.org/projects/228351-icon-1b71c82f6e9115374a1b4a97df460756-span2.JPG?1739791443,"City of Tshwane, GT, ZA",-25.6598514004,28.4434331486,1600
229693,City Nature Challenge 2025: Joburg,city-nature-challenge-2025-joburg,51302,https://www.inaturalist.org/attachment_defaults/general/span2.png,"Ekurhuleni, GT, ZA",-26.3117012112,28.3959818316,1051
228078,City Nature Challenge 2025: Free State,city-nature-challenge-2025-free-state,50327,https://static.inaturalist.org/projects/228078-icon-884119c53c81e9fd14817eccf3b25adf-span2.png?1736770161,"Free State, ZA",-28.6143499352,26.8673921714,569
229465,Biomaratón CNC 2025: Pamplona / Iruña,biomaraton-cnc-2025-pamplona-iruna,148890,https://static.inaturalist.org/projects/229465-icon-e9ca4d0bb090dfbb4d4d17e756961ca7-span2.png?1737852239,"Pamplona / Iruña Área Metropolitana, ES",42.7993071797,-1.6590201056,330
225170,"City Nature Challenge 2025: Pend Oreille County, WA",city-nature-challenge-2025-pend-oreille-county-wa,1665,https://www.inaturalist.org/attachment_defaults/general/span2.png,"Pend Oreille County, US, WA",48.5322994482,-117.2739726256,27
231764,"City Nature Challenge 2025-Patrick County, VA",city-nature-challenge-2025-patrick-county-va,210311,https://static.inaturalist.org/projects/231764-icon-2efda0f93ba31160ebf664eeedb6dc03-span2.png?1739560082,"Patrick County, Virginia",36.6882015874,-80.2850422876,116
231637,"City Nature Challenge 2025: Mustang Island, Texas",city-nature-challenge-2025-mustang-island-texas,131565,https://static.inaturalist.org/projects/231637-icon-311157814f2cc8ce08a0060388c3fc50-span2.png?1739471618,"Mustang Island & Surrounding Waters, TX, US",27.7704923982,-97.1019906339,413
232498,City Nature Challenge 2025: Lower Rio Grande Valley,city-nature-challenge-2025-lower-rio-grande-valley,94019,https://static.inaturalist.org/projects/232498-icon-5aa682b3452fb7239e7721fa4540a0e4-span2.png?1739990118,"Lower Rio Grande Valley, US, TX",26.3875737121,-98.0512275428,1916
230101,City Nature Challenge 2025: Nolanville,city-nature-challenge-2025-nolanville,176576,https://static.inaturalist.org/projects/230101-icon-fee52d6dbadd679bc5fea8fa08b494c2-span2.jpg?1738336222,"Wildwood Park, Nolanville, TX",31.0890712683,-97.6143755044,1160
225356,"City Nature Challenge 2025: Makana, Ndlambe & Ngqushwa - Albany CoE",city-nature-challenge-2025-makana-ndlambe-ngqushwa-albany-coe,190522,https://www.inaturalist.org/attachment_defaults/general/span2.png,"Makana Local Municipality, EC, ZA",-33.2352221403,26.4082755217,942
232450,City Nature Challenge 2025: Umzimvubu,city-nature-challenge-2025-umzimvubu,208138,https://www.inaturalist.org/attachment_defaults/general/span2.png,"Mhlontlo Local Muncipality, EC, ZA",-31.2009254784,28.7798673401,112
231721,City Nature Challenge 2025: Buffalo City,city-nature-challenge-2025-buffalo-city,108104,https://www.inaturalist.org/attachment_defaults/general/span2.png,"Buffalo City, EC, ZA",-32.9718680683,27.6371023239,494
231621,City Nature Challenge 2025: Nelson Mandela Bay,city-nature-challenge-2025-nelson-mandela-bay,59204,https://static.inaturalist.org/projects/231621-icon-7734f5bc04302fec0a64f7946579c113-span2.jpg?1739897137,"Nelson Mandela Bay, EC, ZA",-33.8378979643,25.5156162673,913
228250,City Nature Challenge 2025: Bratislava,city-nature-challenge-2025-bratislava,44565,https://static.inaturalist.org/projects/228250-icon-ad7a5786a23e0ae5036a217f39e7d777-span2.png?1736882523,"Bratislava I, BL, SK",48.1492611244,17.0897997464,531
231570,City Nature Challenge 2025: Dundee,city-nature-challenge-2025-dundee,192764,https://static.inaturalist.org/projects/231570-icon-47d9abdba76b21392c66d0385f464320-span2.png?1739530479,"Dundee City, Scotland, GB",56.477108955,-2.9696497632,213
227263,City Nature Challenge 2025: Greater Glasgow,city-nature-challenge-2025-greater-glasgow,30459,https://static.inaturalist.org/projects/227263-icon-e1961ea1e89dbf6e222e9ad0e231c974-span2.png?1736156642,"East Ayrshire, Scotland, GB",55.4838427825,-4.3079872159,585
227264,City Nature Challenge 2025: Greater Edinburgh,city-nature-challenge-2025-greater-edinburgh,30456,https://static.inaturalist.org/projects/227264-icon-bbc6fa329282cecdc0bd971909b76243-span2.png?1736156846,"Clackmannanshire, Scotland, GB",56.1471950383,-3.7318170631,660
227715,"City Nature Challenge 2025: Ekaterinburg, Russia / Турнир городской природы 2025: Екатеринбург",city-nature-challenge-2025-ekaterinburg-russia-turnir-gorodskoy-prirody-2025-ekaterinburg,148545,https://static.inaturalist.org/projects/227715-icon-3432fd8a9d40b2156ad58a981abd488a-span2.jpg?1736489196,"Gorod Ekaterinburg, RU",56.789627072,60.5385498455,1027
230182,City Nature Challenge 2025: Smolensk,city-nature-challenge-2025-smolensk,139491,https://static.inaturalist.org/projects/230182-icon-2b7128b052f1c00b128fd61a84b32343-span2.jpg?1738407953,"Smolensk Oblast (2019), RU",54.9554147439,32.997157927,357
225494,City Nature Challenge 2025: Penza Region,city-nature-challenge-2025-penza-region,186880,https://static.inaturalist.org/projects/225494-icon-7f8680bc6092443b7323b311eef8cb37-span2.jpg?1737638862,Пензенская область 2022,53.1824190068,44.6340501883,773
227736,City Nature Challenge 2025: Moscow Region,city-nature-challenge-2025-moscow-region,133611,https://static.inaturalist.org/projects/227736-icon-59a423e32e245cf7f049ea3b7b719fe1-span2.jpg?1738226685,"Gorod Moskva, RU, RU",55.5591859669,37.3635640318,1469
227171,"City Nature Challenge 2025: Irkutsk, Russia",city-nature-challenge-2025-irkutsk-russia,163077,https://static.inaturalist.org/projects/227171-icon-4d2f6f846a9f88037faa1c6fd4744318-span2.jpeg?1736154564,"Irkutsk agglomeration, RU",52.2598446202,104.6684418399,151
225341,City Nature Challenge 2025: Greater Portland-Vancouver Metro Area,city-nature-challenge-2025-greater-portland-vancouver-metro-area,81864,https://static.inaturalist.org/projects/225341-icon-a27284457a622df7ffcbbf05995edb19-span2.jpg?1737486818,Portland-Vancouver Metro Region,45.5399071755,-122.6795582111,1296
231781,"City Nature Challenge 2025: Dover, NH",city-nature-challenge-2025-dover-nh,212196,https://www.inaturalist.org/attachment_defaults/general/span2.png,"City of Dover, NH, NH, US",43.1886953254,-70.8845196403,60
231476,City Nature Challenge 2025 - Reno-Sparks,city-nature-challenge-2025-reno-sparks,212108,https://static.inaturalist.org/projects/231476-icon-1b7628568a591b069fadf7150d7ca290-span2.png?1745606976,Reno - Sparks,39.5514814379,-119.8223523807,192
226726,City Nature Challenge 2025: Indianapolis,city-nature-challenge-2025-indianapolis,840,https://static.inaturalist.org/projects/226726-icon-540971ede0f835f1f017a6b906c3d1f0-span2.png?1735535816,"Marion County, US, IN",39.7817096702,-86.1384716976,1569
227784,2025 Florida - Georgia iNaturalist City Nature Challenge,2025-florida-georgia-inaturalist-city-nature-challenge,701,https://static.inaturalist.org/projects/227784-icon-f46e2cbcff0b2a130bbe3832b4772130-span2.jpeg?1736539804,"Grady County, GA, US",30.8746728347,-84.234426346,1561
231431,City Nature Challenge 2025: Madrid,city-nature-challenge-2025-madrid,161702,https://static.inaturalist.org/projects/231431-icon-d26b99a4a22122ede02cc1e6153ce9b2-span2.png?1744701769,Madrid municipio,40.4654287618,-3.6964669665,594
223178,BIOMARATON CNC COLMENAR VIEJO 2025,biomaraton-cnc-colmenar-viejo-2025,8102,https://static.inaturalist.org/projects/223178-icon-5d5f6b62837842ce3d9f52dc377abd61-span2.?1731666844,"Colmenar Viejo, MD, ES",40.6642465912,-3.7458004577,261
227260,Biomarató 2025: Pla de l'Estany,biomarato-2025-pla-de-l-estany,140337,https://static.inaturalist.org/projects/227260-icon-7096101ebc07e29ce4712448b93c660b-span2.jpg?1742485675,Pla de l'Estany,42.1255947009,2.786394066,288
228206,City Nature Challenge 2025. Spain: El Vendrell - Tarragona (ALFAwetlands Living Lab site),city-nature-challenge-2025-spain-el-vendrell-tarragona-alfawetlands-living-lab-site,208110,https://static.inaturalist.org/projects/228206-icon-d1a2dfebbbdc1359e6922a5cd9a121d9-span2.jpg?1739260840,ALFAWetlands_Spain_Tarragona,41.1979740005,1.5577975228,50
227939,CNC 2025 CREVILLENT I ESPAIS NATURALS,cnc-2025-crevillent-i-espais-naturals,185994,https://static.inaturalist.org/projects/227939-icon-ae7522bb3bb84e20f9549777f903227b-span2.png?1737885010,Sierra de Crevillent,38.2703219791,-0.8408030578,381
227940,BIOMARATÓ CNC 2025 SANTA POLA,biomarato-cnc-2025-santa-pola,208699,https://static.inaturalist.org/projects/227940-icon-f942255ba608ef24cface4455b0df801-span2.png?1737890601,Santa Pola,38.2035081399,-0.5773003981,60
229914,Biomaraton CNC Villafruela 2025,biomaraton-cnc-villafruela-2025,188729,https://static.inaturalist.org/projects/229914-icon-8f09b4314cb030021b08312e0cbc88b7-span2.png?1738227128,"Villafruela y espacios naturales, Burgos",41.922209285,-3.9149773599,291
232169,City Nature Challenge 2025: Overstrand,city-nature-challenge-2025-overstrand,137973,https://static.inaturalist.org/projects/232169-icon-d2462a96395b0b2722c989130d658113-span2.jpg?1741948273,"Overstrand, WC, ZA",-34.4712940771,19.3716484215,1811
224219,City Nature Challenge 2025: Los Angeles County,city-nature-challenge-2025-los-angeles-county,962,https://static.inaturalist.org/projects/224219-icon-ca2ee59c03cd0e416c8a61b3487ed573-span2.jpg?1739487154,"Los Angeles County, US, CA",34.1980014782,-118.2610169697,2853
226032,City Nature Challenge 2025: San Francisco Bay Area,city-nature-challenge-2025-san-francisco-bay-area,54321,https://static.inaturalist.org/projects/226032-icon-9b3b9ec0a1f818fd5d0bc3c25dad5597-span2.png?1734635622,"San Francisco Bay Area, CA, US",37.8786225,-122.4203475,3993
222414,City Nature Challenge 2025: Greater Melbourne,city-nature-challenge-2025-greater-melbourne,14596,https://static.inaturalist.org/projects/222414-icon-ba2158cba6f5768da3170226e98a40b1-span2.jpg?1734938843,"Banyule - North, VI, AU",-37.7121174092,145.1063676735,2300
227599,CNC2025: Desafío Mendoza,cnc2025-desafio-mendoza,10421,https://static.inaturalist.org/projects/227599-icon-e378c668b658f106877ba35937ae9781-span2.png?1738355968,"Mendoza, AR",-34.6286514751,-68.5866790483,204
227087,City Nature Challenge 2025: Greater Sydney,city-nature-challenge-2025-greater-sydney,188912,https://static.inaturalist.org/projects/227087-icon-65df400ba21977d30089cb94695be1a5-span2.png?1735945987,"Campbelltown City Council, NS, AU",-34.0834693234,150.845773274,1636
229177,Reto Ciudad Naturaleza 2025: La Paz  (CNC),reto-ciudad-naturaleza-2025-la-paz-cnc,131419,https://www.inaturalist.org/attachment_defaults/general/span2.png,"La Paz , LP, BO",-16.3816394051,-68.1039753947,3338
225307,City Nature Challenge 2025: Lethbridge,city-nature-challenge-2025-lethbridge,136029,https://static.inaturalist.org/projects/225307-icon-aeef5c10abfe6e64e68e6bb22e997ab3-span2.png?1733851213,"Lethbridge, Alberta, Canada, AB, CA",49.6877356361,-112.844053573,487
220854,City Nature Challenge 2025: Abbotsford,city-nature-challenge-2025-abbotsford,196584,https://www.inaturalist.org/attachment_defaults/general/span2.png,"Abbotsford, BC",49.0722399977,-122.2767181623,654
230076,City Nature Challenge 2025: Alpiarça,city-nature-challenge-2025-alpiarca,18387,https://www.inaturalist.org/attachment_defaults/general/span2.png,"Alpiarça, SA, PT",39.2411299116,-8.5705643442,284
225635,CNC2025: Desafío Buenos Aires y CABA,cnc2025-desafio-buenos-aires-y-caba,10434,https://static.inaturalist.org/projects/225635-icon-7ca18a7d2f0f1226809265329682b021-span2.png?1734147154,"Ciudad de Buenos Aires, AR",-34.6002241444,-58.4204964846,841
227284,CNC 2025: Mar del Plata /Mar Chiquita,cnc-2025-mar-del-plata-mar-chiquita,14134,https://static.inaturalist.org/projects/227284-icon-66836744213fc80898cd051ac51cca13-span2.jpg?1741383772,"General Pueyrredón, BA, AR",-37.9907192563,-57.7205165276,22
227555,CNC2025: Desafío Chaco,cnc2025-desafio-chaco,10419,https://static.inaturalist.org/projects/227555-icon-c16a4923d4a699fbc2ea6b066b9b853e-span2.png?1736364252,"Chaco, AR",-26.3873749499,-60.766741836,39
227556,CNC2025: Desafío Córdoba,cnc2025-desafio-cordoba,10438,https://static.inaturalist.org/projects/227556-icon-97271138b7fce4d6274cd55d037fdecc-span2.png?1736364391,"Córdoba, AR",-32.1412180977,-63.799547769,229
227557,CNC2025: Desafío Corrientes,cnc2025-desafio-corrientes,10439,https://static.inaturalist.org/projects/227557-icon-8aa58fcb742808cd3d452b1b5708b314-span2.png?1736364513,"Corrientes, AR",-28.7765197928,-57.8058586394,38
227558,CNC2025: Desafío Entre Ríos,cnc2025-desafio-entre-rios,10440,https://static.inaturalist.org/projects/227558-icon-b7b7f1fc513bb796b2861d12761f4501-span2.png?1736364615,"Entre Ríos, AR",-32.0547387348,-59.2028958102,213
230749,Reto Naturalista Urbano 2025: Mexicali,reto-naturalista-urbano-2025-mexicali,200695,https://static.inaturalist.org/projects/230749-icon-9d8563a8ba09e5587bde9acd99b72efa-span2.png?1738899067,Municipio de Mexicali,32.1692226335,-115.3296630932,193
225605,City Nature Challenge 2025: Swansea (City and County),city-nature-challenge-2025-swansea-city-and-county,30500,https://www.inaturalist.org/attachment_defaults/general/span2.png,"Swansea, Wales, GB",51.606051839,-4.0974304816,611
229694,City Nature Challenge 2025: Cardiff & Newport,city-nature-challenge-2025-cardiff-newport,30496,https://static.inaturalist.org/projects/229694-icon-763f3f36a7c1180c20e609980ce99476-span2.png?1742226203,"Newport, Wales, GB",51.556232726,-2.9450231786,639
230826,"City Nature Challenge 2025: Kanawha Co, WV",city-nature-challenge-2025-kanawha-co-wv,1668,https://static.inaturalist.org/projects/230826-icon-aa1210274ce447e4e3ebcfe520f8b819-span2.png?1745504552,"Kanawha County, US, WV",38.3365748224,-81.5281178797,185
230133,City Nature Challenge 2025 Thurston County,city-nature-challenge-2025-thurston-county,1666,https://www.inaturalist.org/attachment_defaults/general/span2.png,"Thurston County, US, WA",46.9295010693,-122.8320755914,567
228994,City Nature Challenge 2025: Kitsap County,city-nature-challenge-2025-kitsap-county,1231,https://www.inaturalist.org/attachment_defaults/general/span2.png,"Kitsap County, US, WA",47.6398306624,-122.6489962595,802
227435,City Nature Challenge 2025 Randolph and Tucker Counties WV,city-nature-challenge-2025-randolph-and-tucker-counties-wv,2243,https://static.inaturalist.org/projects/227435-icon-ad6b65aaead88ccf473bc0a7d3421770-span2.png?1736465323,"Randolph County, US, WV",38.7747231234,-79.8757955733,351
225392,City Nature Challenge 2025: Seattle-Tacoma Metropolitan Area,city-nature-challenge-2025-seattle-tacoma-metropolitan-area,122789,https://static.inaturalist.org/projects/225392-icon-9d812528f6541644b738d40d94e0597f-span2.jpg?1733940127,Seattle-Tacoma Metropolitan Area,47.5544079453,-121.8650722537,2144
230122,City Nature Challenge 2025: Greater Richmond Metropolitan Area,city-nature-challenge-2025-greater-richmond-metropolitan-area,124969,https://static.inaturalist.org/projects/230122-icon-b68ab9b83725351495b05b8cd91490c7-span2.png?1738348379,"Richmond, Petersburg, Charles City, Chesterfield, Hanover, Henrico, New Kent , US, Richmond, VA",37.5266848045,-77.3633445273,850
227777,City Nature Challenge 2025: Southwest Virginia,city-nature-challenge-2025-southwest-virginia,1235,https://static.inaturalist.org/projects/227777-icon-4b79ac4f4d91ec05e8c6ac6f3b55fa6d-span2.jpg?1736535689,"Washington County, US, VA",36.7244707411,-81.9596783462,687
227776,City Nature Challenge 2025: Allegheny and Shenandoah Mountains,city-nature-challenge-2025-allegheny-and-shenandoah-mountains,2001,https://static.inaturalist.org/projects/227776-icon-0b7d3ba29bd9eea631cc3ec66c931a47-span2.jpg?1736535478,"Bath County, US, VA",38.0586922706,-79.7410892462,415
227774,City Nature Challenge 2025: Virginia Pinelands,city-nature-challenge-2025-virginia-pinelands,2929,https://static.inaturalist.org/projects/227774-icon-458d9f9abfd56443670a5ad7f58a09a8-span2.jpg?1736535271,"Sussex County, US, VA",36.9217518995,-77.2617946182,823
227770,City Nature Challenge 2025: Accomack & Northampton Counties,city-nature-challenge-2025-accomack-northampton-counties,1913,https://static.inaturalist.org/projects/227770-icon-77c22339b1524b871f5d8b20f76cd7b9-span2.jpg?1736532950,"Accomack County, US, VA",37.764939232,-75.7565570334,499
227773,City Nature Challenge 2025: Charlottesville Region,city-nature-challenge-2025-charlottesville-region,2913,https://static.inaturalist.org/projects/227773-icon-eb39154d6d457d8799ab06e66626078d-span2.jpg?1736533478,"Albemarle County, US, VA",38.0229216145,-78.5565312719,1172
230138,"City Nature Challenge 2025: Bolton, VT",city-nature-challenge-2025-bolton-vt,55396,https://static.inaturalist.org/projects/230138-icon-78e10309e771ced9f9540fa0da2bcad1-span2.jpg?1738359117,"Bolton, US, VT",44.4000865,-72.877249,185
229866,City Nature Challenge 2025: Greater Burlington,city-nature-challenge-2025-greater-burlington,50939,https://static.inaturalist.org/projects/229866-icon-9a554ad408b17bfbe5491dcd6fea1ab8-span2.png?1738180218,"Burlington, US, VT",44.4928957075,-73.2265795407,756
227304,City Nature Challenge 2025: Utah's Wasatch,city-nature-challenge-2025-utah-s-wasatch,2995,https://static.inaturalist.org/projects/227304-icon-5ca210854e787e6647f846b58ea01ead-span2.png?1740503967,"Box Elder County, US, UT",41.5210175738,-113.0820245951,1344
228498,City Nature Challenge 2025: Jefferson County,city-nature-challenge-2025-jefferson-county,980,https://static.inaturalist.org/projects/228498-icon-ade08cbf0f991babac68af5ff82f7a36-span2.png?1742408451,"Jefferson County, US, TX",29.853728924,-94.1534394591,147
228482,City Nature Challenge 2025: Matagorda County,city-nature-challenge-2025-matagorda-county,2641,https://static.inaturalist.org/projects/228482-icon-9d30d1b1e8bad0a408df4607ba7743cd-span2.png?1742408496,"Matagorda County, TX, US",28.7856505534,-96.0039807561,27
230033,City Nature Challenge 2025: Tyler/East Texas,city-nature-challenge-2025-tyler-east-texas,1521,https://www.inaturalist.org/attachment_defaults/general/span2.png,"Anderson County, US, TX",31.8133256714,-95.652547181,1010
229897,"City Nature Challenge 2025: Paris/Lamar County, TX, USA",city-nature-challenge-2025-paris-lamar-county-tx-usa,2639,https://static.inaturalist.org/projects/229897-icon-883ccfae8e6e7598396a93fc29bdcf77-span2.jpg?1745617106,"Lamar County, US, TX",33.6672620542,-95.5712007165,322
229873,City Nature Challenge 2025: El Paso,city-nature-challenge-2025-el-paso,982,https://www.inaturalist.org/attachment_defaults/general/span2.png,"El Paso County, TX, US",31.7685507128,-106.2348287294,992
228139,City Nature Challenge 2025: Heart of Texas,city-nature-challenge-2025-heart-of-texas,1878,https://static.inaturalist.org/projects/228139-icon-fec68140a1fb78c115423a449f100fa7-span2.jpg?1744663442,"Bell County, US, TX",31.0376717121,-97.4782023946,2326
227350,City Nature Challenge 2025: Dallas/Fort Worth,city-nature-challenge-2025-dallas-fort-worth,57484,https://static.inaturalist.org/projects/227350-icon-2c6456a80b47d105f9cc7e29bb18f9f4-span2.png?1736213896,"DFW Metroplex, TX, US",32.7435276462,-97.0715475082,4285
222480,"City Nature Challenge 2025: Brazos Valley, TX",city-nature-challenge-2025-brazos-valley-tx,799,https://static.inaturalist.org/projects/222480-icon-f8ccbf5383f3c5fea03954162983198b-span2.png?1736286305,"Brazos County, TX, US",30.6607996934,-96.3023855796,1628
228098,City Nature Challenge 2025: Walker & Trinity County Texas,city-nature-challenge-2025-walker-trinity-county-texas,1216,https://www.inaturalist.org/attachment_defaults/general/span2.png,"Trinity County, US, TX",31.0888165609,-95.1355085736,131
230130,City Nature Challenge 2025: Texas Big Country,city-nature-challenge-2025-texas-big-country,1804,https://www.inaturalist.org/attachment_defaults/general/span2.png,"Jones County, US, TX",32.7399038738,-99.8787442501,792
203096,City Nature Challenge 2025: San Antonio Metro Area,city-nature-challenge-2025-san-antonio-metro-area,121345,https://static.inaturalist.org/projects/203096-icon-span2.?1727662249,"Greater San Antonio Metro Area, US, TX",29.4283759955,-98.6028260344,5021
224759,"City Nature Challenge 2025: Wichita Falls, Texas -Rolling Plains Chapter TMN Region",city-nature-challenge-2025-wichita-falls-texas-rolling-plains-chapter-tmn-region,1768,https://static.inaturalist.org/projects/224759-icon-16f3af9cd9ed8db002e2e492bf97cd38-span2.png?1734737622,"Archer County, US, TX",33.6152525556,-98.6876492947,805
229754,"City Nature Challenge 2025: Nashville, TN",city-nature-challenge-2025-nashville-tn,2694,https://static.inaturalist.org/projects/229754-icon-988fe2ff2cda394d2061bcc5866ba2ea-span2.png?1738093096,"Davidson County, US, TN",36.1694577271,-86.7849302231,803
230340,City Nature Challenge 2025: Greater Chattanooga Area,city-nature-challenge-2025-greater-chattanooga-area,107064,https://static.inaturalist.org/projects/230340-icon-997b83a1da87dc4fc72642769046dcd0-span2.jpg?1738598897,"DeKalb County, AL, US",34.4597728137,-85.8041414489,1477
229943,City Nature Challenge 2025: Knox Area,city-nature-challenge-2025-knox-area,1699,https://static.inaturalist.org/projects/229943-icon-6b797de6910a4d5f14a453edf0acef85-span2.jpg?1738249457,"Anderson County, US, TN",36.1184426465,-84.1984630324,1611
229300,City Nature Challenge 2025:Northeast Tennessee,city-nature-challenge-2025-northeast-tennessee,793,https://www.inaturalist.org/attachment_defaults/general/span2.png,"Johnson County, US, TN",36.4549363188,-81.8517549301,1129
227450,City Nature Challenge 2025: Memphis-Shelby County,city-nature-challenge-2025-memphis-shelby-county,933,https://static.inaturalist.org/projects/227450-icon-aa031036633940d8e3f6d26bf890a92b-span2.jpg?1736285731,"Shelby County, TN, US",35.1839961724,-89.8955955699,965
229882,City Nature Challenge 2025: The Grand Strand,city-nature-challenge-2025-the-grand-strand,472,https://static.inaturalist.org/projects/229882-icon-2c5f698290e6fe1c77e36263bb741ada-span2.png?1738357738,"Horry County, US, SC",33.9044792856,-78.9761494586,420
221330,City Nature Challenge 2025: Providence Area,city-nature-challenge-2025-providence-area,8,https://static.inaturalist.org/projects/221330-icon-5acceaf697a284872bc80d12a2f2c796-span2.png?1737246141,"Rhode Island, US",41.5946290792,-71.5247424878,808
229874,City Nature Challenge 2025: Bethlehem,city-nature-challenge-2025-bethlehem,198366,https://www.inaturalist.org/attachment_defaults/general/span2.png,"Bethlehem, PA, US",40.6210637847,-75.3707954274,271
229100,City Nature Challenge 2025: Erie County,city-nature-challenge-2025-erie-county,1055,https://static.inaturalist.org/projects/229100-icon-33973dc103fb54de49884bf5ab03534a-span2.png?1737572322,"Erie County, PA, US",42.1174762417,-80.0981063578,681
225619,City Nature Challenge 2025: Berks County,city-nature-challenge-2025-berks-county,721,https://www.inaturalist.org/attachment_defaults/general/span2.png,"Berks County, PA, US",40.4162956596,-75.9259989067,925
230127,City Nature Challenge 2025: Pittsburgh Region,city-nature-challenge-2025-pittsburgh-region,913,https://www.inaturalist.org/attachment_defaults/general/span2.png,"Allegheny County, US, PA",40.4688336878,-79.9811946288,1761
224831,City Nature Challenge 2025: Greater Philadelphia Area,city-nature-challenge-2025-greater-philadelphia-area,2983,https://static.inaturalist.org/projects/224831-icon-bede7c6d5c1c805bceab8005b3807be5-span2.jpg?1741884226,"Philadelphia County, PA, US",40.0076376824,-75.1339618215,2179
226093,City Nature Challenge 2025: Northeast Pennsylvania,city-nature-challenge-2025-northeast-pennsylvania,965,https://www.inaturalist.org/attachment_defaults/general/span2.png,"Lackawanna County, US, PA",41.4367859493,-75.6091957358,634
202264,City Nature Challenge 2025: PA Endless Mountains Region,city-nature-challenge-2025-pa-endless-mountains-region,871,https://static.inaturalist.org/projects/202264-icon-span2.png?1715180956,"Bradford County, US, PA",41.7886677147,-76.515452546,404
226537,"City Nature Challenge 2025 Salem, Oregon, USA",city-nature-challenge-2025-salem-oregon-usa,197275,https://www.inaturalist.org/attachment_defaults/general/span2.png,"City of Salem, Oregon, USA, OR, US",44.9232503768,-123.024341672,227
226832,City Nature Challenge 2025: Bend,city-nature-challenge-2025-bend,197304,https://www.inaturalist.org/attachment_defaults/general/span2.png,Bend City Nature Challenge ,44.0401959356,-121.3341819074,171
229966,City Nature Challenge 2025: Cincinnati-Hamilton County,city-nature-challenge-2025-cincinnati-hamilton-county,3059,https://static.inaturalist.org/projects/229966-icon-0adb87d3bdfc016369d1c0343fc2ff74-span2.jpg?1744306693,"Hamilton County, US, OH",39.1955310014,-84.5427747436,1017
229885,"City Nature Challenge 2025: Clark County, OH",city-nature-challenge-2025-clark-county-oh,1437,https://www.inaturalist.org/attachment_defaults/general/span2.png,"Clark County, US, OH",39.9167775627,-83.7838964744,158
228507,"City Nature Challenge 2025: Butler County, OH",city-nature-challenge-2025-butler-county-oh,657,https://static.inaturalist.org/projects/228507-icon-fa5a8d2bc13971fe9e1010103ccdfff3-span2.png?1737064290,"Butler County, US, OH",39.4386164767,-84.5756449338,363
228047,City Nature Challenge 2025: Cleveland-Akron-Canton-Toledo,city-nature-challenge-2025-cleveland-akron-canton-toledo,179337,https://static.inaturalist.org/projects/228047-icon-53bcf093e1d588f7f9c6bcf0ab68b045-span2.png?1736731251,"Lucas-Ottawa-Sandusky, Ohio",41.4927943959,-83.308548089,1456
227279,City Nature Challenge 2025: Columbus Ohio,city-nature-challenge-2025-columbus-ohio,356,https://static.inaturalist.org/projects/227279-icon-c773a2f5c383d583089d6b99b9eef9e6-span2.png?1736169398,"Franklin County, US, OH",39.9695460046,-83.0092981626,769
227560,CNC2025: Desafío Jujuy,cnc2025-desafio-jujuy,7596,https://static.inaturalist.org/projects/227560-icon-dbfc3e9fe5483efd3f72b74f87600ce2-span2.png?1736364722,"Jujuy, AR",-23.3174642322,-65.7621906636,36
225637,CNC2025: Desafío La Pampa,cnc2025-desafio-la-pampa,10442,https://static.inaturalist.org/projects/225637-icon-8f55d4930aa375bef81365413032e00a-span2.png?1734147830,"La Pampa, AR",-37.1303109315,-65.4483377446,267
227561,CNC2025: Desafío Misiones,cnc2025-desafio-misiones,10422,https://static.inaturalist.org/projects/227561-icon-da081b1b1e9b6b2c50ce730b55aa9557-span2.png?1736364830,"Misiones, AR",-26.8748759562,-54.6472770098,250
227562,CNC2025: Desafío Río Negro,cnc2025-desafio-rio-negro,12982,https://static.inaturalist.org/projects/227562-icon-cc90f6eb240f8a4248f60bbbbb01dc55-span2.png?1736364983,"Río Negro, AR",-40.4131988378,-67.2021231212,141
229918,City Nature Challenge 2025: Kraków,city-nature-challenge-2025-krakow,198454,https://static.inaturalist.org/projects/229918-icon-9d3836f2f4931e178eec5d441b9fbe60-span2.png?1743064415,"Kraków Administrative Border, MA, PL",50.053163752,19.9850687823,765
225321,Reto Naturalista Urbano 2025: Bucaramanga,reto-naturalista-urbano-2025-bucaramanga,135899,https://static.inaturalist.org/projects/225321-icon-f148c8fd597539c30a74570e0dc1bbad-span2.jpg?1742506748,"Área Metropolitana de Bucaramanga, ST, CO",7.0257791887,-73.1210822627,917
227563,CNC2025: Desafío Salta,cnc2025-desafio-salta,10424,https://static.inaturalist.org/projects/227563-icon-09b928e58d9131b5857dc81c1837eb25-span2.png?1736365194,"Salta, AR",-24.2957540629,-64.8202085356,97
227564,CNC2025: Desafío Santa Cruz,cnc2025-desafio-santa-cruz,12983,https://static.inaturalist.org/projects/227564-icon-583d84194dd978f3bee2ca60a1e0b7e7-span2.png?1736365317,"Santa Cruz, AR",-48.8180140513,-69.8938657741,10
227129,Desafío naturalista entre ciudades 2025: Funes,desafio-naturalista-entre-ciudades-2025-funes,196827,https://static.inaturalist.org/projects/227129-icon-9a09839319a73765cfcb4eb9830a26c9-span2.jpg?1741448142,"Funes, SF, AR",-32.9257675298,-60.8261608745,133
227565,CNC2025: Desafío Santiago del Estero,cnc2025-desafio-santiago-del-estero,7191,https://static.inaturalist.org/projects/227565-icon-3ff0076db916411a468bd49902153b78-span2.png?1745368325,"Santiago del Estero, AR",-27.7822284339,-63.2584765813,19
227567,"CNC2025: Desafío Tierra del Fuego, Antártida e Islas del Atlántico Sur",cnc2025-desafio-tierra-del-fuego-antartida-e-islas-del-atlantico-sur,9120,https://static.inaturalist.org/projects/227567-icon-8560009dc01d69e7a21f86bbbbf60bd4-span2.png?1736365632,"Tierra del Fuego, AR",-54.3373943398,-67.2075342091,102
227568,CNC2025: Desafío Tucumán,cnc2025-desafio-tucuman,10426,https://static.inaturalist.org/projects/227568-icon-350fadbfb7ed8296782ac0c49f175d8d-span2.png?1736365742,"Tucumán, AR",-26.9437919643,-65.3656983589,23
231186,City Nature Challenge 2025: City of Logan,city-nature-challenge-2025-city-of-logan,144326,https://www.inaturalist.org/attachment_defaults/general/span2.png,"Logan LGA, QL, AU",-27.762394485,153.0401259144,485
229895,City Nature Challenge 2025: Launceston & Tamar Valley,city-nature-challenge-2025-launceston-tamar-valley,14581,https://static.inaturalist.org/projects/229895-icon-f249b74442cb406edc2556a24b5f6816-span2.png?1738202821,"Launceston - Pt B, TS, AU",-41.4002101957,147.149430721,236
218931,City Nature Challenge 2025: Mittelkärnten,city-nature-challenge-2025-mittelkaernten,14877,https://static.inaturalist.org/projects/218931-icon-span2.?1727715511,"Klagenfurt, KA, AT",46.6361500628,14.2890482016,1160
225285,City Nature Challenge 2025: Nationalparkregion Gesäuse,city-nature-challenge-2025-nationalparkregion-gesaeuse,145949,https://static.inaturalist.org/projects/225285-icon-7cdf5a5755bb0f93980c59a92ab2c681-span2.png?1733826774,Nationalpark Gesäuse,47.5795915869,14.6432922801,366
225365,City Nature Challenge 2025: Elsbeere Wienerwald,city-nature-challenge-2025-elsbeere-wienerwald,197885,https://www.inaturalist.org/attachment_defaults/general/span2.png,Elsbeere_Wienerwald,48.1610718888,15.8282215992,673
229928,City Nature Challenge 2025: Marchegg,city-nature-challenge-2025-marchegg,14888,https://www.inaturalist.org/attachment_defaults/general/span2.png,"Gänserndorf, NO, AT",48.3537545939,16.7529416716,197
228867,City Nature Challenge 2025: St. Pölten,city-nature-challenge-2025-st-poelten,210180,https://static.inaturalist.org/projects/228867-icon-8a71d08021b8c5a3ab36cf9c288cc973-span2.png?1737370150,"St. Pölten, NO, AT",48.1989334046,15.6419473337,801
220961,City Nature Challenge 2025: Krems - Wachau - Melk,city-nature-challenge-2025-krems-wachau-melk,146791,https://static.inaturalist.org/projects/220961-icon-2bf38efeab0d2bebbff722574081e138-span2.png?1745391184,"Krems-Stadt, NO, AT",48.4090162555,15.6181201718,1114
224160,City Nature Challenge 2025: Neusiedler See/Seewinkel,city-nature-challenge-2025-neusiedler-see-seewinkel,199615,https://static.inaturalist.org/projects/224160-icon-cc2d380246b210b0b4040fa125bb60fc-span2.png?1739283537,"Fertő-Hanság, HU",47.6601369281,16.9057433952,823
228551,City Nature Challenge 2025: Amstetten - Waidhofen/Ybbs,city-nature-challenge-2025-amstetten-waidhofen-ybbs,197121,https://static.inaturalist.org/projects/228551-icon-9be8753779c9c3fb18626dcf6355f8c3-span2.png?1743772609,"Amstetten, AT",48.0341511241,14.7471315644,547
220708,City Nature Challenge 2025: Graz bis zum Vulkanland,city-nature-challenge-2025-graz-bis-zum-vulkanland,208731,https://static.inaturalist.org/projects/220708-icon-span2.?1729511536,Graz (korrekte Grenzen),47.0751264147,15.4393467975,4904
226061,City Nature Challenge 2025: Innsbruck,city-nature-challenge-2025-innsbruck,14952,https://static.inaturalist.org/projects/226061-icon-5f25639e1ab9143001ae9ec6346dbfcb-span2.png?1743525452,"Innsbruck, TR, AT",47.288239123,11.3796795007,1654
224108,City Nature Challenge 2025: Wien,city-nature-challenge-2025-wien,129695,https://www.inaturalist.org/attachment_defaults/general/span2.png,"Wien exakt, AT",48.2084428798,16.3778432885,1660
228313,City Nature Challenge 2025: Abşeron Peninsula,city-nature-challenge-2025-abseron-peninsula,96782,https://static.inaturalist.org/projects/228313-icon-aa127772dff2051e3ada31baafa6963d-span2.png?1740998890,"Absheron, AZ",40.4138004232,49.5645977477,406
224721,City Nature Challenge 2025: Brussels-Capital Region,city-nature-challenge-2025-brussels-capital-region,212226,https://static.inaturalist.org/projects/224721-icon-996101ea7cd6edd927377c948d909ded-span2.png?1737667548,"Uccle / Ukkel, BE",50.7898690447,4.3613785922,595
230031,RETO CIUDAD NATURALEZA RIBERALTA 2025,reto-ciudad-naturaleza-riberalta-2025,147313,https://static.inaturalist.org/projects/230031-icon-ef725100bc7ee5d65efbeaf48ccc78ad-span2.png?1740172778,"Riberalta, EB, BO",-11.2060176388,-65.942805574,453
225626,Reto Ciudad Naturaleza 2025:Santa Cruz,reto-ciudad-naturaleza-2025-santa-cruz,195126,https://static.inaturalist.org/projects/225626-icon-57b5360f7602fd1c252954c2b2e57fae-span2.png?1734131097,"Santa Cruz, Bolivia",-17.2144894701,-61.5217754498,3100
227161,City Nature Challenge 2025: Triangle Area,city-nature-challenge-2025-triangle-area,1114,https://static.inaturalist.org/projects/227161-icon-0750db5daea87bea301edeb749718967-span2.jpg?1736033418,"Cumberland County, US, NC",35.0485920016,-78.8274381449,2727
225666,City Nature Challenge 2025: Charlotte Metro Region,city-nature-challenge-2025-charlotte-metro-region,2178,https://static.inaturalist.org/projects/225666-icon-13e5c673d4d771887a7a3bcb1b650f5a-span2.png?1734196676,"Cabarrus County, US, NC",35.3869062621,-80.5520606294,1656
228357,"City Nature Challenge 2025: Piedmont, NC",city-nature-challenge-2025-piedmont-nc,2723,https://static.inaturalist.org/projects/228357-icon-4425d2a212088571edcc8cde836c2d34-span2.jpg?1736954202,"Guilford County, US, NC",36.0794514702,-79.7890131113,1489
222463,City Nature Challenge 2025: Team Coastal NC,city-nature-challenge-2025-team-coastal-nc,455,https://www.inaturalist.org/attachment_defaults/general/span2.png,"New Hanover County, US, NC",34.1814083918,-77.8656139943,1400
225380,City Nature Challenge 2025: Western NC,city-nature-challenge-2025-western-nc,2399,https://www.inaturalist.org/attachment_defaults/general/span2.png,"Alleghany County, US, NC",36.4913386564,-81.127189704,2437
202071,City Nature Challenge 2025: New York City,city-nature-challenge-2025-new-york-city,674,https://static.inaturalist.org/projects/202071-icon-d68fe0edf6a843232db914825a45d1fb-span2.png?1745602063,"New York City, US, NY",40.70352,-73.982335,1886
229527,"City Nature Challenge 2025: Rochester, NY",city-nature-challenge-2025-rochester-ny,1898,https://static.inaturalist.org/projects/229527-icon-ee91aad04df6c574e1da82721711b088-span2.png?1737914490,"Livingston County, US, NY",42.7280752312,-77.7754919165,678
228406,City Nature Challenge 2025: ABQ,city-nature-challenge-2025-abq,2390,https://static.inaturalist.org/projects/228406-icon-b6697b5278c0b7c951ce93f7203f3597-span2.jpg?1740089015,"Bernalillo County, US, NM",35.0513140102,-106.670171275,1723
229021,City Nature Challenge 2025: Silver City area,city-nature-challenge-2025-silver-city-area,3051,https://static.inaturalist.org/projects/229021-icon-d38cdde1ec52a072366fd35194a5360d-span2.png?1737505624,"Grant County, US, NM",32.7390140985,-108.3822462773,385
229097,"City Nature Challenge 2025: Nashua, NH",city-nature-challenge-2025-nashua-nh,211312,https://static.inaturalist.org/projects/229097-icon-05042e18170f8e327e46a88098b674a6-span2.png?1742307052,Nashua,42.7491004672,-71.4909614886,192
230806,"City Nature Challenge 2025: Carroll County, NH",city-nature-challenge-2025-carroll-county-nh,652,https://static.inaturalist.org/projects/230806-icon-dc331741c1b5943dcbd017570348c36c-span2.jpg?1739291882,"Carroll County, US, NH",43.8739141341,-71.2027699131,134
230804,"City Nature Challenge 2025: Manchester, NH",city-nature-challenge-2025-manchester-nh,211939,https://static.inaturalist.org/projects/230804-icon-cb31f653a3c6c03b62894be1dc3f1314-span2.jpg?1739291906,"Manchester, New Hampshire",42.9847818953,-71.4446951887,147
228101,City Nature Challenge 2025: Carson City,city-nature-challenge-2025-carson-city,119070,https://static.inaturalist.org/projects/228101-icon-041dc2f788d2797f9e1c5b73dd441c67-span2.jpg?1736788032,"Washoe Lake State Park, US, NV",39.2531870883,-119.7819140924,47
226588,City Nature Challenge 2025: Lincoln- Lancaster County,city-nature-challenge-2025-lincoln-lancaster-county,2338,https://static.inaturalist.org/projects/226588-icon-b559edd6d1d88835cb2b5191ae1d8f19-span2.jpg?1742420344,"Lancaster County, US, NE",40.7841738686,-96.6877552403,557
225332,"City Nature Challenge 2025: Park County, MT",city-nature-challenge-2025-park-county-mt,2333,https://www.inaturalist.org/attachment_defaults/general/span2.png,"Park County, US, MT",45.4883821249,-110.5266627163,57
225331,"City Nature Challenge 2025: Missoula County, MT",city-nature-challenge-2025-missoula-county-mt,366,https://www.inaturalist.org/attachment_defaults/general/span2.png,"Missoula County, US, MT",47.0365257138,-113.923739958,241
225330,"City Nature Challenge 2025: Lincoln County, MT",city-nature-challenge-2025-lincoln-county-mt,3012,https://www.inaturalist.org/attachment_defaults/general/span2.png,"Lincoln County, US, MT",48.5424750901,-115.4050828218,120
225329,"City Nature Challenge 2025: Gallatin County, MT",city-nature-challenge-2025-gallatin-county-mt,453,https://www.inaturalist.org/attachment_defaults/general/span2.png,"Gallatin County, US, MT",45.5403896561,-111.1703688234,69
229880,City Nature Challenge 2025: Arrowhead Region,city-nature-challenge-2025-arrowhead-region,13500,https://static.inaturalist.org/projects/229880-icon-3ee23e64986261009772a7b92b6153bf-span2.jpg?1741204158,"Cook County, US, MN",47.7266526559,-90.3860049806,543
225506,City Nature Challenge 2025: Brainerd Lakes Area,city-nature-challenge-2025-brainerd-lakes-area,13484,https://static.inaturalist.org/projects/225506-icon-0743f62cf32b1a9eb1baa9cf3912345d-span2.png?1734976332,"Crow Wing County, US, MN",46.4823736736,-94.0708739926,241
227445,City Nature Challenge 2025: Minneapolis-St. Paul,city-nature-challenge-2025-minneapolis-st-paul,13522,https://static.inaturalist.org/projects/227445-icon-1d4da7d0aac3645e222529ebf047f230-span2.png?1736281223,"Anoka County, US, MN",45.2732419673,-93.2464677204,1110
230010,City Nature Challenge 2025: Detroit Tri-County Area,city-nature-challenge-2025-detroit-tri-county-area,1855,https://www.inaturalist.org/attachment_defaults/general/span2.png,"Macomb County, US, MI",42.6727947655,-82.9101578695,1115
230105,City Nature Challenge 2025: Greater Lansing Area,city-nature-challenge-2025-greater-lansing-area,131394,https://static.inaturalist.org/projects/230105-icon-e29a2affcbc1ea8c284047f4c942eff9-span2.png?1744373234,"Lansing-East Lansing-Owosso CSA (Ingham, Clinton, Eaton, & Shiawassee Counties), MI, US",42.7388752571,-84.4942789655,717
228295,"City Nature Challenge 2025: Marquette, MI",city-nature-challenge-2025-marquette-mi,2266,https://static.inaturalist.org/projects/228295-icon-cee78d71288bb3ab405d8f19951bb13e-span2.png?1736910004,"Marquette County, US, MI",46.662952054,-87.5735026461,495
225304,City Nature Challenge 2025: West Michigan,city-nature-challenge-2025-west-michigan,530,https://static.inaturalist.org/projects/225304-icon-ead298e49c17f5a0a554f6bae77f1cda-span2.png?1745426398,"Kent County, US, MI",43.0321557584,-85.5492960353,1370
221359,City Nature Challenge 2025: Southcoast Massachusetts Area,city-nature-challenge-2025-southcoast-massachusetts-area,155666,https://static.inaturalist.org/projects/221359-icon-e0f6ce8e90a74d0f21c29bbd350c3e8c-span2.png?1738358255,"Rehoboth, MA, US",41.8438889647,-71.2455869826,364
228462,City Nature Challenge 2025: Boston Area,city-nature-challenge-2025-boston-area,146061,https://static.inaturalist.org/projects/228462-icon-b9013687145b09c5b09a4bdcba2ae5eb-span2.png?1737033199,Boston Area CNC,42.1097984477,-70.6715571202,2345
228008,City Nature Challenge 2025: Western Mass,city-nature-challenge-2025-western-mass,2012,https://www.inaturalist.org/attachment_defaults/general/span2.png,"Hampshire County, US, MA",42.3401381536,-72.6637654436,1054
225785,City Nature Challenge 2025: Washington DC Metro Area,city-nature-challenge-2025-washington-dc-metro-area,118683,https://static.inaturalist.org/projects/225785-icon-0639a147428249256116936bdd2db6f4-span2.JPG?1734372148,"Washington Metropolitan Area, US",38.8334829511,-77.4742858789,3447
213521,City Nature Challenge 2025: Baton Rouge,city-nature-challenge-2025-baton-rouge,191692,https://static.inaturalist.org/projects/213521-icon-33c920a7272643f6111afb1de28bf303-span2.png?1734725767,Wild Azalea Trail,31.197216802,-92.601206012,2598
229538,City Nature Challenge 2025: Louisville Metro,city-nature-challenge-2025-louisville-metro,757,https://static.inaturalist.org/projects/229538-icon-ea425ff9ddd7dbacecefa31018ce1845-span2.JPG?1738007669,"Jefferson County, US, KY",38.1871905779,-85.6591582006,829
228119,"City Nature Challenge 2025: Lexington-Fayette County, KY",city-nature-challenge-2025-lexington-fayette-county-ky,1958,https://static.inaturalist.org/projects/228119-icon-9ef81708676e00bdf52dede8253a4334-span2.jpeg?1736796373,"Fayette County, US, KY",38.0423240909,-84.4587260137,482
223578,City Nature Challenge 2025: Greater Kansas City Metro Area,city-nature-challenge-2025-greater-kansas-city-metro-area,2756,https://www.inaturalist.org/attachment_defaults/general/span2.png,"Jackson County, US, MO",39.008502122,-94.3460913221,1088
230350,City Nature Challenge 2025 Chase County,city-nature-challenge-2025-chase-county,2762,https://static.inaturalist.org/projects/230350-icon-ac0aac8d64ebecd44760aa7f9d952510-span2.jpg?1738605232,"Chase County, US, KS",38.3020466004,-96.5939294105,35
228573,"City Nature Challenge 2025:  Johnson County, Iowa",city-nature-challenge-2025-johnson-county-iowa,287,https://static.inaturalist.org/projects/228573-icon-4400abc6e7f25decf8a2752aa847e333-span2.png?1737134467,"Johnson County, IA, US",41.6715510929,-91.5880849143,339
229854,City Nature Challenge 2025: Greater Des Moines,city-nature-challenge-2025-greater-des-moines,1582,https://static.inaturalist.org/projects/229854-icon-9e12cde800c8b4bb691a426e46f990fb-span2.png?1738169361,"Polk County, IA, US",41.6855048253,-93.5735335443,217
126512,City Nature Challenge 2025:  Fort Wayne Area,city-nature-challenge-2025-fort-wayne-area,2094,https://static.inaturalist.org/projects/126512-icon-0f0775b04d8450ecc7de23f4efab4b7c-span2.?1733168274,"Adams County, US, IN",40.7456599313,-84.9366547189,341
225780,City Nature Challenge 2025: St. Louis,city-nature-challenge-2025-st-louis,124535,https://static.inaturalist.org/projects/225780-icon-26db4aecb49c0b5ec9bcb15dfc630b1e-span2.png?1734370459,"St. Louis-St. Charles-Farmington, MO-IL Combined Statistical Area",38.6842537607,-90.2657129254,1764
202134,City Nature Challenge 2025: Chicagoland Region,city-nature-challenge-2025-chicagoland-region,1859,https://static.inaturalist.org/projects/202134-icon-55034df10360a95b3017cbfb234d538a-span2.png?1740762249,"Cook County, IL, US",41.895416779,-87.6461648852,1626
227426,City Nature Challenge 2025: Rock River Valley,city-nature-challenge-2025-rock-river-valley,2679,https://static.inaturalist.org/projects/227426-icon-486b162d40731baa80f236c1dbc5dad6-span2.png?1736270589,"Winnebago County, US, IL",42.3362645273,-89.1608527186,903
229971,City Nature Challenge 2025: Palouse Region,city-nature-challenge-2025-palouse-region,2817,https://static.inaturalist.org/projects/229971-icon-804ee7e33e003096c7f6694add0d3e5f-span2.png?1738259354,"Latah County, ID, US",46.8161275056,-116.7116797896,517
225161,"City Nature Challenge 2025: Boundary County, ID",city-nature-challenge-2025-boundary-county-id,1744,https://www.inaturalist.org/attachment_defaults/general/span2.png,"Boundary County, ID, US",48.7670009642,-116.4628497413,39
225166,"City Nature Challenge 2025: Latah County, ID",city-nature-challenge-2025-latah-county-id,2817,https://www.inaturalist.org/attachment_defaults/general/span2.png,"Latah County, ID, US",46.8161275056,-116.7116797896,193
226114,"City Nature Challenge 2025: Canyon County, ID",city-nature-challenge-2025-canyon-county-id,1820,https://static.inaturalist.org/projects/226114-icon-54fccc51ff8dbd07cc9ce8707335731f-span2.png?1738880371,"Canyon County, ID, US",43.6251335644,-116.7092925128,366
225168,"City Nature Challenge 2025: Shoshone County, ID",city-nature-challenge-2025-shoshone-county-id,3016,https://www.inaturalist.org/attachment_defaults/general/span2.png,"Shoshone County, ID, US",47.3516596517,-115.8910862402,2
225167,"City Nature Challenge 2025: Nez Perce County, ID",city-nature-challenge-2025-nez-perce-county-id,1023,https://www.inaturalist.org/attachment_defaults/general/span2.png,"Nez Perce County, US, ID",46.326760539,-116.7502353556,2
225164,"City Nature Challenge 2025: Kootenai County, ID",city-nature-challenge-2025-kootenai-county-id,600,https://www.inaturalist.org/attachment_defaults/general/span2.png,"Kootenai County, US, ID",47.6745559381,-116.7000142798,132
225163,"City Nature Challenge 2025: Idaho County, ID",city-nature-challenge-2025-idaho-county-id,2294,https://www.inaturalist.org/attachment_defaults/general/span2.png,"Idaho County, US, ID",45.84419818,-115.4674599072,46
225162,"City Nature Challenge 2025: Clearwater County, ID",city-nature-challenge-2025-clearwater-county-id,1745,https://www.inaturalist.org/attachment_defaults/general/span2.png,"Clearwater County, US, ID",46.6736925081,-115.6568909489,16
210274,"City Nature Challenge 2025: Bonner County, ID",city-nature-challenge-2025-bonner-county-id,2289,https://www.inaturalist.org/attachment_defaults/general/span2.png,"Bonner County, US, ID",48.2997582932,-116.6008014119,312
225158,"City Nature Challenge 2025: Benewah County, ID",city-nature-challenge-2025-benewah-county-id,2813,https://www.inaturalist.org/attachment_defaults/general/span2.png,"Benewah County, US, ID",47.2175509242,-116.6588258797,4
225391,City Nature Challenge 2025: Ada County,city-nature-challenge-2025-ada-county,1933,https://static.inaturalist.org/projects/225391-icon-2c19d2295539051c0a3fa88ffa59528b-span2.png?1743777823,"Ada County, US, ID",43.4511180716,-116.2410860753,671
229012,City Nature Challenge 2025: O‘ahu,city-nature-challenge-2025-o-ahu,6693,https://www.inaturalist.org/attachment_defaults/general/span2.png,"Oahu, HI, US",21.496265,-157.96006,994
228505,City Nature Challenge 2025: Glamorgan,city-nature-challenge-2025-glamorgan,30502,https://www.inaturalist.org/attachment_defaults/general/span2.png,"Vale of Glamorgan, Wales, GB",51.4049078652,-3.3314808159,338
225485,City Nature Challenge 2025: Northeast Wisconsin,city-nature-challenge-2025-northeast-wisconsin,277,https://static.inaturalist.org/projects/225485-icon-75cb5a10e3b5d76501fa5850cd81528f-span2.png?1741984983,"Winnebago County, US, WI",44.0688769025,-88.6446587449,543
227307,City Nature Challenge 2025: Houston-Galveston,city-nature-challenge-2025-houston-galveston,110679,https://static.inaturalist.org/projects/227307-icon-a8524bb4383f54ba48dd4320d67bcbef-span2.png?1736192009,"Greater Houston Area, US, TX",29.7406407353,-95.347403234,4116
225293,City Nature Challenge 2025: Atlanta,city-nature-challenge-2025-atlanta,130842,https://www.inaturalist.org/attachment_defaults/general/span2.png,"Atlanta City Nature Challenge, GA, US",33.7816359574,-84.3177308652,2385
231399,City Nature Challenge 2025: Savannah Low Country and Coastal Georgia,city-nature-challenge-2025-savannah-low-country-and-coastal-georgia,2519,https://static.inaturalist.org/projects/231399-icon-3d97f9d7e08f525e7630ac7690670e29-span2.jpg?1739365813,"Chatham County, US, GA",31.9740223075,-81.092425351,1049
228979,2025 City Nature Challenge: Alachua County,2025-city-nature-challenge-alachua-county,2511,https://www.inaturalist.org/attachment_defaults/general/span2.png,"Alachua County, US, FL",29.6747550598,-82.3577014892,1606
229762,City Nature Challenge 2025: Northeast Florida,city-nature-challenge-2025-northeast-florida,187163,https://static.inaturalist.org/projects/229762-icon-8b7dd1dddfa796bd5dcbb95c2fc61e7f-span2.jpg?1743601311,"Jacksonville, FL",30.3333913203,-81.6725821659,1330
230123,City Nature Challenge 2025: Broward County,city-nature-challenge-2025-broward-county,1798,https://www.inaturalist.org/attachment_defaults/general/span2.png,"Broward County, FL, US",26.1518563343,-80.4558859388,1423
229309,City Nature Challenge 2025: Polk County,city-nature-challenge-2025-polk-county,948,https://www.inaturalist.org/attachment_defaults/general/span2.png,"Polk County, US, FL",27.9488658218,-81.6976805473,898
229734,City Nature Challenge 2025: Fairfield and Westchester County,city-nature-challenge-2025-fairfield-and-westchester-county,155256,https://static.inaturalist.org/projects/229734-icon-7d6bfc269aad169e9d351c77c19334ad-span2.jpg?1738081864,Westchester-NY-Fairfield-CT,41.2039195211,-73.5025311875,990
225800,City Nature Challenge 2025: Denver-Boulder,city-nature-challenge-2025-denver-boulder,146793,https://static.inaturalist.org/projects/225800-icon-8d89bf4bd1dac2718debbedbd545c6e4-span2.png?1734384027,Denver-Boulder Metro Area,39.7172215084,-104.7940538673,1294
227535,City Nature Challenge 2025: Fort Collins,city-nature-challenge-2025-fort-collins,132270,https://static.inaturalist.org/projects/227535-icon-0388fe9647e578f5baf5f989e00de2db-span2.jpg?1736357043,Fort Collins and Larimer County CNC Boundary,40.5433744439,-105.0932608449,420
229199,City Nature Challenge 2025: Colorado West Slope,city-nature-challenge-2025-colorado-west-slope,162,https://static.inaturalist.org/projects/229199-icon-9c44e657e55e23802de78e7559ca91da-span2.png?1738193490,"Moffat County, US, CO",40.6184222208,-108.207290604,819
228909,City Nature Challenge 2025: Shasta County,city-nature-challenge-2025-shasta-county,1925,https://static.inaturalist.org/projects/228909-icon-e54b054e5c5d1548bb7df77e41a8e917-span2.jpg?1745677743,"Shasta County, US, CA",40.7637665971,-122.0405215247,673
227782,City Nature Challenge 2025: Fresno & Madera Counties,city-nature-challenge-2025-fresno-madera-counties,1924,https://www.inaturalist.org/attachment_defaults/general/span2.png,"Fresno County, US, CA",36.7581791893,-119.649319952,407
228512,City Nature Challenge 2025: Ventura County,city-nature-challenge-2025-ventura-county,1930,https://www.inaturalist.org/attachment_defaults/general/span2.png,"Ventura County, CA, US",34.3575285185,-119.1260271961,750
229403,City Nature Challenge 2025: Sacramento Region,city-nature-challenge-2025-sacramento-region,2282,https://static.inaturalist.org/projects/229403-icon-61dc8b2fa83cffe18ca917c24dcea67f-span2.png?1737781414,"Yolo County, US, CA",38.6866464809,-121.9016204561,1943
220415,"City Nature Challenge 2025: Monterey Bay Area, California",city-nature-challenge-2025-monterey-bay-area-california,1921,https://static.inaturalist.org/projects/220415-icon-span2.?1729169168,"Monterey County, CA, US",36.2397743973,-121.3089015575,2036
231377,City Nature Challenge 2025: Tulare County,city-nature-challenge-2025-tulare-county,1927,https://static.inaturalist.org/projects/231377-icon-47bf2b1167cb7d34920dd0834840fe3b-span2.png?1745509463,"Tulare County, CA, US",36.2201567449,-118.8004728444,414
228990,City Nature Challenge 2025: San Luis Obispo County,city-nature-challenge-2025-san-luis-obispo-county,1251,https://www.inaturalist.org/attachment_defaults/general/span2.png,"San Luis Obispo County, US, CA",35.387418486,-120.4521969542,1346
221498,City Nature Challenge 2025: Orange County,city-nature-challenge-2025-orange-county,2738,https://static.inaturalist.org/projects/221498-icon-e1a270e0e339044bff15b891f6582ef6-span2.jpg?1742418561,"Orange County, US, CA",33.6769131551,-117.7761462442,1060
224063,City Nature Challenge 2025: San Diego County,city-nature-challenge-2025-san-diego-county,54501,https://static.inaturalist.org/projects/224063-icon-e1f96177ea007bd7584a7da70e43ae61-span2.png?1734696595,"San Diego County including Pelagic Waters, CA, US",33.0195352876,-116.981055,2850
221833,Columbia City Nature Challenge - 2025,columbia-city-nature-challenge-2025,1472,https://static.inaturalist.org/projects/221833-icon-17e02b35437a558f35a12b7006b796eb-span2.jpg?1744687008,"Richland County, US, SC",34.0218110488,-80.9030384049,1939
224782,"Wellesley, MA CNC 2025",wellesley-ma-cnc-2025,138557,https://static.inaturalist.org/projects/224782-icon-288b2791cce2c32644202d2895952b09-span2.?1733322823,"Wellesley, MA, US",42.3060075251,-71.2858213544,412
231466,City Nature Challenge 2025: Frankfort,city-nature-challenge-2025-frankfort,756,https://static.inaturalist.org/projects/231466-icon-e30d1cbda7f2eee05882ccf0fb7eb4b1-span2.jpg?1745605377,"Franklin County, US, KY",38.239147743,-84.8770681767,306
219964,City Nature Challenge 2025: Greater Phoenix Area,city-nature-challenge-2025-greater-phoenix-area,179637,https://static.inaturalist.org/projects/219964-icon-2c4daa55d9123e254ab5b364de0c32af-span2.jpg?1744757074,Phoenix Metro,33.5054190474,-112.0375487421,939
230007,City Nature Challenge 2025: Malyn,city-nature-challenge-2025-malyn,47389,https://static.inaturalist.org/projects/230007-icon-0e72a835a04ee53cfe7e34fdb562d661-span2.jpg?1742880752,"Malyns'kyi, UA, ZT",50.8456080881,29.2174527644,241
228591,City Nature Challenge 2025: Zhytomir,city-nature-challenge-2025-zhytomir,211220,https://static.inaturalist.org/projects/228591-icon-7d3368d90bbc1d8a98a0478998cb3902-span2.jpg?1743349039,"Zhytomyr City, UA",50.2691062173,28.667403185,484
229930,City Nature Challenge 2025: Uzhhorod,city-nature-challenge-2025-uzhhorod,211614,https://static.inaturalist.org/projects/229930-icon-0170c3f59c284d22b6bef36e1ccc625c-span2.jpg?1742883408,Uzhhorod City,48.6188944023,22.2916456106,145
229316,City Nature Challenge 2025: Vinnytsia,city-nature-challenge-2025-vinnytsia,211413,https://static.inaturalist.org/projects/229316-icon-25c85cab7c899d8b8079d145c6dee284-span2.jpg?1742965525,"Vinnytsia urban hromada, UA",49.2396959155,28.5653189057,139
229287,City Nature Challenge 2025: Chortkiv town,city-nature-challenge-2025-chortkiv-town,47272,https://static.inaturalist.org/projects/229287-icon-ea7d576ee6bec9f1d55b68c0650ebb62-span2.jpg?1742880821,"Chortkivs'kyi, UA, TP",48.9887083001,25.7963463112,70
229521,City Nature Challenge 2025: Konotop,city-nature-challenge-2025-konotop,211481,https://www.inaturalist.org/attachment_defaults/general/span2.png,"Konotop, UA",51.2350387712,33.2005317698,205
229814,City Nature Challenge 2025: Odesa,city-nature-challenge-2025-odesa,211559,https://static.inaturalist.org/projects/229814-icon-052abd1b724ad7ac3c2e74072d899d5e-span2.jpg?1742884410,"Odesa, UA",46.477161088,30.7148050347,51
229042,City Nature Challenge 2025: Mykolaiv,city-nature-challenge-2025-mykolaiv,211338,https://static.inaturalist.org/projects/229042-icon-c0371e70a6ec6969db08e6da5be8b57c-span2.jpg?1742879534,Mykolaiv City UA,46.9493162975,31.9764747451,83
229522,City Nature Challenge 2025: Bila Tserkva,city-nature-challenge-2025-bila-tserkva,211482,https://static.inaturalist.org/projects/229522-icon-45e7db5080276ee74186a2722ba94ff3-span2.jpg?1742882270,Bila Tserkva city,49.8040759616,30.108286528,5
228586,City Nature Challenge 2025: Kyiv,city-nature-challenge-2025-kyiv,187936,https://static.inaturalist.org/projects/228586-icon-b9b7d8ebb6cf8e15fa8f8f53b90e21fc-span2.jpg?1742880618,"Kyiv metropolitan area, KV, UA",50.4278942679,30.3896857178,907
228624,City Nature Challenge 2025: Ivano-Frankivs'k,city-nature-challenge-2025-ivano-frankivs-k,197413,https://static.inaturalist.org/projects/228624-icon-c513a854d3e01f273d350dfffac3942b-span2.jpg?1742880858,"Ivano-Frankivs'ka Territorial Commune, IF, UA",48.8784537747,24.7286859974,98
229878,City Nature Challenge 2025 Kahramanmaraş,city-nature-challenge-2025-kahramanmaras,200307,https://www.inaturalist.org/attachment_defaults/general/span2.png,Kahramanmaraş,37.8908891845,36.9504477082,54
228296,City Nature Challenge 2025: Kumphawapi,city-nature-challenge-2025-kumphawapi,46028,https://www.inaturalist.org/attachment_defaults/general/span2.png,"Kumphawapi, UN, TH",17.0925186234,102.9944956405,530
229030,"City Nature Challenge 2025: Hat Yai, Thailand",city-nature-challenge-2025-hat-yai-thailand,45913,https://static.inaturalist.org/projects/229030-icon-addbb89dabc69c6422e7fa03be615362-span2.png?1745646328,"Hat Yai, TH, SG",6.9736100617,100.4314261794,1096
229741,City Nature Challenge 2025 Rayong Thailand,city-nature-challenge-2025-rayong-thailand,45802,https://www.inaturalist.org/attachment_defaults/general/span2.png,"Muang Rayong, TH, RY",12.6650701001,101.3458496706,49
228197,City Nature Challenge 2025: Phang Nga-Takuapa,city-nature-challenge-2025-phang-nga-takuapa,70526,https://static.inaturalist.org/projects/228197-icon-fc0e4582844077378d1123b4554f2a51-span2.png?1736910768,Khao Lak-Lam Ru,8.622625,98.3866,262
228636,City Nature Challenge 2025: Chiang Rai,city-nature-challenge-2025-chiang-rai,45325,https://www.inaturalist.org/attachment_defaults/general/span2.png,"Chiang Saen, TH, CR",20.2760935834,100.147155924,215
228331,City Nature Challenge 2025: Bangkhla,city-nature-challenge-2025-bangkhla,45256,https://www.inaturalist.org/attachment_defaults/general/span2.png,"Bang Khla, CC, TH",13.7420043107,101.2065485558,116
229883,"City Nature Challenge 2025: Bangkok Metropolitan Region, Thailand",city-nature-challenge-2025-bangkok-metropolitan-region-thailand,12053,https://static.inaturalist.org/projects/229883-icon-976f8adfe45557f3079391b9c6392f32-span2.png?1744504344,"Nakhon Pathom, TH",13.9257944422,100.1056911203,704
230168,City Nature Challenge 2025: Taitung-Pingtung,city-nature-challenge-2025-taitung-pingtung,141636,https://static.inaturalist.org/projects/230168-icon-62da1a5c1694d50e437f0f4a24a80831-span2.png?1741680913,"台東縣, TW",22.5570143301,121.3468798594,930
230170,City Nature Challenge 2025: Kaohsiung,city-nature-challenge-2025-kaohsiung,141647,https://static.inaturalist.org/projects/230170-icon-ce4d40325020a2943a6c72898330fa6c-span2.png?1741681003,"高雄市, TW",22.7867330227,120.3688357704,1017
230169,City Nature Challenge 2025: Tainan,city-nature-challenge-2025-tainan,141637,https://static.inaturalist.org/projects/230169-icon-79a5d96d87cfcf3f0bbcc2c030d464c0-span2.png?1741681316,"台南市, TW",23.054414704,120.0846626081,963
229162,City Nature Challenge 2025: Chiayi-Yunlin,city-nature-challenge-2025-chiayi-yunlin,138247,https://static.inaturalist.org/projects/229162-icon-16461dd036073432b77c9c09a5dd600e-span2.png?1741680469,"嘉義縣, TW",23.4427444803,120.4473116054,2723
229286,City Nature Challenge 2025: Central Taiwan,city-nature-challenge-2025-central-taiwan,146729,https://static.inaturalist.org/projects/229286-icon-4d1266810f065409e35505bc23dafa38-span2.png?1741680396,"Central Taiwan, TW",24.1279195166,120.8136019856,2407
229280,City Nature Challenge 2025: Hsinchu,city-nature-challenge-2025-hsinchu,141644,https://static.inaturalist.org/projects/229280-icon-a2e4b63f703cf1598217b0cea8a75af9-span2.png?1741680572,"新竹市, TW",24.8572160714,120.8196992097,1886
230171,City Nature Challenge 2025: Taoyuan,city-nature-challenge-2025-taoyuan,106961,https://static.inaturalist.org/projects/230171-icon-f06f8434fd0e457fe1457e1a42a53f24-span2.png?1742960918,"Taoyuan, TW, TP",24.9272159984,121.2385245344,1248
229270,City Nature Challenge 2025: Taipei,city-nature-challenge-2025-taipei,106960,https://static.inaturalist.org/projects/229270-icon-180bff9063bf991ad911aae639746545-span2.png?1741681170,"Taipei, TW, TP",25.0805708749,121.5538320772,1869
229283,City Nature Challenge 2025: NewTaipei-Keelung,city-nature-challenge-2025-newtaipei-keelung,97295,https://static.inaturalist.org/projects/229283-icon-e3ef092657f60d4818f772af29b29d88-span2.png?1741681048,"New Taipei, TW",25.0659040923,121.6528461963,1974
229268,City Nature Challenge 2025: Yilan-Hualien,city-nature-challenge-2025-yilan-hualien,141634,https://static.inaturalist.org/projects/229268-icon-bdaa91385758cc1b5ed14f9e5aeb016c-span2.png?1742976282,"宜蘭縣, TW",24.5933666986,121.8045015061,1745
228604,Biomaraton CNC 2025: Zaragoza,biomaraton-cnc-2025-zaragoza,198643,https://www.inaturalist.org/attachment_defaults/general/span2.png,"Zaragoza, Zaragoza, AR, ES",41.5786036355,-0.7843965202,551
230380,City Nature Challenge 2025: Sunshine Coast,city-nature-challenge-2025-sunshine-coast,144320,https://static.inaturalist.org/projects/230380-icon-b734da7d1c77b881411a56a577590fbd-span2.png?1738637208,"Sunshine Coast Regional LGA, QL, AU",-26.6992563929,152.9010280697,665
231426,City Nature Challenge 2025: Industrieviertel,city-nature-challenge-2025-industrieviertel,14886,https://static.inaturalist.org/projects/231426-icon-7eb20a98184c52b5061898e8ace21c7d-span2.jpeg?1739377131,"Baden, NO, AT",47.9906643374,16.1696885476,1671
231481,"Desafio Llajta Viva 2025: Cochabamba, Bolivia",desafio-llajta-viva-2025-cochabamba-bolivia,6784,https://static.inaturalist.org/projects/231481-icon-728bdd73474266f945883ca00034b0e6-span2.jpeg?1742490461,"Cochabamba, BO",-17.2321648498,-65.6329174037,4519
228885,Reto Ciudad Naturaleza 2025: Trinidad (CNC),reto-ciudad-naturaleza-2025-trinidad-cnc-8d9969b9-7638-4c95-815d-69b4c92c9c1f,189776,https://www.inaturalist.org/attachment_defaults/general/span2.png,Municipio de Trinidad RCN2023,-14.8388113229,-64.6800625382,2845
224598,"City Nature Challenge 2025: Central District, BW.",city-nature-challenge-2025-central-district-bw,209996,https://static.inaturalist.org/projects/224598-icon-b9e606c753251bcd6aa6b60689cb1be9-span2.jpg?1745504123,"Gammangwato, BW",-21.5408206557,26.2813433812,373
229690,City Nature Challenge 2025: Northern Botswana,city-nature-challenge-2025-northern-botswana,27456,https://www.inaturalist.org/attachment_defaults/general/span2.png,"Ngamiland East, NC, BW",-19.7373399026,23.6893406824,233
228346,City Nature Challenge 2025: Southern Botswana,city-nature-challenge-2025-southern-botswana,12635,https://www.inaturalist.org/attachment_defaults/general/span2.png,"Kgalagadi, BW",-24.855868745,21.7529226333,480
223627,City Nature Challenge 2025: Grande Curitiba,city-nature-challenge-2025-grande-curitiba,125697,https://static.inaturalist.org/projects/223627-icon-c1a047f9a54d36f5e491271c68d65912-span2.jpg?1741793149,"Curitiba Metropolitan Area, BR",-25.3493583679,-49.3188705496,2017
228492,Desafio Mundial da Natureza Urbana 2025: Belo Horizonte,desafio-mundial-da-natureza-urbana-2025-belo-horizonte,21710,https://static.inaturalist.org/projects/228492-icon-fa201310a9b54c3bd51cc7ff22eaf122-span2.png?1741633762,"Belo Horizonte, MG, BR",-19.9027969738,-43.960217083,1934
229859,Desafio da Natureza Urbana 2025: Marabá-PA,desafio-da-natureza-urbana-2025-maraba-pa,22564,https://static.inaturalist.org/projects/229859-icon-9d6b9f7e48fb91429c9775541d21254c-span2.png?1738173914,"Marabá, PA, BR",-5.6315313189,-50.0194269261,592
224328,"Desafio da Natureza Urbana 2025: Bragança-PA, Brasil",desafio-da-natureza-urbana-2025-braganca-pa-brasil,22523,https://static.inaturalist.org/projects/224328-icon-65b145295bc0a3f394eafbe0d6cbc561-span2.png?1735387475,"Bragança, PA, BR",-1.1470390882,-46.7526382135,354
218870,"Desafio Mundial da Natureza Urbana 2025: Grande Porto Alegre, RS, Brasil",desafio-mundial-da-natureza-urbana-2025-grande-porto-alegre-rs-brasil,23936,https://static.inaturalist.org/projects/218870-icon-span2.?1727656473,"Alvorada, RS, BR",-29.9950352468,-51.037290438,336
230165,City Nature Challenge 2025: Red Deer Area,city-nature-challenge-2025-red-deer-area,164866,https://static.inaturalist.org/projects/230165-icon-5630070b6c7fc92f41a087716217d236-span2.png?1738382062,"Red Deer County, AB, CA",52.1122672177,-113.7930076406,101
227713,City Nature Challenge 2025: metro Edmonton area,city-nature-challenge-2025-metro-edmonton-area,164051,https://www.inaturalist.org/attachment_defaults/general/span2.png,"Edmonton metropolitan area, AB, CA",53.5203211845,-113.5149770912,647
206731,City Nature Challenge 2025: Metro Vancouver Regional District (MVRD),city-nature-challenge-2025-metro-vancouver-regional-district-mvrd,27530,https://static.inaturalist.org/projects/206731-icon-span2.PNG?1718144360,"Greater Vancouver, CA, BC",49.2702552818,-122.8992685499,2286
231305,Greater Victoria 2025 City Nature Challenge,greater-victoria-2025-city-nature-challenge,49140,https://www.inaturalist.org/attachment_defaults/general/span2.png,"Capital, CA, BC",48.5819749005,-123.7018722775,2440
202814,"City Nature Challenge 2025: Winnipeg Region, MB, Canada",city-nature-challenge-2025-winnipeg-region-mb-canada,147925,https://static.inaturalist.org/projects/202814-icon-span2.png?1715611201,"Red River Valley 14PA01, MB, CA",49.7782745282,-97.5415620899,456
223380,2025 Brandon & Area City Nature Challenge,2025-brandon-area-city-nature-challenge,182187,https://static.inaturalist.org/projects/223380-icon-c001b526f904c4f9be9c74b687e293df-span2.?1731894248,"Brandon Manitoba & Area, MB, CA",49.8630152868,-99.7580365726,142
230001,City Nature Challenge 2025: Moncton & Westmorland County New Brunswick,city-nature-challenge-2025-moncton-westmorland-county-new-brunswick,27561,https://static.inaturalist.org/projects/230001-icon-cea07471703bd340f83d8eff3fa110da-span2.jpg?1738270458,"Westmorland, NB, CA",46.0836101237,-64.586138615,376
195467,"City Nature Challenge 2025: Fredericton & York County, New Brunswick",city-nature-challenge-2025-fredericton-york-county-new-brunswick,27562,https://static.inaturalist.org/projects/195467-icon-e071ba012c787b3ddcd06ffd03dd5d43-span2.jpg?1738271900,"York, NB, CA",46.0857729319,-66.9836540706,217
220458,"City Nature Challenge 2025: Halifax Regional Municipality (HRM), NS, Canada",city-nature-challenge-2025-halifax-regional-municipality-hrm-ns-canada,27573,https://www.inaturalist.org/attachment_defaults/general/span2.png,"Halifax, CA, NS",44.7654687958,-62.9013680146,597
224669,"City Nature Challenge 2025: Annapolis Valley, NS, Canada",city-nature-challenge-2025-annapolis-valley-ns-canada,27567,https://www.inaturalist.org/attachment_defaults/general/span2.png,"Annapolis, CA, NS",44.7088195444,-65.2528802429,443
189563,City Nature Challenge 2025: Welland,city-nature-challenge-2025-welland,198393,https://www.inaturalist.org/attachment_defaults/general/span2.png,"Welland_ON, ON, CA",42.9905393746,-79.22959406,149
231644,CNC Rio Branco e leste do Acre 2025,cnc-rio-branco-e-leste-do-acre-2025,20103,https://static.inaturalist.org/projects/231644-icon-c3c516de94dfd43e7a94f0c585ef6e12-span2.jpeg?1739474359,"Acrelândia, AC, BR",-9.9287860866,-66.9305736291,250
229169,City Nature Challenge 2025: Ottawa,city-nature-challenge-2025-ottawa,27599,https://static.inaturalist.org/projects/229169-icon-ca2d2cb98c476e0ae19e60a1b79fd9ef-span2.png?1737642384,"Ottawa, ON, CA",45.2946675896,-75.775678398,1012
229737,"City Nature Challenge 2025: London, ON",city-nature-challenge-2025-london-on,186491,https://www.inaturalist.org/attachment_defaults/general/span2.png,"London, Ontario",42.9535215876,-81.2383282329,849
229979,City Nature Challenge 2025: City of Kingston,city-nature-challenge-2025-city-of-kingston,142220,https://www.inaturalist.org/attachment_defaults/general/span2.png,"City of Kingston, Ontario",44.3016692022,-76.4605851038,318
230152,"City Nature Challenge 2025: Thunder Bay District, ON, Canada",city-nature-challenge-2025-thunder-bay-district-on-canada,133230,https://www.inaturalist.org/attachment_defaults/general/span2.png,"Thunder Bay Judicial District, ON, CA",49.4982393976,-88.1837017814,275
226684,Kincardine City Nature Challenge 2025,kincardine-city-nature-challenge-2025,199824,https://static.inaturalist.org/projects/226684-icon-07e04d8232c0be175d1af5606ada3ce5-span2.png?1735480477,"Kincardine Region, ON, CA",44.2554580745,-81.5219353145,182
227799,City Nature Challenge 2025: Toronto and GTA,city-nature-challenge-2025-toronto-and-gta,27589,https://www.inaturalist.org/attachment_defaults/general/span2.png,"Halton, ON, CA",43.5101972181,-79.889308164,1305
229946,City Nature Challenge 2025: City of Barrie,city-nature-challenge-2025-city-of-barrie,151921,https://static.inaturalist.org/projects/229946-icon-fe701d02898969410d5e847e5d4b1952-span2.jpg?1738250169,"Barrie, ON, CA",44.3602235724,-79.6820603618,179
224893,"City Nature Challenge 2025: Algoma District, ON, Canada & Chippewa County, MI, USA",city-nature-challenge-2025-algoma-district-on-canada-chippewa-county-mi-usa,154705,https://www.inaturalist.org/attachment_defaults/general/span2.png,"Algoma District, ON, CA",47.7902098573,-83.9786046062,565
229738,"City Nature Challenge 2025: Charlottetown, PEI",city-nature-challenge-2025-charlottetown-pei,211550,https://www.inaturalist.org/attachment_defaults/general/span2.png,"Greater Charlottetown, PE, CA",46.2448766524,-63.1418426281,318
229739,"City Nature Challenge 2025: Greater Summerside Area, PEI",city-nature-challenge-2025-greater-summerside-area-pei,211551,https://www.inaturalist.org/attachment_defaults/general/span2.png,"Greater Summerside, PE, CA",46.4123949851,-63.7730027286,273
229822,City Nature Challenge 2025: Metropolis Perth,city-nature-challenge-2025-metropolis-perth,19379,https://static.inaturalist.org/projects/229822-icon-5fdcc899c5af33e8f7bf58ed6e9273df-span2.png?1738159681,"Perth, WA, AU",-31.9582506341,115.8499146346,648
230020,"C.N.C. | Défi nature urbaine 2025: Tiohtià:ke | Grand Montréal | Greater Montreal, QC, CA",c-n-c-defi-nature-urbaine-2025-tiohtia-ke-grand-montreal-greater-montreal-qc-ca,147597,https://static.inaturalist.org/projects/230020-icon-37d0be83029d86fcda7838ac5bfe98d1-span2.png?1745372568,"Greater Montreal Area, QC, CA",45.5594724019,-73.67571292,1407
229174,Défi nature urbaine 2025: Gatineau et environs | City Nature Challenge 2025,defi-nature-urbaine-2025-gatineau-et-environs-city-nature-challenge-2025,27669,https://static.inaturalist.org/projects/229174-icon-fe9d3e09edf49dba888e78177dd6bb1b-span2.png?1737645377,"Les Collines-de-l'Outaouais, QC, CA",45.6492849085,-75.8743136571,414
229553,Défi Nature Urbaine 2025: Région de Québec,defi-nature-urbaine-2025-region-de-quebec,27631,https://static.inaturalist.org/projects/229553-icon-357355ad7d63b46594bced536b3ead71-span2.png?1737933371,"Communauté-Urbaine-de-Québec, CA, QC",46.8336115733,-71.3579669078,266
230150,City Nature Challenge 2025: Regina and Area,city-nature-challenge-2025-regina-and-area,164401,https://www.inaturalist.org/attachment_defaults/general/span2.png,City Nature Challenge 2021: Regina and Area,50.5002294342,-104.654306352,155
227259,City Nature Challenge 2025: Hong Kong,city-nature-challenge-2025-hong-kong,7613,https://static.inaturalist.org/projects/227259-icon-e8cca6210e9c7ded641399a9a634fc9c-span2.png?1738813543,Hong Kong,22.3371967789,114.1490797877,4959
229901,City Nature Challenge 2025: Macao,city-nature-challenge-2025-macao,10301,https://static.inaturalist.org/projects/229901-icon-d5472c55860884bab3f9831d727fa108-span2.png?1740105373,Macao,22.1550374949,113.5898448314,3640
229899,Reto Naturalista Urbano 2025: Jardín,reto-naturalista-urbano-2025-jardin,212873,https://static.inaturalist.org/projects/229899-icon-1eeb5f82ba54e8164cb28db60958d4bc-span2.png?1738264556,"El Jardín, AN, CO",5.5744443381,-75.8184257492,116
228417,"Reto Naturalista 2025: Caicedo, Antioquia",reto-naturalista-2025-caicedo-antioquia,28248,https://static.inaturalist.org/projects/228417-icon-1f07f0d2d90af39d36f5aa554d1849c4-span2.jpg?1736986380,"Caicedo, AN, CO",6.4255627559,-75.9914642665,613
228088,"Reto Naturalista Yopal 2025, Yopal, Casanare",reto-naturalista-yopal-2025-yopal-casanare,28596,https://www.inaturalist.org/attachment_defaults/general/span2.png,"Yopal, CS, CO",5.2182867666,-72.2786881977,59
230887,City Nature Challenge 2025: Cúcuta,city-nature-challenge-2025-cucuta,29021,https://static.inaturalist.org/projects/230887-icon-4f020357acea643e2e0c4b3fcb9db2d1-span2.png?1745208390,"San José de Cúcuta, NS, CO",8.0841328379,-72.5051702186,301
225437,City Nature Challenge 2025: Oriente de Cundinamarca,city-nature-challenge-2025-oriente-de-cundinamarca,28724,https://static.inaturalist.org/projects/225437-icon-c3a41aa4ada19a2743dae5ab25c25c3d-span2.JPG?1733974450,"Choachí, CU, CO",4.5668779852,-73.939038663,208
203982,Reto Naturalista 2025 Sabana de Bogotá,reto-naturalista-2025-sabana-de-bogota,181589,https://static.inaturalist.org/projects/203982-icon-3c1c861f726df5cc6d228e3745c282fd-span2.png?1741223232,"Sesquilé_RNU, CU",5.0088380918,-73.781949946,1109
229702,City Nature Challenge 2025: Rijeka,city-nature-challenge-2025-rijeka,100134,https://static.inaturalist.org/projects/229702-icon-a9f8dcced228c4ddc414091c1eedfd8a-span2.JPG?1740755126,"Rijeka, PG, HR",45.3220365177,14.4171642618,704
229699,City Nature Challenge 2025: Zagreb,city-nature-challenge-2025-zagreb,99893,https://static.inaturalist.org/projects/229699-icon-baf154d1510c5a6b7c56ded19a4a7c04-span2.JPG?1740755200,"Zagreb, GZ, HR",45.8159192712,15.9838205998,798
229701,City Nature Challenge 2025: Prelog,city-nature-challenge-2025-prelog,100039,https://static.inaturalist.org/projects/229701-icon-34d19bb4e1119c2ff59f29f9e339d327-span2.JPG?1740755164,"Prelog, ME, HR",46.3443765447,16.6356629613,323
229700,City Nature Challenge 2025: Karlovac,city-nature-challenge-2025-karlovac,10734,https://static.inaturalist.org/projects/229700-icon-558efc23dc77830b2dc7ecec21f8cc03-span2.JPG?1740755044,"Karlovacka, HR",45.2914938172,15.4643978022,626
229049,City Nature Challenge 2025: Prague,city-nature-challenge-2025-prague,154376,https://static.inaturalist.org/projects/229049-icon-4d6496d90abfa834176fd18e27afb581-span2.png?1737541737,"Hl. m. Praha, CZ",50.0667920284,14.4660038776,2113
231710,City Nature Challenge 2025: Veselsko,city-nature-challenge-2025-veselsko,198657,https://static.inaturalist.org/projects/231710-icon-d855394fc6fb1782fcbdf22b665c9681-span2.png?1739526340,Veselsko,48.9512419136,17.3768892596,137
229803,City Nature Challenge 2025: Ostrava,city-nature-challenge-2025-ostrava,29399,https://static.inaturalist.org/projects/229803-icon-89ef6115b0625e018c6d32360e5ca25b-span2.jpg?1738138699,"Ostrava, VK, CZ",49.8274238648,18.2401113912,1823
229172,City Nature Challenge 2025: České Budějovice,city-nature-challenge-2025-ceske-budejovice,179812,https://static.inaturalist.org/projects/229172-icon-2fc81b1cc2af7f2a75e5e7ed2b98e831-span2.png?1744203873,České Budějovice CNC,48.9739181021,14.4839256698,918
227487,City Nature Challenge 2025: Brno,city-nature-challenge-2025-brno,180463,https://www.inaturalist.org/attachment_defaults/general/span2.png,"Brno, CZ",49.2067631771,16.588772321,915
229913,City Nature Challenge 2025 Aalborg,city-nature-challenge-2025-aalborg,98716,https://www.inaturalist.org/attachment_defaults/general/span2.png,"Aalborg, ND, DK",57.0111981027,9.9729292806,446
231362,City Nature Challenge: Loja Biodiversa 2025,city-nature-challenge-loja-biodiversa-2025,146787,https://static.inaturalist.org/projects/231362-icon-e720dbb9dbc2203cdae4241bbf250501-span2.jpg?1743453467,"Loja y sus alrededores, LJ, EC",-3.9875011751,-79.1971285064,445
228582,City Nature Challenge 2025: Kern County,city-nature-challenge-2025-kern-county,2758,https://static.inaturalist.org/projects/228582-icon-a087d12c8c05537eb0f197b1f2f860ea-span2.jpg?1745608186,"Kern County, US, CA",35.3428487629,-118.7299000227,596
229200,City Nature Challenge 2025: Santa Barbara County,city-nature-challenge-2025-santa-barbara-county,1531,https://static.inaturalist.org/projects/229200-icon-d91206bc7f579e6a0324acb1a7c5d551-span2.png?1737660850,"Santa Barbara County, US, CA",34.5383440862,-120.0307861831,1668
231490,City Nature Challenge 2025: Stanislaus County,city-nature-challenge-2025-stanislaus-county,340,https://static.inaturalist.org/projects/231490-icon-2223731b41fc2a45580fbb95971ae291-span2.jpg?1745608393,"Stanislaus County, US, CA",37.5591449494,-120.9976852902,312
232202,City Nature Challenge 2025: Sherbrooke,city-nature-challenge-2025-sherbrooke,199762,https://www.inaturalist.org/attachment_defaults/general/span2.png,"Sherbrooke, Québec - City Nature Challenge- Défi nature urbaine",45.40149199,-71.9618523474,265
232213,Reto Naturalista Urbano 2025: Lebrija,reto-naturalista-urbano-2025-lebrija,213205,https://static.inaturalist.org/projects/232213-icon-258203552d8b331a441b0032518dca6f-span2.jpeg?1742507079,"Lebrija , ST, CO",7.2040600629,-73.2913809739,383
230652,City Nature Challenge 2025: Berkshire,city-nature-challenge-2025-berkshire,30318,https://static.inaturalist.org/projects/230652-icon-e60aaef9b529ec9757562a357f402837-span2.png?1738846745,"Berkshire, England, GB",51.4457382611,-1.0731297218,434
229302,City Nature Challenge 2025: West of England (Bristol and Bath),city-nature-challenge-2025-west-of-england-bristol-and-bath,123650,https://static.inaturalist.org/projects/229302-icon-9cf2b311d97810f7945813391f53c262-span2.png?1743504822,"Bristol and Bath Region, England, GB",51.4430932836,-2.6069919897,1191
220211,City Nature Challenge 2025: Chester Region,city-nature-challenge-2025-chester-region,187347,https://static.inaturalist.org/projects/220211-icon-span2.?1728996239,Cheshire West and Chester,53.2002125404,-2.7358048314,1382
228337,City Nature Challenge 2025: London,city-nature-challenge-2025-london,66357,https://static.inaturalist.org/projects/228337-icon-2cdf3e5ace68168424713984b251369a-span2.png?1736940717,Greater London,51.4859381197,-0.1259994507,1924
230013,City Nature Challenge 2025: Greater Manchester,city-nature-challenge-2025-greater-manchester,138285,https://www.inaturalist.org/attachment_defaults/general/span2.png,Greater Manchester Local Records Area,53.5151759463,-2.2842313422,854
228876,City Nature Challenge 2025: Herefordshire,city-nature-challenge-2025-herefordshire,30354,https://static.inaturalist.org/projects/228876-icon-6a6459ce0c523cb097b1fe027398f356-span2.jpg?1737383386,"Herefordshire, England, GB",52.0983657465,-2.7403536272,603
230813,City Nature Challenge 2025: High Peak,city-nature-challenge-2025-high-peak,203034,https://static.inaturalist.org/projects/230813-icon-ad01d9ad25d34d5a94a4bd4c6d9aa14d-span2.jpg?1743096595,"High Peak Borough Council, England, GB",53.373069093,-1.8738987518,699
229812,City Nature Challenge 2025 - North East England,city-nature-challenge-2025-north-east-england,197873,https://www.inaturalist.org/attachment_defaults/general/span2.png,"North East Region, England, GB",55.0200840361,-1.9054150799,958
232168,"City Nature Challenge 2025: Lancashire, UK",city-nature-challenge-2025-lancashire-uk,138194,https://static.inaturalist.org/projects/232168-icon-6db550ca27cdb6850f479fe775e0bfb3-span2.png?1739785533,Lancashire Environment Record Network,53.8474720207,-2.7477679956,1042
224166,"City Nature Challenge 2025: Nottingham City, UK",city-nature-challenge-2025-nottingham-city-uk,144218,https://static.inaturalist.org/projects/224166-icon-c499694a8d98ab0c71fb79424f0025b5-span2.?1732630179,"Nottingham City, England, GB",52.9605995263,-1.1765228788,930
230653,City Nature Challenge 2025: Oxfordshire,city-nature-challenge-2025-oxfordshire,30388,https://static.inaturalist.org/projects/230653-icon-a49f25a68710c1aac3db82fe03c1d5cb-span2.png?1738846830,"Oxfordshire, England, GB",51.7600969518,-1.311910984,600
228447,City Nature Challenge 2025: Staffordshire & Stoke-On-Trent,city-nature-challenge-2025-staffordshire-stoke-on-trent,211134,https://static.inaturalist.org/projects/228447-icon-b35901f83335cbb0067866936cde7317-span2.png?1737018646,"Staffordshire and Stoke-on-Trent, GB",52.8577191414,-2.0368581701,1417
225908,"City Nature Challenge 2025: Warwickshire, Coventry and Solihull",city-nature-challenge-2025-warwickshire-coventry-and-solihull,186687,https://static.inaturalist.org/projects/225908-icon-142b7173376ccf9d97917a6b3e685fcb-span2.jpg?1734517883,"Warwickshire, County of, England, GB",52.3006375038,-1.5595458319,1276
228953,City Nature Challenge 2025: Hull,city-nature-challenge-2025-hull,186496,https://static.inaturalist.org/projects/228953-icon-70fdf38a1cfd9f2bf3169cf3a7d60aff-span2.jpg?1743603068,"Hull City Council, England, GB",53.7599171104,-0.3353668653,1287
221808,City Nature Challenge 2025: York,city-nature-challenge-2025-york,208940,https://static.inaturalist.org/projects/221808-icon-b36470427e3985df8e4c3982ecf18051-span2.png?1734790054,York CNC 2025,53.9257145983,-1.0165877719,2080
231380,Défi Nature Urbaine 2025 : Ville et Eurométropole de Strasbourg,defi-nature-urbaine-2025-ville-et-eurometropole-de-strasbourg,212079,https://static.inaturalist.org/projects/231380-icon-35301c6110958e00884ef48a21e3f11c-span2.png?1739344186,"Ville et Eurométropole de Strasbourg, Alsace, FR",48.5723595263,7.7174043165,566
229430,City Nature Challenge 2025 : Guyane - CACL,city-nature-challenge-2025-guyane-cacl,211387,https://static.inaturalist.org/projects/229430-icon-9f71febce4334e8e4cfd1ff1706576f0-span2.png?1737821330,"Communauté d'Agglomération du Centre-Littoral, CY, GF",4.650231273,-52.4668102776,4185
227408,City Nature Challenge 2025 : Paris - Île de France,city-nature-challenge-2025-paris-ile-de-france,10577,https://static.inaturalist.org/projects/227408-icon-7542b4e4618dd05f29801f6c58e6053b-span2.png?1736264847,"Île-de-France, FR",48.7092290659,2.5034728075,1942
228327,City Nature Challenge 2025 : Midi Occitan,city-nature-challenge-2025-midi-occitan,10579,https://static.inaturalist.org/projects/228327-icon-500ee9fe441ccb490505333af991f405-span2.png?1737362139,"Midi-Pyrénées, FR",43.7681074406,1.4872458227,1150
229703,City Nature Challenge 2025 : Marseille des collines à la mer,city-nature-challenge-2025-marseille-des-collines-a-la-mer,198806,https://static.inaturalist.org/projects/229703-icon-687c90814063161d1ba20ba3459b13f7-span2.png?1738060674,"Marseille - limites communales et milieu marin limitrophe (avec Planier), Provence-Alpes-Côte d'Azur, FR",43.2730282972,5.3790415825,1944
227536,City Nature Challenge 2025: Freising,city-nature-challenge-2025-freising,98405,https://static.inaturalist.org/projects/227536-icon-0c37a691fc8a82a9389a4ab0acd8e2cc-span2.png?1736355400,"Freising, BY, DE",48.4473569802,11.7406716932,796
230072,City Nature Challenge 2025: Bremen & Bremerhaven,city-nature-challenge-2025-bremen-bremerhaven,12873,https://static.inaturalist.org/projects/230072-icon-25eb9dd8ee414238e1ca6a567f84772e-span2.png?1745582637,"Bremen, DE",53.2107933482,8.7370330635,490
230149,"City Nature Challenge 2025 Hamburg, Germany",city-nature-challenge-2025-hamburg-germany,29475,https://www.inaturalist.org/attachment_defaults/general/span2.png,"Hamburg, HH, DE",53.5763485,10.030214,610
229462,City Nature Challenge 2025: Göttingen Stadt & Landkreis,city-nature-challenge-2025-gottingen-stadt-landkreis,209933,https://static.inaturalist.org/projects/229462-icon-26a744e43d14347bc0970f5647d7fc90-span2.png?1739450731,"Landkreis Göttingen, DE",51.5641019797,10.087996475,1267
225623,City Nature Challenge 2025: Osnabrück Stadt / Land,city-nature-challenge-2025-osnabrueck-stadt-land,98525,https://static.inaturalist.org/projects/225623-icon-6e65f070d1db2f5578802caa870bd8a1-span2.png?1734900166,"Osnabrück, DE, NI",52.3816139244,8.0451573423,56
226805,City Nature Challenge 2025: KielRegion,city-nature-challenge-2025-kielregion,98634,https://static.inaturalist.org/projects/226805-icon-3bcc1b9015a5df2b503136bfc7aeed2b-span2.png?1735817596,"Kiel, DE, SH",54.3312820597,10.1373620324,1481
229085,City Nature Challenge 2025: Kreis Segeberg,city-nature-challenge-2025-kreis-segeberg,98474,https://static.inaturalist.org/projects/229085-icon-43c5e9429e18a7db012c46fa694ef63c-span2.jpg?1738746067,"Segeberg, DE, SH",53.9199857446,10.1409147199,238
231477,"Reto Ciudad Naturaleza 2025: Sucre, Sede Bicentenario de Bolivia",reto-ciudad-naturaleza-2025-sucre-sede-bicentenario-de-bolivia,212106,https://static.inaturalist.org/projects/231477-icon-0d7c646c727d4071099c489fceb31bc9-span2.png?1739409525,"Municipio de Sucre, Chuquisaca, BO",-18.9377067381,-65.2504832028,870
232481,City Nature Challenge 2025: Town of Fort Erie,city-nature-challenge-2025-town-of-fort-erie,213623,https://www.inaturalist.org/attachment_defaults/general/span2.png,Fort Erie,42.9168144104,-79.0276084464,63
228884,City Nature Challenge 2025: Berlin,city-nature-challenge-2025-berlin,12872,https://static.inaturalist.org/projects/228884-icon-5238b4ab326ac87fe9d40a185b599cfc-span2.png?1737387557,"Berlin, DE",52.5015315807,13.4018502444,2634
223189,🌲Reto Naturalista 2025 Ciudad de Guatemala 🌿,reto-naturalista-2025-ciudad-de-guatemala,209440,https://static.inaturalist.org/projects/223189-icon-aa53ad4764ed257a3fe450d1e73ce448-span2.png?1744844744,Departamento de Guatemala,14.6267739785,-90.4952308743,870
230083,🌲Reto Naturalista 2025 Petén 🌿,reto-naturalista-2025-peten,10677,https://static.inaturalist.org/projects/230083-icon-5d7508d1dbb1ead58878453a771019c8-span2.png?1744844773,"Petén, GT",16.973586832,-90.0144509202,350
228205,City Nature Challenge 2025: Visakhapatnam,city-nature-challenge-2025-visakhapatnam,64144,https://static.inaturalist.org/projects/228205-icon-d38c5038edf952e08ec44fea61ea6135-span2.png?1745509548,"Visakhapatnam, AP, IN",17.8630772262,82.7046950471,903
232830,City Nature Challenge 2025: Jabalpur,city-nature-challenge-2025-jabalpur,32299,https://static.inaturalist.org/projects/232830-icon-374f723bbe5bc86fe7d9825868a070b0-span2.jpg?1740228208,"Jabalpur, MP, IN",23.1742821757,79.9449885364,239
231106,"City Nature Challenge 2025 : Mati City, Philippines",city-nature-challenge-2025-mati-city-philippines,26312,https://static.inaturalist.org/projects/231106-icon-6d42d311b3d99b961c1ddd07a45b663a-span2.png?1739173681,"Mati City, PH, DO",6.7646276641,126.2393181737,2117
230761,"City Nature Challenge 2025 : Tagum City, Philippines",city-nature-challenge-2025-tagum-city-philippines,26286,https://static.inaturalist.org/projects/230761-icon-2097eac76307a3bbf19637b01c583bee-span2.jpg?1738911614,"Tagum City, DV, PH",7.4159036087,125.7972702295,2471
231549,RETO NATURALISTA URBANO 2025: Huaraz PE,reto-naturalista-urbano-2025-huaraz-pe,40697,https://static.inaturalist.org/projects/231549-icon-8df36c44d28de7848297df39023146e7-span2.png?1743882543,"Huaraz, AN, PE",-9.5611824823,-77.6462033886,69
231548,Reto Naturalista Urbano 2025: Ucayali PE,reto-naturalista-urbano-2025-ucayali-pe,13172,https://static.inaturalist.org/projects/231548-icon-c90474d4e40294cd49bd0ef52465d0ba-span2.png?1743882661,"Ucayali, PE",-9.621392135,-73.4449081122,276
228799,RETO NATURALISTA URBANO 2025: TAMBOPATA PE,reto-naturalista-urbano-2025-tambopata-pe,62029,https://static.inaturalist.org/projects/228799-icon-49fd8df808df9872f86b670e714a3d91-span2.png?1743882928,"Tambopata, MD, PE",-12.2082217203,-70.0469011254,60
231551,RETO NATURALISTA URBANO 2025: TACNA PE,reto-naturalista-urbano-2025-tacna-pe,11539,https://static.inaturalist.org/projects/231551-icon-d5a8267bcc4b036d22f4a95d267e2ff7-span2.png?1743882916,"Tacna, PE",-17.6598161365,-70.2943897487,41
231554,RETO NATURALISTA URBANO 2025: Rio Soritor PE,reto-naturalista-urbano-2025-rio-soritor-pe,40857,https://static.inaturalist.org/projects/231554-icon-9441a0c5ae206433c1a1d3107ad9ff60-span2.png?1743882716,"Rioja, SM, PE",-5.8646090515,-77.4611417735,78
227655,Reto Ciudad Naturaleza PUNO 2025,reto-ciudad-naturaleza-puno-2025,13170,https://static.inaturalist.org/projects/227655-icon-daccedb04859811436af2f37853e740e-span2.jpeg?1742405792,"Puno, PE",-14.9960055176,-69.9225830247,748
231553,RETO NATURALISTA URBANO 2025: Huancayo PE,reto-naturalista-urbano-2025-huancayo-pe,40786,https://static.inaturalist.org/projects/231553-icon-3fec5d9c07667e192f209d1e52b6f5fb-span2.png?1743882531,"Huancayo, JU, PE",-12.0941920651,-75.065915962,80
231552,RETO NATURALISTA URBANO 2025: MOQUEGUA PE,reto-naturalista-urbano-2025-moquegua-pe,11537,https://static.inaturalist.org/projects/231552-icon-cc1846da2190f5bf2ead6357a2579d36-span2.png?1743882647,"Moquegua, PE",-16.8819113634,-70.8541091171,11
228798,RETO NATURALISTA URBANO 2025: LIMA PE,reto-naturalista-urbano-2025-lima-pe,97128,https://static.inaturalist.org/projects/228798-icon-38e797206428d38309ec0991237240ee-span2.png?1743882606,"Lima Province, PE",-12.0400418398,-76.9282088328,460
228802,RETO NATURALISTA URBANO 2025: San Jeronimo De Surco PE,reto-naturalista-urbano-2025-san-jeronimo-de-surco-pe,176735,https://static.inaturalist.org/projects/228802-icon-470c8b0d5dcd8d78b6e486fcb49ada44-span2.png?1743882815,"Surco, LR, PE",-11.8771122585,-76.4453579441,240
231544,RETO NATURALISTA URBANO 2025: LA LIBERTAD PE,reto-naturalista-urbano-2025-la-libertad-pe,13168,https://static.inaturalist.org/projects/231544-icon-9095fa03984b479ed1dee926d19bcd37-span2.png?1743882576,"La Libertad, PE",-7.9348704183,-78.4193965999,57
230048,RETO NATURALISTA URBANO 2025: Reserva Nacional De Junin PE,reto-naturalista-urbano-2025-reserva-nacional-de-junin-pe,195468,https://static.inaturalist.org/projects/230048-icon-086abcc67d330586643d0a06ae788c1c-span2.png?1743882699,"RN Junin amortiguamiento, JU, PE",-10.9511756962,-76.0754113128,175
228801,RETO NATURALISTA URBANO 2025: Callahuanca PE,reto-naturalista-urbano-2025-callahuanca-pe,175020,https://static.inaturalist.org/projects/228801-icon-8830600a5b97116123103880d41a02b8-span2.png?1743882517,"Callahuanca District, LR, PE",-11.8134035906,-76.5758334683,61
229909,RETO NATURALISTA URBANO 2025: CUSCO PE,reto-naturalista-urbano-2025-cusco-pe,13164,https://static.inaturalist.org/projects/229909-icon-de684260d739ab48fc0784bac52b8c92-span2.png?1745796534,"Cusco, PE",-13.1910861787,-72.1535102966,981
231546,RETO NATURALISTA URBANO 2025: San Ramón PE,reto-naturalista-urbano-2025-san-ramon-pe,207252,https://static.inaturalist.org/projects/231546-icon-f92e1ea98d20887bff8c5e87ebef8c16-span2.png?1743882840,"San Ramón Distrito PE, JU, PE",-11.1568076543,-75.4050973515,300
231543,RETO NATURALISTA URBANO 2025: CAJAMARCA PE,reto-naturalista-urbano-2025-cajamarca-pe,8223,https://static.inaturalist.org/projects/231543-icon-a01db1878269e2514d0b4a3d1215c7b0-span2.png?1743882478,"Cajamarca, PE",-6.430574985,-78.7454875802,172
231555,RETO NATURALISTA URBANO 2025: AYACUCHO PE,reto-naturalista-urbano-2025-ayacucho-pe,13161,https://static.inaturalist.org/projects/231555-icon-daeb772ffe28ef9a0ad4d17c98bd8eeb-span2.png?1743882463,"Ayacucho, PE",-14.0915701366,-74.0835041459,638
228528,RETO NATURALISTA URBANO 2025: Yurimaguas PE,reto-naturalista-urbano-2025-yurimaguas-pe,199210,https://static.inaturalist.org/projects/228528-icon-4638852ffa5ae570f57bbaa53d3eb5ef-span2.jpeg?1741801387,"Yurimaguas, LO, PE",-5.8458799292,-76.1615819593,551
231560,City Nature Challenge 2025: Lahore,city-nature-challenge-2025-lahore,40604,https://www.inaturalist.org/attachment_defaults/general/span2.png,"Lahore, PK, PB",31.2122490258,73.9434456112,30
228418,City Nature Challenge 2025: Greater Belfast,city-nature-challenge-2025-greater-belfast,198158,https://static.inaturalist.org/projects/228418-icon-df7a612b29d4e4066861232d2a981394-span2.png?1737048655,Greater Belfast Area and Strangford,54.5903272629,-5.8097623403,963
229945,City Nature Challenge 2025: Kano State,city-nature-challenge-2025-kano-state,11431,https://www.inaturalist.org/attachment_defaults/general/span2.png,"Kano, NG",11.7361301786,8.513338298,84
229902,City Nature Challenge 2025: Ōtautahi/Christchurch,city-nature-challenge-2025-otautahi-christchurch,129542,https://static.inaturalist.org/projects/229902-icon-9ce2b7bf94d253a02e003fafa4a1aca6-span2.png?1745450524,"Christchurch District, NZ",-43.6818287889,172.7656765803,2441
229778,City Nature Challenge 2025: Curaçao,city-nature-challenge-2025-curacao,10408,https://static.inaturalist.org/projects/229778-icon-3ed8e117b776033034d3b3b18eb732d0-span2.jpg?1738102365,Curaçao,12.1644476031,-68.9436721827,1150
227740,City Nature Challenge 2025: Katima Mulilo,city-nature-challenge-2025-katima-mulilo,101778,https://static.inaturalist.org/projects/227740-icon-689b0001e2139250a6bbdc532711ed46-span2.jpg?1736512078,"Katima Muliro Urban, CA, NA",-17.5100291799,24.2776924538,162
228368,City Nature Challenge 2025: Windhoek,city-nature-challenge-2025-windhoek,11406,https://www.inaturalist.org/attachment_defaults/general/span2.png,"Khomas, NA",-22.9160429405,17.1528386152,710
232751,City Nature Challenge 2025: Mocuba,city-nature-challenge-2025-mocuba,16931,https://static.inaturalist.org/projects/232751-icon-c8e5f3e46be1ede9bfb4c040acc95f54-span2.jpg?1745401127,"Mocuba, ZA, MZ",-16.852614467,36.8638005704,38
232752,City Nature Challenge 2025: Quelimane,city-nature-challenge-2025-quelimane,212368,https://static.inaturalist.org/projects/232752-icon-1d174497bb33a0f7b52d10549cde0286-span2.jpg?1745401632,"Quelimane, ZA, MZ",-17.8607027158,36.9154388434,215
232719,City Nature Challenge 2025: Xai-xai,city-nature-challenge-2025-xai-xai,16835,https://static.inaturalist.org/projects/232719-icon-ea16caa5e989a7cb507489abed25fe52-span2.jpg?1745401780,"Xai-Xai, GA, MZ",-25.0376727445,33.6240617173,9
232746,City Nature Challenge 2025: Gorongosa,city-nature-challenge-2025-gorongosa,16904,https://static.inaturalist.org/projects/232746-icon-90cb576a230e9ffed7c16d6c536ff463-span2.jpg?1745400639,"Gorongosa, SO, MZ",-18.6126845686,34.2144578233,110
232748,City Nature Challenge 2025: Marromeu,city-nature-challenge-2025-marromeu,16907,https://static.inaturalist.org/projects/232748-icon-20d67aaa777c2e4b72bbb8f26b0fe775-span2.jpg?1745400495,"Marromeu, SO, MZ",-18.4587349715,35.7726973065,89
232743,City Nature Challenge 2025: Beira,city-nature-challenge-2025-beira,212136,https://static.inaturalist.org/projects/232743-icon-7890b7384fa49202a17296b6ea7073a7-span2.jpg?1745400714,"Beira, SO, MZ",-19.7162799011,34.9330116345,34
232747,City Nature Challenge 2025: Machanga,city-nature-challenge-2025-machanga,16905,https://static.inaturalist.org/projects/232747-icon-cbc795642f71f7f1fd6b95347b351b7a-span2.jpg?1745400957,"Machanga, SO, MZ",-20.8955846489,34.5549308439,326
232742,City Nature Challenge 2025: Mecula,city-nature-challenge-2025-mecula,16892,https://static.inaturalist.org/projects/232742-icon-746c752ddc6462669126328e21ed1124-span2.jpg?1745400396,"Mecula, NS, MZ",-11.9567158731,37.5665935295,7
232741,City Nature Challenge 2025: Lichinga,city-nature-challenge-2025-lichinga,16885,https://static.inaturalist.org/projects/232741-icon-21f93f51aaeaef92566606f8d4983142-span2.jpg?1745400602,"Lichinga, NS, MZ",-13.3899871688,35.2846891591,56
232738,City Nature Challenge 2025: Nacala,city-nature-challenge-2025-nacala,16879,https://static.inaturalist.org/projects/232738-icon-064cf3be362398268137e81b82239b03-span2.jpg?1745401591,"Nacala Velha, NM, MZ",-14.5412488637,40.5653524292,21
232737,City Nature Challenge 2025: Memba,city-nature-challenge-2025-memba,16871,https://static.inaturalist.org/projects/232737-icon-1bd931641f78731d78bbf61c283a8505-span2.jpg?1745400878,"Memba, NM, MZ",-14.0467497457,40.4262499191,11
232722,City Nature Challenge 2025: Inhambane,city-nature-challenge-2025-inhambane,212842,https://static.inaturalist.org/projects/232722-icon-af20d11e8ebe79a99feceb483147bdbb-span2.jpg?1745401735,"Inhambane City, IN, MZ",-23.8866449901,35.468323686,31
232745,City Nature Challenge 2025: Gondola,city-nature-challenge-2025-gondola,16849,https://static.inaturalist.org/projects/232745-icon-bc11c8ef69d15bbb9c1957161d18b4c0-span2.jpg?1745398644,"Gondola, MN, MZ",-19.1505243075,33.6607751829,95
232734,City Nature Challenge 2025: Matola,city-nature-challenge-2025-matola,212143,https://static.inaturalist.org/projects/232734-icon-bf400a6a68266fc0276cefa2207c75bb-span2.jpg?1745401037,"Matola, MP, MZ",-25.8347204913,32.4951584755,63
232732,City Nature Challenge 2025: Boane,city-nature-challenge-2025-boane,16857,https://static.inaturalist.org/projects/232732-icon-880fc8d932ca1c8dbf7f8249ba7c8c28-span2.jpg?1745400682,"Boane, MP, MZ",-26.0286210546,32.3542354026,49
232735,City Nature Challenge 2025: Matutuine,city-nature-challenge-2025-matutuine,16862,https://static.inaturalist.org/projects/232735-icon-c499ae298b0fb1fae1c6d5d05e10e1c5-span2.jpg?1745400307,"Matutuíne, MP, MZ",-26.5057251537,32.6006125168,28
232736,City Nature Challenge 2025: Moamba,city-nature-challenge-2025-moamba,16863,https://static.inaturalist.org/projects/232736-icon-9ba0efe4c35ffa6c6e5c1631ab3d32fc-span2.jpg?1745400445,"Moamba, MP, MZ",-25.3425505419,32.2529548954,19
232706,City Nature Challenge 2025: Maputo City,city-nature-challenge-2025-maputo-city,97096,https://static.inaturalist.org/projects/232706-icon-44cf31de99286486a66b5495f5dac0f9-span2.jpg?1745401870,"Maputo City, MZ",-25.9241473404,32.6596996704,355
232733,City Nature Challenge 2025: Marracuene,city-nature-challenge-2025-marracuene,16861,https://static.inaturalist.org/projects/232733-icon-bc7d2e12c3521d4520eb04c3ed4f9f7a-span2.jpg?1745401083,"Marracuene, MP, MZ",-25.6686102005,32.7477197483,15
232731,City Nature Challenge 2025: Sussundenga,city-nature-challenge-2025-sussundenga,16855,https://static.inaturalist.org/projects/232731-icon-0233ddda3ba71f835af426f91226b032-span2.jpg?1745401672,"Sussundenga, MN, MZ",-19.6708974055,33.2628344306,141
232725,City Nature Challenge 2025: Vilanculos,city-nature-challenge-2025-vilanculos,16846,https://static.inaturalist.org/projects/232725-icon-f446741774d85c2ee172113867ee8b1e-span2.jpg?1745398574,"Vilanculos, IN, MZ",-22.2700577437,35.1740603941,65
232724,City Nature Challenge 2025: Mabote,city-nature-challenge-2025-mabote,16842,https://static.inaturalist.org/projects/232724-icon-06094fe1fe19bed1ca290db1618311b0-span2.jpg?1745398686,"Mabote, IN, MZ",-22.002669929,33.8002724852,2
232715,City Nature Challenge 2025: Pemba,city-nature-challenge-2025-pemba,16823,https://static.inaturalist.org/projects/232715-icon-c251237caf94dfa5cff6c9567541e55b-span2.jpg?1745419638,"Pemba, CD, MZ",-12.9032133733,40.3742213052,262
223559,"CNC 2025: Sisal, Yucatán",cnc-2025-sisal-yucatan,182148,https://static.inaturalist.org/projects/223559-icon-6f70b9b2743fbebc239928f2a24c5d5e-span2.png?1745883935,Socioecosistema Sisal,21.15891766,-90.0645192342,130
225236,RETO NATURALISTA URBANO TIZIMÍN 2025,reto-naturalista-urbano-tizimin-2025,38163,https://www.inaturalist.org/attachment_defaults/general/span2.png,"Tizimín, MX, YU",21.2707422327,-87.8407506767,1545
223556,"CNC 2025: Celestún, Yucatán",cnc-2025-celestun-yucatan,172691,https://static.inaturalist.org/projects/223556-icon-bf907af9db98a57d095686f3eafdd2ad-span2.png?1745885507,Celestún OCR Lanresc,20.8229286088,-90.3681369289,10
229896,Reto Naturalista Urbano Poza Rica 2025,reto-naturalista-urbano-poza-rica-2025,37995,https://static.inaturalist.org/projects/229896-icon-74c3bdc5cba88f167bdb8fa4970cd02d-span2.JPG?1738203240,"Poza Rica de Hidalgo, MX, VE",20.5300488824,-97.4384718798,351
229894,Reto Naturalista Urbano Tuxpan 2025,reto-naturalista-urbano-tuxpan-2025,38051,https://static.inaturalist.org/projects/229894-icon-f50ef21477e18a23377afcf9ae57c64d-span2.JPG?1738202758,"Tuxpan, MX, VE",20.9379333872,-97.3878739481,422
228166,"Reto Naturalista Urbano 2025: Catemaco, Ver, Mx",reto-naturalista-urbano-2025-catemaco-ver-mx,37895,https://static.inaturalist.org/projects/228166-icon-4e21e4ceb04e4f3c6078164d5c7c2cc8-span2.jpg?1736807209,"Catemaco, MX, VE",18.4515316342,-95.0188000011,34
228168,"Reto Naturalista Urbano 2025: San Andrés Tuxtla, Ver, Mx",reto-naturalista-urbano-2025-san-andres-tuxtla-ver-mx,38004,https://static.inaturalist.org/projects/228168-icon-fa1ebf496c2e1c61aab798f0f2d9cc17-span2.jpg?1736807305,"San Andrés Tuxtla, MX, VE",18.5032747535,-95.2083438338,47
231429,"Reto Naturalista Urbano, Sierra de Guadalupe, CDMX/Edo. de México 2025",reto-naturalista-urbano-sierra-de-guadalupe-cdmx-edo-de-mexico-2025,178459,https://www.inaturalist.org/attachment_defaults/general/span2.png,"Sierra de Guadalupe, EdoMex/CDMX, MX",19.5841267904,-99.1151848907,742
226543,"Reto Naturalista Urbano 2025: Tuxtla Gutiérrez, Chis, MX.",reto-naturalista-urbano-2025-tuxtla-gutierrez-chis-mx,101694,https://static.inaturalist.org/projects/226543-icon-221361216847d3d2f93e3ce18d2bd6fe-span2.png?1735253449,"Tuxtla Gutiérrez, CA, MX",16.7394474782,-93.1372938258,391
225871,"Reto Naturalista Urbano 2025: Tulum, Q. Roo",reto-naturalista-urbano-2025-tulum-q-roo,57994,https://www.inaturalist.org/attachment_defaults/general/span2.png,"Tulum, MX, QR",20.2546536094,-87.617594648,358
227312,"Reto Naturalista Urbano 2025: Tecámac, EDOMEX.",reto-naturalista-urbano-2025-tecamac-edomex,37094,https://static.inaturalist.org/projects/227312-icon-bf51d45ad207ed4dd75497220895dd0c-span2.png?1744847663,"Tecámac, MX, MX",19.7058365103,-98.9865078453,317
223558,"CNC 2025: Dos Bocas, Tabasco",cnc-2025-dos-bocas-tabasco,189549,https://static.inaturalist.org/projects/223558-icon-8dc189a83cbf2a7e07d29b6536ca3468-span2.png?1745885798,Socioecosistema Dos Bocas,18.4754144655,-93.2205684027,8
232283,Reto Naturalista Urbano 2025: Ciudad Obregón,reto-naturalista-urbano-2025-ciudad-obregon,188187,https://www.inaturalist.org/attachment_defaults/general/span2.png,"Ciudad Obregón, zona urbana",27.508344575,-109.9252483044,101
223553,"CNC 2025: Agiabampo, Sonora",cnc-2025-agiabampo-sonora,186368,https://static.inaturalist.org/projects/223553-icon-224e93e2b2a772cade34b0f5d023ec38-span2.png?1745885655,Socioecosistema Agiabampo,26.4260444171,-109.1512978471,205
227233,Reto Naturalista Urbano 2025: Culiacán,reto-naturalista-urbano-2025-culiacan,49407,https://static.inaturalist.org/projects/227233-icon-5136a868933fc07bd6c2f950aa461900-span2.JPG?1745342003,"Culiacán, MX, SI",24.6236008417,-107.2821215301,1230
228432,Reto Naturalista Urbano 2025: Norte del Altiplano Potosino,reto-naturalista-urbano-2025-norte-del-altiplano-potosino,37626,https://static.inaturalist.org/projects/228432-icon-fdeab1c7f080c3137afed3e548e784bf-span2.jpg?1737000805,"Cedral, MX, SL",23.9303543248,-100.6737463602,138
223552,"CNC 2025: Copalita-Huatulco, Oaxaca",cnc-2025-copalita-huatulco-oaxaca,189547,https://static.inaturalist.org/projects/223552-icon-b7a5a6cd842a3068a861a2bf6d54ef32-span2.png?1745883835,Socioecosistema Copalita,15.9595076656,-96.2190058286,231
227698,Reto Naturalista Urbano 2025: Monterrey Zona Metropolitana,reto-naturalista-urbano-2025-monterrey-zona-metropolitana,37338,https://static.inaturalist.org/projects/227698-icon-3ece3f2152e8848c58a3085038cdd327-span2.png?1736461121,"Monterrey, MX, NL",25.6448319449,-100.3110151153,2451
229800,"Reto NaturaLista Primavera 2025 San Blas, Nayarit.",reto-naturalista-primavera-2025-san-blas-nayarit,37292,https://www.inaturalist.org/attachment_defaults/general/span2.png,"San Blas, MX, NA",21.5485001816,-105.8749671297,94
230172,Reto naturalista Barrancas de cuernavaca 2025,reto-naturalista-barrancas-de-cuernavaca-2025,37253,https://static.inaturalist.org/projects/230172-icon-dd8ee04b6bdf393444c5b0f828eb0084-span2.jpg?1739382671,"Cuernavaca, MX, MR",18.9388781215,-99.2630276485,98
230032,Reto Naturalista Urbano 2025: Zona Metropolitana de Morelia,reto-naturalista-urbano-2025-zona-metropolitana-de-morelia,37190,https://static.inaturalist.org/projects/230032-icon-42ce14e3be7ef292898a05fc381d3c8d-span2.png?1738289407,"Morelia, MX, MC",19.6665934823,-101.279106636,666
231475,"Reto Naturalista Primavera 2025: Yahualica de González Gallo, Jal-Mex",reto-naturalista-primavera-2025-yahualica-de-gonzalez-gallo-jal-mex,37006,https://www.inaturalist.org/attachment_defaults/general/span2.png,"Yahualica de González Gallo, MX, JA",21.137936465,-102.9336607762,1
228422,Reto Naturalista Urbano 2025 Guadalajara Área Metropolitana,reto-naturalista-urbano-2025-guadalajara-area-metropolitana,36930,https://www.inaturalist.org/attachment_defaults/general/span2.png,"Guadalajara, MX, JA",20.6759710456,-103.3358072039,722
232225,Reto Naturalista Urbano 2025 Biodiversidad de Hidalgo,reto-naturalista-urbano-2025-biodiversidad-de-hidalgo,11167,https://static.inaturalist.org/projects/232225-icon-e9b9857cd188411302eaa2fecde160a9-span2.jpg?1740172789,"Hidalgo, MX",20.4795840071,-98.8872244134,799
230029,"Reto Naturalista Urbano - Tequixquiac, 2025",reto-naturalista-urbano-tequixquiac-2025,37109,https://www.inaturalist.org/attachment_defaults/general/span2.png,"Tequixquiac, MX, MX",19.9046487831,-99.1495851148,147
229078,"Reto Naturalista Urbano 2025: Amanalco de Becerra, Edo. Mex",reto-naturalista-urbano-2025-amanalco-de-becerra-edo-mex,37019,https://static.inaturalist.org/projects/229078-icon-be2656aeaedd51f13d7c6d52868cfc19-span2.jpg?1740415429,"Amanalco, MX, MX",19.250931481,-99.9883931997,442
229539,Reto Naturalista Urbano Primavera 2025: Zona Metropolitana del Valle de Toluca,reto-naturalista-urbano-primavera-2025-zona-metropolitana-del-valle-de-toluca,37017,https://static.inaturalist.org/projects/229539-icon-d21f103fb4e0b75c1cb09fb5b8d3bbee-span2.png?1745517434,"Almoloya de Juárez, MX, MX",19.4055782927,-99.8294544905,264
225778,“Reto Naturalista Urbano 2025: Texcoco de Mora,reto-naturalista-urbano-2025-texcoco-de-mora,37112,https://static.inaturalist.org/projects/225778-icon-adbc338c16161440f3a323b1eb223212-span2.png?1734372468,"Texcoco, MX, MX",19.4716241503,-98.8277921916,1084
218432,Reto Naturalista Primavera 2025: Costa de Colima,reto-naturalista-primavera-2025-costa-de-colima,101596,https://static.inaturalist.org/projects/218432-icon-e90da62ddf8c0a3f210df7a3b1670024-span2.png?1745537120,"Manzanillo, CL, MX",19.1323595345,-105.1733251205,243
195381,Reto Naturalista Urbano 2025: Colima,reto-naturalista-urbano-2025-colima,101592,https://static.inaturalist.org/projects/195381-icon-c1dd30496ef7853c344498f9a7b0cdd1-span2.jpg?1736127327,"Colima, CL, MX",19.1160960938,-103.63266776,212
232119,Reto Naturalista Urbano 2025: ZM de La Laguna,reto-naturalista-urbano-2025-zm-de-la-laguna,36652,https://www.inaturalist.org/attachment_defaults/general/span2.png,"Gómez Palacio, MX, DU",25.7279773183,-103.4906318387,288
227548,Reto Naturalista Primavera 2025: Ciudad de México,reto-naturalista-primavera-2025-ciudad-de-mexico,59014,https://static.inaturalist.org/projects/227548-icon-29ad58c40d71541e7748cb6c267f54e2-span2.jpg?1736617429,"Distrito Federal, MX",19.2768896365,-99.1394111886,1702
231843,"Reto NaturaLista Primavera 2025: Chihuahua, Chihuahua.",reto-naturalista-primavera-2025-chihuahua-chihuahua,36528,https://www.inaturalist.org/attachment_defaults/general/span2.png,"Chihuahua, MX, CH",29.0005522339,-106.2325258718,106
229908,Reto Naturalista Urbano 2025: San Cristóbal de Las Casas,reto-naturalista-urbano-2025-san-cristobal-de-las-casas,208222,https://static.inaturalist.org/projects/229908-icon-6375b74f3263bada18672b30c6c22e1e-span2.jpg?1745599460,"San Cristóbal de las Casas, zona urbana",16.7272419694,-92.6338716823,356
230155,"Reto Naturalista Urbano 2025: Tapachula, Chiapas, MX",reto-naturalista-urbano-2025-tapachula-chiapas-mx,101683,https://www.inaturalist.org/attachment_defaults/general/span2.png,"Tapachula, CA, MX",14.8951041247,-92.3203090205,162
223554,"CNC 2025: Laguna de Términos, Campeche",cnc-2025-laguna-de-terminos-campeche,55279,https://static.inaturalist.org/projects/223554-icon-f7061c1d8314a8acd07c5343e9ed33f7-span2.png?1745885639,"Área de Protección de Flora y Fauna Laguna de Términos, CM, MX",18.6283881159,-91.7651473074,9
228169,"Reto Naturalista Urbano 2025: La Paz, BCS, Mx",reto-naturalista-urbano-2025-la-paz-bcs-mx,101527,https://static.inaturalist.org/projects/228169-icon-314aa96d358ff6fc66124f0a7fc705ce-span2.jpg?1736807342,"La Paz, MX, BS",24.2092968588,-110.620093885,582
225492,Reto NaturaLista Primavera 2025: Loreto,reto-naturalista-primavera-2025-loreto,101525,https://static.inaturalist.org/projects/225492-icon-ef71eb8d08dad17804edfb8fce29f66f-span2.png?1734023924,"Loreto, MX, BN",25.9333289233,-111.3545380171,1202
229891,Reto Naturalista 2025 Ensenada,reto-naturalista-2025-ensenada,185353,https://www.inaturalist.org/attachment_defaults/general/span2.png,Reto Ensenada Naturalista 2022,31.5267189181,-116.073200882,1182
223474,Reto Naturalista Urbano 2025: Tijuana,reto-naturalista-urbano-2025-tijuana,101524,https://static.inaturalist.org/projects/223474-icon-e9db8dfb72a761efa2a39c69e5f2c3b2-span2.png?1743536444,"Tijuana, MX, BS",32.4081693495,-116.886178824,492
232159,Reto Naturalista Urbano 2025: Atenco,reto-naturalista-urbano-2025-atenco,37023,https://static.inaturalist.org/projects/232159-icon-786c36e0b0a21d85fc15c4e50e46d2ce-span2.png?1745473695,"Atenco, MX, MX",19.5456485809,-98.9615707806,106
225624,"Reto Naturalista Urbano 2025: Ahome, Sinaloa",reto-naturalista-urbano-2025-ahome-sinaloa,37676,https://static.inaturalist.org/projects/225624-icon-8646fa03a0d1cdb9f62acc4005c45721-span2.png?1734127730,"Ahome, MX, SI",25.8854052641,-109.1630870704,207
227286,City Nature Challenge 2025: Luxembourg,city-nature-challenge-2025-luxembourg,120582,https://static.inaturalist.org/projects/227286-icon-b2ec37c93febe6b7e25098f469f205b0-span2.png?1741879789,"Grand-Duché de Luxembourg, LU",49.7768951193,6.0920320645,1788
232330,City Nature Challenge 2025: Kajiado,city-nature-challenge-2025-kajiado,96933,https://static.inaturalist.org/projects/232330-icon-5d9fd5ad892d30e168d166b74c0701c0-span2.jpg?1739944140,"Kajiado, KE",-2.1191311465,36.9060457493,53
229679,City Nature Challenge 2025: Ishikawa,city-nature-challenge-2025-ishikawa,10915,https://static.inaturalist.org/projects/229679-icon-79785d7c5b6de554cec38c0fa3b6f13f-span2.png?1738045423,"Ishikawa, JP",36.894723233,136.8055578073,252
229808,City Nature Challenge 2025-Monte Pisano -Cluster Biodiversità Italia,city-nature-challenge-2025-monte-pisano-cluster-biodiversita-italia,211659,https://static.inaturalist.org/projects/229808-icon-74396ece77943ae44f24ca29d5b56455-span2.jpg?1772036458,Monte Pisano,43.7676195641,10.521051135,438
229924,City Nature Challenge 2025: Siena,city-nature-challenge-2025-siena,178334,https://www.inaturalist.org/attachment_defaults/general/span2.png,Siena,43.3105117485,11.333769169,625
229603,City Nature Challenge 2025: Predazzo Cluster Biodiversità Italia,city-nature-challenge-2025-predazzo-cluster-biodiversita-italia,211504,https://static.inaturalist.org/projects/229603-icon-34123f0eb24e2f4636b4fcd29fe30f0b-span2.jpg?1737984890,CNC 2025 Predazzo,46.3127975844,11.6131010483,275
229057,City Nature Challenge 2025: Trento Cluster Biodiversità Italia,city-nature-challenge-2025-trento-cluster-biodiversita-italia,154558,https://static.inaturalist.org/projects/229057-icon-60f39daca04f2ea4666df6ad3ce3e5f7-span2.jpg?1745608424,Biodistretto Comune di Trento,46.0612090349,11.1340233347,142
230113,Challenge Natura Urbana 2025: Isola di Pantelleria,challenge-natura-urbana-2025-isola-di-pantelleria,152179,https://www.inaturalist.org/attachment_defaults/general/span2.png,Isola di Pantelleria,36.7875211581,11.9940294725,150
229784,City Nature Challenge 2025: Sciacca,city-nature-challenge-2025-sciacca,215161,https://static.inaturalist.org/projects/229784-icon-be1b18467c9a5c6a59f9d94728c7ac5b-span2.png?1738106268,"Sciacca (CNC 2025), Sicily, IT",37.5058050313,13.0767633172,188
229780,City Nature Challenge 2025: Palermo - Sferracavallo,city-nature-challenge-2025-palermo-sferracavallo,33184,https://static.inaturalist.org/projects/229780-icon-370148fd15c474de0bff17072fe7aae8-span2.png?1738103436,"Palermo, Sicily, IT",37.9205537212,13.5714990083,415
228227,City Nature Challenge 2025: Milazzo,city-nature-challenge-2025-milazzo,211098,https://static.inaturalist.org/projects/228227-icon-2063bf06916d6f78f6ddceb4085b0633-span2.jpg?1736872429,"Milazzo (CNC), IT",38.2210050194,15.2415101338,1356
220191,"City Nature Challenge 2025: Roma, Italy",city-nature-challenge-2025-roma-italy,33139,https://static.inaturalist.org/projects/220191-icon-span2.?1728983176,"Roma, Lazio, IT",41.9045586891,12.5337767743,2020
230423,Trinitapoli City Nature Challenge 2025 - Cluster Biodiversità Italia,trinitapoli-city-nature-challenge-2025-cluster-biodiversita-italia,150895,https://static.inaturalist.org/projects/230423-icon-6e4210779c4817276c27ab3b75dc3162-span2.png?1744717003,"Parco naturale regionale Fiume Ofanto, IT",41.1711768643,15.9006613881,92
230057,City Nature Challenge 2025: Manduria - Riserve Naturali,city-nature-challenge-2025-manduria-riserve-naturali,33110,https://static.inaturalist.org/projects/230057-icon-c2e95224bb8f4939d3e3c784016951d9-span2.jpg?1738315363,"Taranto, Apulia, IT",40.5118320006,17.2173417741,221
225305,City Nature Challenge 2025: Torino,city-nature-challenge-2025-torino,211086,https://static.inaturalist.org/projects/225305-icon-4871db699d2be1ce63e8d7d00d9fac85-span2.png?1734349907,"Torino - Boschetto, Piemonte, IT",45.0714732317,7.6778189492,1080
228445,City Nature Challenge 2025: Bergamo,city-nature-challenge-2025-bergamo,188105,https://static.inaturalist.org/projects/228445-icon-7ba50f0aad9e4e19e10fb7dad7427255-span2.jpg?1737020273,"Bergamo, Lombardia, IT",45.6965109139,9.6639481383,260
228461,City Nature Challenge 2025: Ferrara,city-nature-challenge-2025-ferrara,211174,https://static.inaturalist.org/projects/228461-icon-4aba6a9e9463d1f1a595754a28afd397-span2.png?1738836219,territorio comunale di Ferrara (Italy),44.8228087726,11.649133738,333
230132,City Nature Challenge 2025: Regno di Nettuno/Cluster Biodiversità Italia,city-nature-challenge-2025-regno-di-nettuno-cluster-biodiversita-italia,151768,https://static.inaturalist.org/projects/230132-icon-0ba4f0f9945af574075cbd0faa14baa2-span2.png?1738355450,"Area marina protetta Regno di Nettuno, Campania, IT",40.7314220449,13.9127682661,14
230008,City Nature Challenge 2025: Terra d'Arneo - Puglia - Italy,city-nature-challenge-2025-terra-d-arneo-puglia-italy,201914,https://static.inaturalist.org/projects/230008-icon-bed5f7836b9b40f517fb6790ad94c248-span2.jpg?1738274021,"Leverano, Apulia, IT",40.2906588232,17.9705933209,188
229046,City Nature Challenge 2025: Tehran,city-nature-challenge-2025-tehran,212731,https://static.inaturalist.org/projects/229046-icon-4e886a3b69b64a7dd3bae7549ab829b0-span2.jpg?1737541174,"Tehran, TH, IR",35.7147796368,51.3781667045,136
232842,City Nature Challenge 2025:Kolkata,city-nature-challenge-2025-kolkata,118172,https://www.inaturalist.org/attachment_defaults/general/span2.png,"Kolkata and its Outskirts, WB, IN",22.667848921,88.3713815403,1258
230074,City Nature Challenge 2025 : Dehradun,city-nature-challenge-2025-dehradun,100727,https://www.inaturalist.org/attachment_defaults/general/span2.png,"Dehradun, UT, IN",30.4686125164,77.9597518543,712
232623,City nature challenge 2025: Nanakmatta Uttarakhand,city-nature-challenge-2025-nanakmatta-uttarakhand,166177,https://static.inaturalist.org/projects/232623-icon-55429e02c1bc6aee7fbafac87f0e9c76-span2.jpg?1740066524,Nanakmatta ,28.9643974335,79.8506337318,2316
222848,City Nature Challenge 2025: Hyderabad Telangana,city-nature-challenge-2025-hyderabad-telangana,96902,https://www.inaturalist.org/attachment_defaults/general/span2.png,"Telangana, IN",17.7948399515,79.0594570459,2281
229625,City Nature Challenge 2025 : Chennai,city-nature-challenge-2025-chennai,32480,https://www.inaturalist.org/attachment_defaults/general/span2.png,"Chennai, TN, IN",13.0449106817,80.2624866269,1109
228433,City Nature Challenge 2025: Mangan,city-nature-challenge-2025-mangan,32476,https://static.inaturalist.org/projects/228433-icon-62b9fb8041e842bf88662a953ced68ca-span2.jpg?1737001658,"North Sikkim, SK, IN",27.7436752523,88.5263536669,18
228318,City Nature Challenge 2025: Gyalshing,city-nature-challenge-2025-gyalshing,32478,https://static.inaturalist.org/projects/228318-icon-95fac6800c31e43c3f3fc9013264aa6d-span2.jpg?1736923525,"West Sikkim, SK, IN",27.3471103507,88.1739238581,194
228315,City Nature Challenge 2025: Namchi,city-nature-challenge-2025-namchi,32477,https://static.inaturalist.org/projects/228315-icon-f945901cc4b03459a6bf97f762ab89f1-span2.jpg?1736922125,"South Sikkim, SK, IN",27.2870907585,88.3803595502,42
228314,City Nature Challenge 2025: Gangtok,city-nature-challenge-2025-gangtok,100696,https://static.inaturalist.org/projects/228314-icon-c99eb3a3819cab83b8cc46803abd35fd-span2.jpg?1736921836,"East Sikkim, SK, IN",27.2928855811,88.6713301759,390
230081,City Nature Challenge 2025: Jaipur,city-nature-challenge-2025-jaipur,32459,https://static.inaturalist.org/projects/230081-icon-cd8975e1765a0ae24aa1c97b265d8933-span2.png?1738330626,"Jaipur, RJ, IN",26.9837516427,75.7182796904,329
230167,City Nature Challenge 2025: Kota,city-nature-challenge-2025-kota,32466,https://static.inaturalist.org/projects/230167-icon-1302b93841d2859bcb7b6bf7bb59df87-span2.png?1738382318,"Kota, RJ, IN",25.1286371791,76.1254162359,38
229725,City Nature Challenge 2025: Nagaland,city-nature-challenge-2025-nagaland,7460,https://www.inaturalist.org/attachment_defaults/general/span2.png,"Nagaland, IN",26.0670201528,94.4703016597,12
232598,City Nature Challenge 2025: Aizawl-Mizoram,city-nature-challenge-2025-aizawl-mizoram,32376,https://static.inaturalist.org/projects/232598-icon-46372b8ffd18d772912cf938aca5af68-span2.jpg?1740053618,"Aizawl, MZ, IN",23.836556336,92.8880736505,687
226999,City Nature Challenge 2025: Thane District,city-nature-challenge-2025-thane-district,32356,https://static.inaturalist.org/projects/226999-icon-72168f17ed390f82dffd5a4774359e65-span2.jpg?1738910395,"Thane, MH, IN",19.3576592864,73.3254158912,284
231446,City Nature Challenge 2025: Nashik,city-nature-challenge-2025-nashik,32346,https://www.inaturalist.org/attachment_defaults/general/span2.png,"Nashik, MH, IN",20.2600030173,74.0778381851,356
228439,City Nature Challenge 2025: Sangli City,city-nature-challenge-2025-sangli-city,32352,https://static.inaturalist.org/projects/228439-icon-a6e73e8678ee763e602c4db20dd6d627-span2.png?1745557944,"Sangli, MH, IN",17.1107152394,74.7748266037,543
225586,City Nature Challenge 2025: Kolhapur,city-nature-challenge-2025-kolhapur,32341,https://static.inaturalist.org/projects/225586-icon-e0424c25b85727fe1112488fd61b906c-span2.jpg?1734081663,"Kolhapur, MH, IN",16.4667940011,74.1672999667,1159
230053,"City Nature Challenge 2025: Bhopal, Madhya Pradesh",city-nature-challenge-2025-bhopal-madhya-pradesh,32284,https://www.inaturalist.org/attachment_defaults/general/span2.png,"Bhopal, MP, IN",23.4819459439,77.3917909829,353
227879,City Nature Challenge 2025: Kerala,city-nature-challenge-2025-kerala,9627,https://static.inaturalist.org/projects/227879-icon-3d70aa79f4e50ef206c6b710ca6ee44c-span2.jpg?1736620706,"Kerala, IN",10.4510288037,76.3698888679,2706
228951,City Nature Challenge 2025: Mysore,city-nature-challenge-2025-mysore,32258,https://www.inaturalist.org/attachment_defaults/general/span2.png,"Mysore, KA, IN",12.2021757322,76.4360826066,287
228862,City Nature Challenge 2025: Solan,city-nature-challenge-2025-solan,32199,https://www.inaturalist.org/attachment_defaults/general/span2.png,"Solan, HP, IN",31.0465842605,76.8956949253,546
232696,City Nature Challenge 2025: Ahmedabad Gandhinagar,city-nature-challenge-2025-ahmedabad-gandhinagar,124319,https://www.inaturalist.org/attachment_defaults/general/span2.png,Ahmedabad,23.0302423506,72.5759296978,150
229266,City Nature Challenge 2025: Goa,city-nature-challenge-2025-goa,10791,https://www.inaturalist.org/attachment_defaults/general/span2.png,"Goa, IN",15.3485514154,74.0206811218,1884
228451,City Nature Challenge 2025 : Delhi NCR,city-nature-challenge-2025-delhi-ncr,7776,https://static.inaturalist.org/projects/228451-icon-6c04b17ef9a66e21eb8917c1114ec40b-span2.png?1743746874,"Delhi, IN",28.6439990997,77.091003418,1370
231817,City Nature Challenge 2025 : DNH & DD,city-nature-challenge-2025-dnh-dd,10790,https://static.inaturalist.org/projects/231817-icon-36bc9111705f21c24d8072d69e48e4b2-span2.png?1739605678,"Daman and Diu, IN",20.5529317894,71.9314080616,9
227637,City Nature Challenge 2025: Chandigarh,city-nature-challenge-2025-chandigarh,32123,https://static.inaturalist.org/projects/227637-icon-4967d1f9c8edb1958dd4abf62e423976-span2.png?1736420568,"Chandigarh, CH, IN",30.7338389328,76.7682780862,49
222464,"Desafio Mundial da Natureza Urbana 2025: Fortaleza e Região Metropolitana - CE, Brasil",desafio-mundial-da-natureza-urbana-2025-fortaleza-e-regiao-metropolitana-ce-brasil,20779,https://static.inaturalist.org/projects/222464-icon-span2.?1730996208,"Fortaleza, CE, BR",-3.7581410746,-38.5060823158,411
232777,Desafio Mundial da Natureza Urbana 2025: Santa Teresa,desafio-mundial-da-natureza-urbana-2025-santa-teresa,20969,https://static.inaturalist.org/projects/232777-icon-98ae517d9d940a37390606b42503203a-span2.png?1745588550,"Santa Teresa, ES, BR",-19.8777787433,-40.6355665804,1895
232671,City Nature Challenge 2025: Calgary Metropolitan Region,city-nature-challenge-2025-calgary-metropolitan-region,132936,https://www.inaturalist.org/attachment_defaults/general/span2.png,City of Calgary,51.0350326223,-114.0522238177,889
222621,"City Nature Challenge 2025: Richmond, BC",city-nature-challenge-2025-richmond-bc,130244,https://static.inaturalist.org/projects/222621-icon-d23cee5740c1e44c5c29ad6e5d0bb500-span2.jpg?1745427284,"Richmond, BC, CA",49.159485428,-123.1027966237,830
232608,City Nature Challenge 2025: Congleton,city-nature-challenge-2025-congleton,212371,https://www.inaturalist.org/attachment_defaults/general/span2.png,"Congleton, East Cheshire, England, United Kingdom ",53.1655000139,-2.1878645634,269
231568,City Nature Challenge 2025: Brighton & Eastern Downs,city-nature-challenge-2025-brighton-eastern-downs,164862,https://static.inaturalist.org/projects/231568-icon-d3dc8b5359d98a705c4a4be57a2b90a4-span2.png?1739439551,"Brighton & Eastern Downs, England, GB",50.8359157777,-0.1571871892,764
227280,City Nature Challenge 2025: Birmingham & Black Country,city-nature-challenge-2025-birmingham-black-country,144101,https://static.inaturalist.org/projects/227280-icon-4ec13942be01cf17816e1bd78564a55c-span2.png?1736170349,"Birmingham & Black Country, England, GB",52.5210417901,-1.9724553358,1520
232861,City Nature Challenge 2025 : Thessaloniki,city-nature-challenge-2025-thessaloniki,30819,https://static.inaturalist.org/projects/232861-icon-782be343237059311d3c3ac9ba1f1386-span2.jpg?1745578022,"Thessaloniki, GR",40.6238495,23.1410835,246
224974,Reto Naturalista 2025: Valle de Aburrá,reto-naturalista-2025-valle-de-aburra,144768,https://www.inaturalist.org/attachment_defaults/general/span2.png,Área Metropolitana del Valle de Aburrá,6.2800189984,-75.5385367858,2328
229875,"City Nature Challenge 2025: Brookings County, SD",city-nature-challenge-2025-brookings-county-sd,2452,https://www.inaturalist.org/attachment_defaults/general/span2.png,"Brookings County, US, SD",44.3696800803,-96.7904215386,163
227701,City Nature Challenge 2025: Pierre/Fort Pierre,city-nature-challenge-2025-pierre-fort-pierre,855,https://static.inaturalist.org/projects/227701-icon-09259b9456daa45c4d8b7135f4e622db-span2.jpg?1736462802,"Hughes County, US, SD",44.3890304623,-99.9960499592,59
228584,City Nature Challenge 2025: Santa Fe Area,city-nature-challenge-2025-santa-fe-area,2392,https://static.inaturalist.org/projects/228584-icon-896e35f680b99aa8ab91e965b35b09e0-span2.jpeg?1738095741,"Santa Fe County, US, NM",35.5068564401,-105.9761208401,630
232832,City Nature Challenge 2025: Southwest Louisiana,city-nature-challenge-2025-southwest-louisiana,1753,https://static.inaturalist.org/projects/232832-icon-e80c2b92369281b4a1f66f419b3df551-span2.jpg?1740230016,"Vernon Parish, LA, US",31.1082936997,-93.1841466986,680
226102,City Nature Challenge 2025: Bowling Green and South Central Kentucky,city-nature-challenge-2025-bowling-green-and-south-central-kentucky,1038,https://static.inaturalist.org/projects/226102-icon-141f88f2d4abc603d969c4c91eb3f74e-span2.png?1734713029,"Allen County, US, KY",36.7513166458,-86.1904186665,567
202843,City Nature Challenge 2025: South Florida (#CNCSOFLO),city-nature-challenge-2025-south-florida-cncsoflo,2345,https://www.inaturalist.org/attachment_defaults/general/span2.png,"Miami-Dade County, US, FL",25.608968247,-80.4986667689,3307
224573,City Nature Challenge 2025: Volusia County,city-nature-challenge-2025-volusia-county,1796,https://static.inaturalist.org/projects/224573-icon-efcb4c2517346521ce6e87ce9381c1c9-span2.png?1738786686,"Volusia County, FL, US",29.0634519556,-81.1485721296,766
224571,"City Nature Challenge 2025: Orange County, FL",city-nature-challenge-2025-orange-county-fl,934,https://static.inaturalist.org/projects/224571-icon-07af3a100b502de9b1e3697dfe272d3b-span2.png?1738786248,"Orange County, US, FL",28.5144225618,-81.3234784823,1105
232899,"City Nature Challenge 2025: Lake County, California",city-nature-challenge-2025-lake-county-california,1917,https://www.inaturalist.org/attachment_defaults/general/span2.png,"Lake County, US, CA",39.0996453402,-122.7531839162,537
232345,City Nature Challenge 2025 : Thung Song City,city-nature-challenge-2025-thung-song-city,204431,https://www.inaturalist.org/attachment_defaults/general/span2.png,"Thung Song Municipality เทศบาลเมืองทุ่งสง, NT, TH",8.1634885492,99.6905933619,144
232895,City Nature Challenge 2025: Mueang Phitsanulok,city-nature-challenge-2025-mueang-phitsanulok,45737,https://www.inaturalist.org/attachment_defaults/general/span2.png,"Muang Phitsanulok, TH, PS",16.8337840801,100.291350874,70
232838,City Nature Challenge 2025: Málaga,city-nature-challenge-2025-malaga,175436,https://www.inaturalist.org/attachment_defaults/general/span2.png,"Málaga, España",36.7674968351,-4.4241095067,524
232845,Biomaraton CNC 2025: El Álamo-Navalcarnero-Casarrubios del Monte,biomaraton-cnc-2025-el-alamo-navalcarnero-casarrubios-del-monte,162736,https://static.inaturalist.org/projects/232845-icon-389d3ce75abbd097ef69ae89743add0e-span2.png?1740240672,El Álamo,40.2324044246,-3.9892579944,83
233073,City Nature Challenge 2025:  City of St. Catharines,city-nature-challenge-2025-city-of-st-catharines,167136,https://www.inaturalist.org/attachment_defaults/general/span2.png,"St. Catharines Urban Boundary, ON, CA",43.1687247653,-79.2372191069,241
228590,City Nature Challenge 2025: Ukraine,city-nature-challenge-2025-ukraine,8860,https://static.inaturalist.org/projects/228590-icon-90d7e5eb601efe2ab5980fa9148b7239-span2.jpg?1742880062,Ukraine,48.9511531071,31.4499159404,2483
229604,City Nature Challenge 2025: Lanca di Gussola,city-nature-challenge-2025-lanca-di-gussola,211420,https://static.inaturalist.org/projects/229604-icon-96434e7231f6c988968d5683b78d1739-span2.png?1737989679,Gussola oxbow lake,44.9774054419,10.361060758,37
232976,City Nature Challenge 2025: Surin ปฏิบัติการสำรวจธรรมชาติในเมือง สุรินทร์ ประจำปี 2568,city-nature-challenge-2025-surin-2568,45975,https://www.inaturalist.org/attachment_defaults/general/span2.png,"Muang Surin, TH, SU",14.8837323142,103.5127083503,27
230884,RETO NATURALISTA URBANO 2025: AREQUIPA PE,reto-naturalista-urbano-2025-arequipa-pe,13159,https://static.inaturalist.org/projects/230884-icon-5969d81efeb434e79babd7800a7675c8-span2.png?1740202260,"Arequipa, PE",-15.8646205646,-72.5080504283,286
227112,City Nature Challenge 2025: Darwin and Palmerston,city-nature-challenge-2025-darwin-and-palmerston,199503,https://www.inaturalist.org/attachment_defaults/general/span2.png,"Darwin and Palmerston, NT, AU",-12.4324319031,130.89505445,364
233126,City Nature Challenge 2025: Brisbane,city-nature-challenge-2025-brisbane,143982,https://www.inaturalist.org/attachment_defaults/general/span2.png,"Oxley Creek catchment, Brisbane, QL, AU",-27.631421095,152.9820350413,1176
230843,City Nature Challenge 2025: Greater Adelaide,city-nature-challenge-2025-greater-adelaide,146094,https://www.inaturalist.org/attachment_defaults/general/span2.png,"Greater Adelaide, SA, AU",-35.0343524747,138.6637259588,1150
232340,Reto Ciudad Naturaleza Pando 2025 Cobija Amazonía,reto-ciudad-naturaleza-pando-2025-cobija-amazonia,212308,https://static.inaturalist.org/projects/232340-icon-36b631319ee9bc48d546faa807aa87c3-span2.jpeg?1745062188,"Cobija, Bolivia",-11.0792694146,-68.8720169166,577
232422,"Desafio Ciudad Naturaleza 2025, Oruro",desafio-ciudad-naturaleza-2025-oruro,12587,https://www.inaturalist.org/attachment_defaults/general/span2.png,"Oruro, BO",-18.626185594,-67.6914076557,748
230099,Reto Ciudad Naturaleza 2025: Potosí,reto-ciudad-naturaleza-2025-potosi,211667,https://static.inaturalist.org/projects/230099-icon-0ce8a895b8f7fd5e5ff63899f6e5332a-span2.jpg?1738335042,"Polígono Potosí, BO ",-19.5046900527,-65.5391662666,487
230030,Reto Ciudad Naturaleza 2025: Tarija,reto-ciudad-naturaleza-2025-tarija,211642,https://static.inaturalist.org/projects/230030-icon-25302ae44a945d2c13ddd82cf7b8e4bf-span2.jpg?1738285086,"Polígono Tarija, BO ",-21.4595521265,-64.8695556578,347
233132,City Nature Challenge 2025: Greater Francistown,city-nature-challenge-2025-greater-francistown,156884,https://static.inaturalist.org/projects/233132-icon-3c53c4258f4ec78b2fde21961d968ac1-span2.jpg?1745504909,"Botswana -North-East District, BW",-21.016281832,27.568411681,2
222427,"Desafio Mundial da Natureza Urbana 2025: Brasília e Região, Brasil",desafio-mundial-da-natureza-urbana-2025-brasilia-e-regiao-brasil,21164,https://static.inaturalist.org/projects/222427-icon-c95ef1b67608c4c973a72ec9ba2ef0a1-span2.png?1744399519,"Pirenópolis, GO, BR",-15.8110513548,-49.0136463753,689
233085,"Desafio Mundial da Natureza Urbana 2025: Pelotas e Região Imediata, RS, Brasil",desafio-mundial-da-natureza-urbana-2025-pelotas-e-regiao-imediata-rs-brasil,23949,https://static.inaturalist.org/projects/233085-icon-4a067dea61ea8d7e1560567f2baf9cc8-span2.png?1745532480,"Arroio Grande, RS, BR",-32.1892116701,-52.9197864624,501
222457,"Desafio Mundial da Natureza Urbana 2025: Roraima, Brasil",desafio-mundial-da-natureza-urbana-2025-roraima-brasil,12597,https://static.inaturalist.org/projects/222457-icon-b44bf8f5cf9fcf90754ad0be29b3302b-span2.jpg?1745851197,"Roraima, BR",2.084692212,-61.3980194621,122
202191,"DNU2025: mesorregião Vale do Itajaí - SC, Brasil",dnu2025-mesorregiao-vale-do-itajai-sc-brasil,24585,https://static.inaturalist.org/projects/202191-icon-555e648360df3da4e4af2dbcfeffa54d-span2.png?1744502377,"Itajaí, SC, BR",-26.9640441422,-48.73772712,1183
105564,City Nature Challenge 2025: São Paulo e Região Metropolitana,city-nature-challenge-2025-sao-paulo-e-regiao-metropolitana,25311,https://www.inaturalist.org/attachment_defaults/general/span2.png,"São Paulo, SP, BR",-23.6504168524,-46.6480251547,2665
233271,City Nature Challenge 2025: Phnom Penh,city-nature-challenge-2025-phnom-penh,10976,https://www.inaturalist.org/attachment_defaults/general/span2.png,"Phnom Penh, KH",11.5533099276,104.8688459344,111
225318,City Nature Challenge 2025: Cape Breton Regional Municipality,city-nature-challenge-2025-cape-breton-regional-municipality,176370,https://www.inaturalist.org/attachment_defaults/general/span2.png,"Cape Breton Regional Municipality (CBRM), NS, CA",46.0100704831,-60.2641582314,217
225348,City Nature Challenge 2025: Kingston City Council,city-nature-challenge-2025-kingston-city-council,175427,https://static.inaturalist.org/projects/225348-icon-28854937abfbe43c8cc308f6b03a2d39-span2.jfif?1733884896,City of Kingston,-37.9886561803,145.1051086762,112
223565,"City Nature Challenge 2025: Saskatoon, SK",city-nature-challenge-2025-saskatoon-sk,178077,https://static.inaturalist.org/projects/223565-icon-81064bf33ee81629d7b7987a2b2dc4f0-span2.?1732044215,Saskatoon Area,52.1141349857,-106.6194523978,319
232997,City Nature Challenge 2025: Uherskohradišťsko,city-nature-challenge-2025-uherskohradistsko,164681,https://static.inaturalist.org/projects/232997-icon-4e768e36ecc1106ce2d314210cb642f0-span2.jpg?1740391569,"Jarošov, ZK, CZ",49.0825737641,17.5031623199,760
225458,City Nature Challenge 2025: Liverpool City Region,city-nature-challenge-2025-liverpool-city-region,130732,https://static.inaturalist.org/projects/225458-icon-1294d5fb6a55f439dd880800e6d8655e-span2.png?1745917907,"Liverpool City Region, GB",53.4756149872,-3.0300954879,1540
233226,City Nature Challenge 2025: Rheinisches Revier,city-nature-challenge-2025-rheinisches-revier,98573,https://static.inaturalist.org/projects/233226-icon-767fc51dd82095a4adc9808fb3db81e9-span2.png?1740519603,"Städteregion Aachen, NW, DE",50.7275046127,6.216727218,446
233185,City Nature Challenge 2025 : Athens,city-nature-challenge-2025-athens,49299,https://static.inaturalist.org/projects/233185-icon-808145cd977925eb1d113e2ce84309a5-span2.jpg?1745578067,"Attica, GR",37.0799369154,23.488345284,503
232599,City Nature Challenge 2025 : Eluru,city-nature-challenge-2025-eluru,32047,https://www.inaturalist.org/attachment_defaults/general/span2.png,"West Godavari, AP, IN",16.8801946966,81.394950678,1773
233000,City Nature Challenge 2025 : Tirupati,city-nature-challenge-2025-tirupati,151257,https://static.inaturalist.org/projects/233000-icon-afa8dbe224ce2123c30caeb11e20076b-span2.jpg?1740394369,All Tirupati,13.6881587367,79.4219501277,693
232801,City Nature Challenge 2025 : Nalanda,city-nature-challenge-2025-nalanda,32107,https://www.inaturalist.org/attachment_defaults/general/span2.png,"Nalanda, BR, IN",25.2212866894,85.4484110319,300
232816,City Nature Challenge 2025: Rajgir,city-nature-challenge-2025-rajgir,198291,https://www.inaturalist.org/attachment_defaults/general/span2.png,"Rajgir, BR, IN",24.9841982262,85.3823757357,133
233734,City Nature Challenge 2025: [Raipur},city-nature-challenge-2025-raipur,32137,https://www.inaturalist.org/attachment_defaults/general/span2.png,"Raipur, CT, IN",21.2228134384,81.8497991111,7
233556,City Nature Challenge 2025: Indore,city-nature-challenge-2025-indore,32298,https://www.inaturalist.org/attachment_defaults/general/span2.png,"Indore, MP, IN",22.716273835,75.7814370538,16
225346,City nature challenge 2025: AhilyaNagar,city-nature-challenge-2025-ahilyanagar,32326,https://static.inaturalist.org/projects/225346-icon-5e24722e1c50c271d75c21548b9160c5-span2.jpg?1733883382,"Ahmednagar, MH, IN",19.1595255,74.587395,10
233733,City Nature Challenge 2025: Mumbai,city-nature-challenge-2025-mumbai,125114,https://static.inaturalist.org/projects/233733-icon-b4c0ae9ba096d1fd707ac87304ff6ddb-span2.png?1744880375,"Mumbai Metropolitan Region, MH, IN",19.1256197273,73.0737599168,924
226697,City Nature Challenge 2025: Pune City,city-nature-challenge-2025-pune-city,198420,https://www.inaturalist.org/attachment_defaults/general/span2.png,"Pune City, MH, IN",18.521058348,73.8615106873,664
233575,City Nature Challenge 2025: Cuttack OD,city-nature-challenge-2025-cuttack-od,32398,https://static.inaturalist.org/projects/233575-icon-abc8236774855af35fccb33b0bba8c11-span2.png?1742298615,"Cuttack, OR, IN",20.4436312145,85.6985395301,170
232928,City Nature Challenge 2025: Rayagada,city-nature-challenge-2025-rayagada,32418,https://www.inaturalist.org/attachment_defaults/general/span2.png,"Rayagada, OR, IN",19.3550169321,83.5062650994,419
233282,City Nature Challenge 2025 : Coimbatore,city-nature-challenge-2025-coimbatore,32481,https://static.inaturalist.org/projects/233282-icon-6cb4811ffa4a5961b1e8d5428afe626f-span2.jpg?1745692524,"Coimbatore, TN, IN",10.8267665053,76.9308890295,1739
232917,City Nature Challenge 2025: Hosur,city-nature-challenge-2025-hosur,100698,https://www.inaturalist.org/attachment_defaults/general/span2.png,"Krishnagiri, TN, IN",12.4791972907,78.0216118933,829
231820,City Nature Challenge 2025 Mashhad,city-nature-challenge-2025-mashhad,212732,https://static.inaturalist.org/projects/231820-icon-48e0bdeafd0db9f023edea87392ed2b0-span2.jpg?1740811094,"Mashhad, KV, IR",36.3235978563,59.5700516327,382
233709,CNC 2025: Big Almaty,cnc-2025-big-almaty,212692,https://static.inaturalist.org/projects/233709-icon-309be42b7262321f7b154299ca81f70c-span2.png?1740746172,Big Almaty Extended,43.4668457931,77.0652072515,939
233547,"City Nature Challenge 2025: Taxco de Alarcón, Guerrero",city-nature-challenge-2025-taxco-de-alarcon-guerrero,36785,https://static.inaturalist.org/projects/233547-icon-a9e8045b624717419ba98d6c280236a0-span2.png?1740625055,"Taxco de Alarcón, MX, GR",18.520040785,-99.5974402305,15
233546,CITY NATURE CHALLENGE 2025 ZAPOTILTIC JAL,city-nature-challenge-2025-zapotiltic-jal,37009,https://static.inaturalist.org/projects/233546-icon-1c6768ed06f93182d24ee2bafcfa91db-span2.png?1740624230,"Zapotiltic, JA, MX",19.621605462,-103.3457807579,180
232405,CNC 2025 Puebla y Zona Metropolitana,cnc-2025-puebla-y-zona-metropolitana,37394,https://static.inaturalist.org/projects/232405-icon-f87039c81be4d1fab3e36dd1f6b97b91-span2.JPG?1739929888,"Amozoc, MX, PU",19.0472762514,-98.0531078413,242
233564,City Nature Challenge 2025: Majune,city-nature-challenge-2025-majune,16886,https://static.inaturalist.org/projects/233564-icon-a4f54ad04cc808dc1d7b2fc13613e2c8-span2.jpg?1745402261,"Majune, NS, MZ",-13.3183183711,36.3738046888,7
232974,City Nature Challenge 2025: Taranaki,city-nature-challenge-2025-taranaki,11513,https://static.inaturalist.org/projects/232974-icon-a297ebdf206ba00f5bb452b35be7fc0d-span2.png?1740369414,"Taranaki, NZ",-39.3168294755,174.4354942114,1547
229254,City Nature Challenge 2025: Te Upoko o te Ika (Wellington),city-nature-challenge-2025-te-upoko-o-te-ika-wellington,6867,https://www.inaturalist.org/attachment_defaults/general/span2.png,"Wellington, NZ",-41.1146916355,175.4314754402,2707
233772,Reto Naturalista Urbano 2025: Ciudad de Panamá y San Miguelito,reto-naturalista-urbano-2025-ciudad-de-panama-y-san-miguelito,40670,https://www.inaturalist.org/attachment_defaults/general/span2.png,"San Miguelito, PA, PN",9.0591860013,-79.4841163142,499
233161,City Nature Challenge 2025 : Wildcoast Mpondoland,city-nature-challenge-2025-wildcoast-mpondoland,48374,https://www.inaturalist.org/attachment_defaults/general/span2.png,"Port St Johns Municipality, EC",-31.5361334217,29.4212799416,1354
233169,Biomaratón CNC 2025: Getafe,biomaraton-cnc-2025-getafe,164593,https://static.inaturalist.org/projects/233169-icon-330f7ced2ed6325d4dc597f509f9baaf-span2.png?1740679852,Getafe,40.2992226919,-3.6736460588,65
233072,Biomaratón CNC 2025 Guadalix de la Sierra,biomaraton-cnc-2025-guadalix-de-la-sierra,161695,https://static.inaturalist.org/projects/233072-icon-64c71cc9ac551b49905bba8da05a3ea2-span2.jpg?1740432197,Guadalix de la Sierra,40.7685155689,-3.6842302215,181
197548,CNC 2025 KHON KAEN,cnc-2025-khon-kaen,45415,https://www.inaturalist.org/attachment_defaults/general/span2.png,"Muang Khon Kaen, KK, TH",16.4610176719,102.8080655101,468
233766,"City Nature Challenge 2025: Pima County, Arizona",city-nature-challenge-2025-pima-county-arizona,2346,https://www.inaturalist.org/attachment_defaults/general/span2.png,"Pima County, US, AZ",32.097379014,-111.789949377,758
232534,City Nature Challenge 2025: Hartford + New Haven counties,city-nature-challenge-2025-hartford-new-haven-counties,1885,https://static.inaturalist.org/projects/232534-icon-c84385d992272cff271274bb06086b51-span2.png?1740020290,"Hartford County, CT, US",41.806421738,-72.7328438967,1097
225937,City Nature Challenge 2025: Villa Rica,city-nature-challenge-2025-villa-rica,1509,https://static.inaturalist.org/projects/225937-icon-f6408ca8f406278db7603a60c14a310f-span2.png?1741209166,"Carroll County, US, GA",33.5827978498,-85.079763058,233
229072,Oklahoma State University- Stillwater Campus,oklahoma-state-university-stillwater-campus,2411,https://www.inaturalist.org/attachment_defaults/general/span2.png,"Payne County, US, OK",36.0773150823,-96.9757708745,132
233816,2025 City Nature Challenge: Amarillo and Area,2025-city-nature-challenge-amarillo-and-area,121393,https://static.inaturalist.org/projects/233816-icon-aefe501fa673a6966eb52bca4e802ba8-span2.png?1741048869,"Amarillo Metropolitan Area, US, TX",35.3118955778,-101.5751700814,412
225411,City Nature Challenge 2025: Austin,city-nature-challenge-2025-austin,60211,https://static.inaturalist.org/projects/225411-icon-3df68dbdeaa7f57d64cb419aca9b8ade-span2.png?1733954579,"Greater Austin, TX, US",30.3328799812,-97.8079319,3426
191613,"City Nature Challenge 2025 - Southwest Piedmont, Virginia",city-nature-challenge-2025-southwest-piedmont-virginia,13445,https://www.inaturalist.org/attachment_defaults/general/span2.png,"Martinsville County, US, VA",36.682658552,-79.8636317715,499
232984,City Nature Challenge 2025: Tete,city-nature-challenge-2025-tete-7f0eea40-5c02-4b1b-a2d3-67f701254dc1,212369,https://static.inaturalist.org/projects/232984-icon-7a95820e8bacba7d066bd5f40de05ed1-span2.jpg?1745401707,"Tete City, TE, MZ",-16.1385802883,33.5671482654,63
231277,City Nature Challenge 2025: Spokane County,city-nature-challenge-2025-spokane-county,1595,https://static.inaturalist.org/projects/231277-icon-d7e660da85e08fd89788a23302756176-span2.jpg?1739293499,"Spokane County, US, WA",47.6206392322,-117.4040094879,468
235028,City Nature Challenge 2025: Inland Empire,city-nature-challenge-2025-inland-empire,917,https://www.inaturalist.org/attachment_defaults/general/span2.png,"Riverside County, US, CA",33.743679865,-115.9938463756,1797
233302,City Nature Challenge 2025: Balkhash,city-nature-challenge-2025-balkhash,209784,https://static.inaturalist.org/projects/233302-icon-79402bd5c6c15fbcd19fd83c4a12a23e-span2.jpg?1741888732,BalkhashCNC2025,46.8094955876,75.0308283568,385
233301,City Nature Challenge 2025: Karaganda,city-nature-challenge-2025-karaganda,209937,https://static.inaturalist.org/projects/233301-icon-f19a1b1c01eb8e24cfe0bb45ea2fb6d6-span2.jpg?1741888560,KaragandaCNC2025,49.884597636,72.9754318034,519
234322,Desafío naturalista entre ciudades 2025: Granadero Baigorria,desafio-naturalista-entre-ciudades-2025-granadero-baigorria,196222,https://www.inaturalist.org/attachment_defaults/general/span2.png,"Granadero Baigorria, SF, AR",-32.8511369006,-60.7053593533,19
225933,Desafío naturalista entre ciudades 2025: Rosario (departamento),desafio-naturalista-entre-ciudades-2025-rosario-departamento,14530,https://static.inaturalist.org/projects/225933-icon-663e5e9d4f3217d27ac3df8a3a4ca9e9-span2.png?1745954675,"Rosario, SF, AR",-33.13199517,-60.7067358645,192
234531,"City Nature Challenge 2025: Klang Valley, Malaysia",city-nature-challenge-2025-klang-valley-malaysia,137749,https://static.inaturalist.org/projects/234531-icon-73edf4ca2e95b0da35fed4f5fe293352-span2.jpg?1745378069,"Klang Valley (2019), MY",3.0581945437,101.6303029171,831
224970,City Nature Challenge 2025: Baltimore Metro Area,city-nature-challenge-2025-baltimore-metro-area,1818,https://static.inaturalist.org/projects/224970-icon-7ca495083161aef4607c1b7a68e4c830-span2.PNG?1737042855,"Anne Arundel County, MD, US",38.9941571673,-76.5675970733,1783
226456,"City Nature Challenge 2025: Wallowa County, OR",city-nature-challenge-2025-wallowa-county-or,720,https://static.inaturalist.org/projects/226456-icon-78c536f1baf4b788d19c41a631c057c9-span2.jpg?1745636185,"Wallowa County, OR, US",45.5798293091,-117.181068978,207
229775,City Nature Challenge 2025: Ustica Island,city-nature-challenge-2025-ustica-island,152170,https://static.inaturalist.org/projects/229775-icon-335f1ef078888ee387eb5d17a647ff9d-span2.png?1738101884,"Isola di Ustica, Sicily, IT",38.7064086305,13.1755077435,182
179831,City Nature Challenge 2025: Tāmaki Makaurau/Auckland,city-nature-challenge-2025-tamaki-makaurau-auckland,83350,https://static.inaturalist.org/projects/179831-icon-span2.png?1711784715,"Auckland Ecological Region, NZ",-36.7964447844,174.761168821,1197
230069,City Nature Challenge 2025: Limerick,city-nature-challenge-2025-limerick,10806,https://www.inaturalist.org/attachment_defaults/general/span2.png,"Limerick, IE",52.5003762262,-8.7387059515,250
234962,"City Nature Challenge 2025: Chiang Mai ,Raksthai Foundation",city-nature-challenge-2025-chiang-mai-raksthai-foundation,45311,https://static.inaturalist.org/projects/234962-icon-da0eecc253caa9f99b0923f1793edd34-span2.png?1741676468,"Mae Chaem, TH, CM",18.6664800032,98.3093040494,102
223133,"Desafio Mundial da Natureza Urbana 2025: Região Tocantina - MA, Brasil",desafio-mundial-da-natureza-urbana-2025-regiao-tocantina-ma-brasil,21314,https://www.inaturalist.org/attachment_defaults/general/span2.png,"Imperatriz, MA, BR",-5.3396636156,-47.57525256,82
223372,Desafio Mundial da Natureza Urbana 2025: Alta Floresta e região,desafio-mundial-da-natureza-urbana-2025-alta-floresta-e-regiao,21445,https://static.inaturalist.org/projects/223372-icon-0da16f9630adada9d4d1ce6d5538c8f1-span2.?1731889405,"Alta Floresta, MT, BR",-10.0554441509,-56.3665141196,310
232499,City Nature Challenge 2025: Overberg,city-nature-challenge-2025-overberg,188511,https://static.inaturalist.org/projects/232499-icon-2ac1b6ebe635a0284bd731a833e568e0-span2.JPG?1742310161,"Agulhas Marine, WC, ZA",-34.7111940996,20.3090677884,1228
234118,"City Nature Challenge 2025: Surat, Gujarat",city-nature-challenge-2025-surat-gujarat,32165,https://static.inaturalist.org/projects/234118-icon-a53caa99053154479e5db54cfb5f587d-span2.png?1743494153,"Surat, GJ, IN",21.2610828135,73.0375224206,323
228082,2025-AMP Punta Campanella - BioBlitz e BluBlitz CNC dal 25 al 28 aprile 2025,2025-amp-punta-campanella-bioblitz-e-blublitz-cnc-dal-25-al-28-aprile-2025,151767,https://static.inaturalist.org/projects/228082-icon-4544d43bb35a3ee35212a2c726b30146-span2.png?1736771385,"Area naturale marina protetta Punta Campanella, Campania, IT",40.5924312114,14.3546761515,116
229969,Reto NaturaLista Primavera 2025 Parque Nacional Isla Isabel,reto-naturalista-primavera-2025-parque-nacional-isla-isabel,205628,https://www.inaturalist.org/attachment_defaults/general/span2.png,"Parque Nacional la Isla Isabel, NA, MX",21.8499956775,-105.8833416151,82
234012,City Nature Challenge 2025: Bhubaneswar,city-nature-challenge-2025-bhubaneswar,32410,https://static.inaturalist.org/projects/234012-icon-3484bcda2580647674bbbaf90b4efb7b-span2.jpeg?1741017599,"Khordha, OR, IN",20.0825520583,85.5052478729,509
232591,City Nature Challenge 2025: Assam,city-nature-challenge-2025-assam,7453,https://static.inaturalist.org/projects/232591-icon-152a4b97cf0e52942c2dd18c06fc2561-span2.png?1745838056,"Assam, IN",26.357098859,92.8293747715,1501
230195,City Nature Challenge 2025: Srinagar,city-nature-challenge-2025-srinagar,32213,https://www.inaturalist.org/attachment_defaults/general/span2.png,"Srinagar, JK, IN",34.1293532619,74.8983485867,130
229905,City Nature Challenge 2025: Digboi,city-nature-challenge-2025-digboi,32085,https://www.inaturalist.org/attachment_defaults/general/span2.png,"Tinsukia, AS, IN",27.5842678121,95.6255185301,935
230117,Portofino City Nature Challenge 2025,portofino-city-nature-challenge-2025,150945,https://www.inaturalist.org/attachment_defaults/general/span2.png,"Area naturale marina protetta di Portofino, Liguria, IT",44.31620628,9.1797375865,1
232864,City Nature Challenge 2025 PRAC Huichapan-Tecozautla,city-nature-challenge-2025-prac-huichapan-tecozautla,36862,https://static.inaturalist.org/projects/232864-icon-ef8753cfb812d9350fd96638455598fb-span2.jpeg?1745262763,"Tecozautla, HI, MX",20.5392632672,-99.6324318776,129
230126,RETO NATURALISTA URBANO 2025: San Lorenzo De Quinti PE,reto-naturalista-urbano-2025-san-lorenzo-de-quinti-pe,211685,https://static.inaturalist.org/projects/230126-icon-fbe615702ab3c77f4851b97fa2876e2b-span2.png?1743882827,"San Lorenzo de Quinti, LR, PE",-12.1093583484,-76.1190810813,102
231716,City Nature Challenge 2025: Zululand,city-nature-challenge-2025-zululand,185822,https://static.inaturalist.org/projects/231716-icon-3be540e3175e86c6009af31cef463f6f-span2.jpg?1741971122,"King Cetshwayo District, KwaZulu-Natal",-28.7004646386,31.5152740599,1241
231394,City Nature Challenge 2025: Kharkiv Region,city-nature-challenge-2025-kharkiv-region,12380,https://static.inaturalist.org/projects/231394-icon-389137e4b384139cf32cc313440b74df-span2.jpg?1742880714,"Kharkiv, UA",49.6127607847,36.514405732,558
229185,City Nature Challenge 2025: Yahotyn,city-nature-challenge-2025-yahotyn,211380,https://static.inaturalist.org/projects/229185-icon-a0574c424007709d0c96263e76efce67-span2.jpg?1742963594,"Yahotyn and Supii River coast, UA",50.3220328972,31.7419638848,205
223551,"CNC 2025: Arrecife Alacranes, Yucatán",cnc-2025-arrecife-alacranes-yucatan,71808,https://static.inaturalist.org/projects/223551-icon-b19c88ba6e59a19f3c2bcc0a76428288-span2.png?1745883725,Arrecife Alacranes,22.4753317635,-89.7046209445,75
235821,City Nature Challenge 2025: Dubai,city-nature-challenge-2025-dubai,214235,https://static.inaturalist.org/projects/235821-icon-0a5d7a25b79008b9513331d72eb1b36d-span2.png?1742294233,Dubai,24.9890539371,55.328215658,319
223241,City Nature Challenge 2025: Thompson-Nicola Regional District,city-nature-challenge-2025-thompson-nicola-regional-district,49148,https://www.inaturalist.org/attachment_defaults/general/span2.png,"Thompson-Nicola, CA, BC",51.1561743051,-120.4793041038,617
230758,Reto NaturaLista Primavera 2025: Durango,reto-naturalista-primavera-2025-durango,36649,https://www.inaturalist.org/attachment_defaults/general/span2.png,"Durango, MX, DU",23.9704825444,-104.8437012403,209
228423,Reto Naturalista Urbano Ixtapaluca 2025,reto-naturalista-urbano-ixtapaluca-2025,37053,https://static.inaturalist.org/projects/228423-icon-42f60477fa65f703457f37ef06f3c949-span2.png?1743995151,"Ixtapaluca, MX, MX",19.3427968853,-98.7790681686,270
232792,City Nature Challenge 2025: Nakhon Si Thammarat,city-nature-challenge-2025-nakhon-si-thammarat,45586,https://www.inaturalist.org/attachment_defaults/general/span2.png,"Muang Nakhon Si Thammarat, TH, NT",8.460373037,99.9853849676,208
236305,Mount Pleasant and Titus County Texas 2025 City Nature Challenge,mount-pleasant-and-titus-county-texas-2025-city-nature-challenge,1715,https://www.inaturalist.org/attachment_defaults/general/span2.png,"Titus County, US, TX",33.2166030372,-94.9656722298,21
234922,Abidjan City Nature Challenge 2025,abidjan-city-nature-challenge-2025,96838,https://static.inaturalist.org/projects/234922-icon-c18810db1eb77b60deb97235649c5d0f-span2.jpg?1741647710,"Abidjan, CI",5.4013660527,-4.0623788507,10
236465,City Nature Challenge 2025 : Gorari,city-nature-challenge-2025-gorari,198381,https://www.inaturalist.org/attachment_defaults/general/span2.png,"Gorari, Karakat, Rohtas, BR, IN",25.1338708948,84.2956416848,23
236273,City Nature Challenge 2025: Jalgaon,city-nature-challenge-2025-jalgaon,32339,https://www.inaturalist.org/attachment_defaults/general/span2.png,"Jalgaon, MH, IN",20.937425064,75.4913184219,309
236357,City Nature Challenge 2025 Bargarh,city-nature-challenge-2025-bargarh,32394,https://static.inaturalist.org/projects/236357-icon-99caafeb222ae60ab671998f9929111d-span2.jpg?1742644829,"Baragarh, OR, IN",21.2308745,83.269539,48
233300,City Nature Challenge 2025: Imphal Valley,city-nature-challenge-2025-imphal-valley,100679,https://static.inaturalist.org/projects/233300-icon-ed0adcd273cccdf9d7af1e457f105d9d-span2.png?1740559409,"Imphal West, MN, IN",24.8076921703,93.8776253219,5
236578,City Nature Challenge 2025 : Rajapalayam,city-nature-challenge-2025-rajapalayam,171063,https://www.inaturalist.org/attachment_defaults/general/span2.png,"Rajapalayam, TN, IN",9.4330808769,77.5629718232,625
236583,City Nature Challenge 2025: Abu Dhabi,city-nature-challenge-2025-abu-dhabi,12981,https://www.inaturalist.org/attachment_defaults/general/span2.png,"Abu Dhabi, AE",23.6975780027,53.8225435244,164
229285,Biomaratón City Nature Challenge 2025: Rivas Vaciamadrid,biomaraton-city-nature-challenge-2025-rivas-vaciamadrid,164923,https://static.inaturalist.org/projects/229285-icon-56d05a4f2028843a513cc3de1bcebb3f-span2.png?1737716846,"Rivas-Vaciamadrid, ES",40.3398803708,-3.5283225049,174
236228,"Desafio Mundial da Natureza Urbana 2025: Grande Rio e Baía de Guanabara, RJ - Brasil",desafio-mundial-da-natureza-urbana-2025-grande-rio-e-baia-de-guanabara-rj-brasil,23708,https://www.inaturalist.org/attachment_defaults/general/span2.png,"Maricá, RJ, BR",-22.9544267365,-42.8324419939,1886
237478,Reto Naturalista Pereira-Área Metropolitana 2025,reto-naturalista-pereira-area-metropolitana-2025,148151,https://static.inaturalist.org/projects/237478-icon-484fe224dee8a78f08b2c57e8e55dc49-span2.JPG?1743436082,"Pereira CNC boundary 1, RI, CO",4.7811841062,-75.7119485181,137
237526,Desafío Naturaleza Urbana 2025 - Descubre Quito Biodiverso,desafio-naturaleza-urbana-2025-descubre-quito-biodiverso,10011,https://static.inaturalist.org/projects/237526-icon-712c436e6b668934cd3836378e9e26e6-span2.png?1743464107,"Pichincha, EC",-0.105616495,-78.5907290653,1568
237616,"Desafio Mundial da Natureza Urbana 2025: Corumbá e Ladário, MS - Brasil",desafio-mundial-da-natureza-urbana-2025-corumba-e-ladario-ms-brasil,21594,https://static.inaturalist.org/projects/237616-icon-84176d132785ea3a27c25df297b02322-span2.jpg?1744139779,"Corumbá, MS, BR",-18.7294023572,-56.6728877674,127
238554,City Nature Challenge 2025: Agra City,city-nature-challenge-2025-agra-city,32513,https://www.inaturalist.org/attachment_defaults/general/span2.png,"Agra, UP, IN",27.0075051375,78.0629244917,97
236586,"City Nature Challenge 2025 - City of Niagara Falls, Canada",city-nature-challenge-2025-city-of-niagara-falls-canada,189254,https://static.inaturalist.org/projects/236586-icon-a80015c84b102cfab7e3b930d4f11a5b-span2.png?1742822427,"Niagara Falls, ON, CA",43.0509673969,-79.1016814498,248
237648,City Nature Challenge 2025: Thimphu,city-nature-challenge-2025-thimphu,12631,https://www.inaturalist.org/attachment_defaults/general/span2.png,"Thimphu, BT",27.5994103008,89.5401394318,5
233744,ZARZAL CITY NATURE CHALLENGE 2025,zarzal-city-nature-challenge-2025,29269,https://static.inaturalist.org/projects/233744-icon-0d6740414b540dfba8a8bf91ab1e37a7-span2.jpg?1740754193,"Zarzal, VC, CO",4.3597579414,-76.0968655529,6
232965,"Reto Natural Urbano, San Fco. de Macoris 2025",reto-natural-urbano-san-fco-de-macoris-2025,98807,https://static.inaturalist.org/projects/232965-icon-08190062fc220eab7ae9bdc0760e4f1c-span2.JPG?1740360644,"San Francisco de Macorís, DO, DU",19.3411711918,-70.2132159058,77
237432,City Nature Challenge 2025: Frankfurt am Main,city-nature-challenge-2025-frankfurt-am-main,98470,https://www.inaturalist.org/attachment_defaults/general/span2.png,"Frankfurt am Main, HE, DE",50.117968104,8.6441903945,973
237134,City Nature Challenge 2025 : Ranchi,city-nature-challenge-2025-ranchi,32233,https://www.inaturalist.org/attachment_defaults/general/span2.png,"Ranchi, JH, IN",23.3310620531,85.3656940073,13
237322,City Nature Challenge 2025:Madurai,city-nature-challenge-2025-madurai,32489,https://www.inaturalist.org/attachment_defaults/general/span2.png,"Madurai, TN, IN",9.9099713759,77.9895652787,5
237344,City Nature Challenge 2025: Shillong,city-nature-challenge-2025-shillong,7471,https://www.inaturalist.org/attachment_defaults/general/span2.png,"Meghalaya, IN",25.5369341662,91.2788821781,71
237341,City Nature Challenge 2025: Bhavnagar,city-nature-challenge-2025-bhavnagar-719518b0-f2be-4e13-919a-d9cb00305901,32151,https://www.inaturalist.org/attachment_defaults/general/span2.png,"Bhavnagar, GJ, IN",21.5945683214,71.9662549413,3
229146,City Nature Challenge 2025: Darjeeling,city-nature-challenge-2025-darjeeling,32600,https://www.inaturalist.org/attachment_defaults/general/span2.png,"Darjiling, WB, IN",26.9142950407,88.3923675114,831
237484,City Nature Challenge 2025: Phulbani,city-nature-challenge-2025-phulbani,32407,https://www.inaturalist.org/attachment_defaults/general/span2.png,"Kandhamal, OR, IN",20.1226311545,84.0401234666,5
237348,City Nature Challenge 2025: Puducherry,city-nature-challenge-2025-puducherry,32424,https://www.inaturalist.org/attachment_defaults/general/span2.png,"Puducherry, PY, IN",11.8981025905,79.7774718969,18
237413,City Nature Challenge 2025: Auroville,city-nature-challenge-2025-auroville,193573,https://www.inaturalist.org/attachment_defaults/general/span2.png,"Auroville, TN, IN",12.0086172131,79.8096379031,74
237483,City Nature Challenge 2025: Anantnag,city-nature-challenge-2025-anantnag,52056,https://www.inaturalist.org/attachment_defaults/general/span2.png,"Anantnag, JK, IN",33.8215678129,75.3195087779,16
237482,City Nature Challenge 2025: Agartala,city-nature-challenge-2025-agartala,8214,https://www.inaturalist.org/attachment_defaults/general/span2.png,"Tripura, IN",23.7467989888,91.7435879887,68
237198,"Delicias, Chihuahua. Reto Naturalista CNC 2025",delicias-chihuahua-reto-naturalista-cnc-2025,101733,https://static.inaturalist.org/projects/237198-icon-dd4c888860d735b4e30b6a69b94bc9d9-span2.jpg?1743187266,"Saucillo, MX, CH",28.0010893721,-105.3430296484,194
237386,City Nature Challenge 2025: Gokana/Rivers State,city-nature-challenge-2025-gokana-rivers-state,39930,https://static.inaturalist.org/projects/237386-icon-dea090a0d1ed641f2c47915c0a657001-span2.png?1743364982,"Gokana, RI, NG",4.6600893284,7.2826043827,2
230336,City Nature Challenge 2025: Wekiva Wild and Scenic River System,city-nature-challenge-2025-wekiva-wild-and-scenic-river-system,208009,https://static.inaturalist.org/projects/230336-icon-ff49ea1f71dad5a733557560f3e4fefb-span2.png?1738681599,"Wekiva Wild and Scenic River System, FL, US",28.8008906496,-81.4452360827,498
238154,"City Nature Challenge 2025 Roanoke, VA",city-nature-challenge-2025-roanoke-va,108237,https://www.inaturalist.org/attachment_defaults/general/span2.png,"Roanoke city County, VA, US",37.2784075942,-79.958084381,268
225543,City Nature Challenge 2025: A&N Islands,city-nature-challenge-2025-a-n-islands,13065,https://static.inaturalist.org/projects/225543-icon-de7027fae82570cd9be32bf8de078331-span2.jpg?1734054313,"Andaman and Nicobar, IN",11.0657273648,93.0315305119,313
227845,"Reto Naturalista Urbano 2025: Area Urbana de Playa del Carmen, Q. Roo, Méx",reto-naturalista-urbano-2025-area-urbana-de-playa-del-carmen-q-roo-mex,144238,https://static.inaturalist.org/projects/227845-icon-8cbbaa8ec54830e436d043620e9a9e8d-span2.png?1736564731,"Área Urbana de Playa del Carmen, QR, MX",20.6591619926,-87.0976714806,590
236341,City Nature Challenge: Los Cabos 2025,city-nature-challenge-los-cabos-2025,101528,https://www.inaturalist.org/attachment_defaults/general/span2.png,"Los Cabos, MX, BN",23.25670333,-109.7376219241,703
237335,City Nature Challenge 2025 : Nagpur,city-nature-challenge-2025-nagpur,32343,https://www.inaturalist.org/attachment_defaults/general/span2.png,"Nagpur, MH, IN",21.1769358027,79.0820406488,55
229678,"City Nature Challenge 2025: La Ventana, El Sargento, Los Planes & Agua Amarga",city-nature-challenge-2025-la-ventana-el-sargento-los-planes-agua-amarga,194230,https://static.inaturalist.org/projects/229678-icon-192a7dfda98ec19727f52e8696391820-span2.png?1738110575,La Ventana y El Sargento,24.0996710643,-109.9297498813,71
230119,City Nature Challenge 2025: Rangamati City,city-nature-challenge-2025-rangamati-city,27098,https://static.inaturalist.org/projects/230119-icon-6e936fe6d24619f7ff557059a93d2b6c-span2.jpg?1743333209,"Rangamati, CG, BD",22.817104,92.2789725,73
236689,City Nature Challenge 2025 : Bangalore Metropolitan Region (BMR),city-nature-challenge-2025-bangalore-metropolitan-region-bmr,32239,https://www.inaturalist.org/attachment_defaults/general/span2.png,"Bangalore, KA, IN",12.9422948095,77.586824644,925
