id,title,slug,place_id,icon,place_display_name,latitude,longitude,species_count
132906,Desafio Llajta Viva 2022: Cochabamba - Bolivia,desafio-llajta-viva-2022-cochabamba-bolivia,6784.0,https://static.inaturalist.org/projects/132906-icon-span2.png?1651415870,"Cochabamba, BO",-17.2321648498,-65.6329174037,115
130085,City Nature Challenge 2022: Thane District,city-nature-challenge-2022-thane-district,32356.0,https://www.inaturalist.org/attachment_defaults/general/span2.png,"Thane, MH, IN",19.3576592864,73.3254158912,118
130186,Almería Spring Biodiversity festival 2022,almeria-spring-biodiversity-festival-2022,29998.0,https://static.inaturalist.org/projects/130186-icon-span2.jpg?1648214257,"Almería, AN, ES",37.1499024772,-2.3452327927,965
133002,"Reto Mundial Naturalista 2022, Apaxco Estado de Mexico",reto-mundial-naturalista-2022-apaxco-estado-de-mexico,37022.0,https://www.inaturalist.org/attachment_defaults/general/span2.png,"Apaxco, MX, MX",19.9845089249,-99.1478989253,68
132888,"City Nature Challenge 2022: The Hague, Holland",city-nature-challenge-2022-the-hague-holland,148798.0,https://static.inaturalist.org/projects/132888-icon-span2.JPG?1651344233,The Hague and bordering communities - Den Haag en omliggende gemeentes,52.0605596454,4.3286415084,518
127775,Desafio da Natureza Urbana 2022: Alta Floresta e região,desafio-da-natureza-urbana-2022-alta-floresta-e-regiao,21445.0,https://static.inaturalist.org/projects/127775-icon-span2.png?1645472799,"Alta Floresta, MT, BR",-10.0554441509,-56.3665141196,183
124808,Reto Naturalista Urbano 2022: Veracruz Metropolitano,reto-naturalista-urbano-2022-veracruz-metropolitano,119047.0,https://static.inaturalist.org/projects/124808-icon-span2.jpg?1641852608,"Parque Nacional Sistema Arrecifal Veracruzano, VE, MX",19.1450993084,-95.9528702416,900
127114,"Reto Naturalista Urbano, Toluca 2022",reto-naturalista-urbano-toluca-2022,60291.0,https://www.inaturalist.org/attachment_defaults/general/span2.png,"Toluca, MX, MX",19.2970934396,-99.6664313914,715
93362,Portofino City Nature Challenge 2023,portofino-city-nature-challenge-2023,150945.0,https://static.inaturalist.org/projects/93362-icon-span2.png?1607679632,"Area naturale marina protetta di Portofino, Liguria, IT",44.31620628,9.1797375865,36
128964,Reto Naturalista 2022 Santa Catarina Guanajuato,reto-naturalista-2022-santa-catarina-guanajuato,36716.0,https://static.inaturalist.org/projects/128964-icon-span2.jpg?1647348026,"Santa Catarina, MX, GJ",21.1506777581,-100.0719018192,6
126547,CNC Rio Branco e leste do Acre 2022,cnc-rio-branco-e-leste-do-acre-2022,20103.0,https://static.inaturalist.org/projects/126547-icon-span2.jpg?1643862113,"Acrelândia, AC, BR",-9.9287860866,-66.9305736291,46
127172,Trinitapoli City Nature Challenge 2022,trinitapoli-city-nature-challenge-2022,33106.0,https://static.inaturalist.org/projects/127172-icon-span2.png?1644608772,"Barletta-Andria-Trani, Apulia, IT",41.1992879035,16.1896639104,40
124671,Reto Naturalista Urbano Teoloyucan 2022,reto-naturalista-urbano-teoloyucan-2022,37104.0,https://static.inaturalist.org/projects/124671-icon-span2.png?1641697268,"Teoloyucan, MX, MX",19.7622073996,-99.1681847907,104
117403,City Nature Challenge 2022: San Francisco Bay Area,city-nature-challenge-2022-san-francisco-bay-area,54321.0,https://static.inaturalist.org/projects/117403-icon-span2.png?1639523960,"San Francisco Bay Area, CA, US",37.8786225,-122.4203475,2919
123204,City Nature Challenge 2022: Neusiedler See/Seewinkel,city-nature-challenge-2022-neusiedler-see-seewinkel,164294.0,https://static.inaturalist.org/projects/123204-icon-span2.jpg?1639764617,"Neusiedler See & Seewinkel, BU, AT",47.8279027848,16.8198939076,569
116909,City Nature Challenge 2022: Botswana Central,city-nature-challenge-2022-botswana-central,163643.0,https://static.inaturalist.org/projects/116909-icon-span2.jpg?1631787897,"Central Botswana x, BW",-22.270061393,26.6040177549,330
125989,"Desafio da Natureza Urbana 2022: Grande Rio e Baía de Guanabara, RJ - Brasil",desafio-da-natureza-urbana-2022-grande-rio-e-baia-de-guanabara-rj-brasil,23708.0,https://static.inaturalist.org/projects/125989-icon-span2.jpg?1649280849,"Maricá, RJ, BR",-22.9544267365,-42.8324419939,470
126025,"Desafio da Natureza Urbana 2022: Brasília e Região, Brasil",desafio-da-natureza-urbana-2022-brasilia-e-regiao-brasil,21164.0,https://static.inaturalist.org/projects/126025-icon-span2.jpg?1649280648,"Pirenópolis, GO, BR",-15.8110513548,-49.0136463753,619
121407,City Nature Challenge 2022: Surrey BC,city-nature-challenge-2022-surrey-bc,144780.0,https://static.inaturalist.org/projects/121407-icon-span2.JPG?1637103100,"Surrey, BC, CA",49.114642907,-122.7833588073,411
120295,"City Nature Challenge 2022: Brandon, MB, CDN",city-nature-challenge-2022-brandon-mb-cdn,144824.0,https://static.inaturalist.org/projects/120295-icon-span2.jpg?1649090460,"Brandon, MB, CA",49.8444528766,-99.921645153,118
123938,"City Nature Challenge 2022:  Albert County, NB, Canada",city-nature-challenge-2022-albert-county-nb-canada,27549.0,https://static.inaturalist.org/projects/123938-icon-span2.png?1649855608,"Albert, NB, CA",45.7877030043,-64.877050664,26
122836,City Nature Challenge 2022:  Nord du Nouveau-Brunswick/Northern New Brunswick Canada,city-nature-challenge-2022-nord-du-nouveau-brunswick-northern-new-brunswick-canada,27557.0,https://static.inaturalist.org/projects/122836-icon-span2.png?1639136149,"Restigouche, CA, NB",47.749017362,-67.0095260845,228
123941,"City Nature Challenge 2022:  Saint John, NB, Canada",city-nature-challenge-2022-saint-john-nb-canada,27558.0,https://static.inaturalist.org/projects/123941-icon-span2.png?1650463250,"Saint John, NB, CA",45.3123239307,-65.8052200527,21
123920,"City Nature Challenge 2022:  Westmorland County, NB, Canada",city-nature-challenge-2022-westmorland-county-nb-canada,27561.0,https://static.inaturalist.org/projects/123920-icon-span2.png?1650463582,"Westmorland, NB, CA",46.0836101237,-64.586138615,309
123939,"City Nature Challenge 2022:  York County, NB, Canada",city-nature-challenge-2022-york-county-nb-canada,27562.0,https://static.inaturalist.org/projects/123939-icon-span2.png?1649855399,"York, NB, CA",46.0857729319,-66.9836540706,105
125986,City Nature Challenge 2022: Region of Waterloo,city-nature-challenge-2022-region-of-waterloo,27609.0,https://static.inaturalist.org/projects/125986-icon-span2.jpg?1643214161,"Regional Municipality of Waterloo, CA, ON",43.462647297,-80.5385941661,466
125985,Reto Naturalista Urbano 2022: Bucaramanga,reto-naturalista-urbano-2022-bucaramanga,135899.0,https://static.inaturalist.org/projects/125985-icon-span2.jpg?1643214142,"Área Metropolitana de Bucaramanga, ST, CO",7.0257791887,-73.1210822627,1162
125974,City Nature Challenge 2022: České Budějovice,city-nature-challenge-2022-ceske-budejovice,179812.0,https://static.inaturalist.org/projects/125974-icon-span2.png?1650457602,České Budějovice CNC,48.9739181021,14.4839256698,545
120124,City Nature Challenge 2022: Orange County,city-nature-challenge-2022-orange-county,934.0,https://static.inaturalist.org/projects/120124-icon-span2.png?1646837486,"Orange County, US, FL",28.5144225618,-81.3234784823,1078
124582,City Nature Challenge 2022: Copenhagen,city-nature-challenge-2022-copenhagen,164959.0,https://static.inaturalist.org/projects/124582-icon-span2.png?1648805666,CNC Cph 2021,55.6497681185,12.5576937721,633
123558,City Nature Challenge 2022: Iskandar Malaysia (IMCNC),city-nature-challenge-2022-iskandar-malaysia-imcnc,146628.0,https://www.inaturalist.org/attachment_defaults/general/span2.png,"Iskandar Malaysia, JH, MY",1.5495624822,103.6641894572,385
125988,City Nature Challenge 2022: Nelson Mandela Bay,city-nature-challenge-2022-nelson-mandela-bay,59204.0,https://static.inaturalist.org/projects/125988-icon-span2.png?1651150745,"Nelson Mandela Bay, EC, ZA",-33.8378979643,25.5156162673,775
125987,City Nature Challenge 2022 - Bloemfontein,city-nature-challenge-2022-bloemfontein,48580.0,https://static.inaturalist.org/projects/125987-icon-span2.jpg?1647444268,"Bloemfontein, ZA",-29.1408235,26.204904,268
123570,City Nature Challenge 2022: eThekwini,city-nature-challenge-2022-ethekwini,108107.0,https://static.inaturalist.org/projects/123570-icon-span2.png?1639726917,"eThekwini, NL, ZA",-29.827677079,30.8743676049,2173
123126,City Nature Challenge 2022: Weskus,city-nature-challenge-2022-weskus,48667.0,https://static.inaturalist.org/projects/123126-icon-span2.png?1647786798,"Vredenburg, WC, ZA",-32.8775005,18.0070955,832
122665,City Nature Challenge 2022: City of Cape Town,city-nature-challenge-2022-city-of-cape-town,52355.0,https://static.inaturalist.org/projects/122665-icon-span2.jpg?1646403303,"City of Cape Town, WC, ZA",-33.9457434724,18.5547579207,4186
124572,City Nature Challenge 2022: Overstrand,city-nature-challenge-2022-overstrand,175979.0,https://static.inaturalist.org/projects/124572-icon-span2.png?1641549962,"Overstrand Marine, WC, ZA",-34.5371432442,19.2086024243,2320
123031,City Nature Challenge 2022: Brighton & Eastern Downs,city-nature-challenge-2022-brighton-eastern-downs,164862.0,https://static.inaturalist.org/projects/123031-icon-span2.jpg?1643102485,"Brighton & Eastern Downs, England, GB",50.8359157777,-0.1571871892,1320
123598,City Nature Challenge 2022: Denver-Boulder Metro,city-nature-challenge-2022-denver-boulder-metro,146793.0,https://static.inaturalist.org/projects/123598-icon-span2.jpg?1649886015,Denver-Boulder Metro Area,39.7172215084,-104.7940538673,608
124593,City Nature Challenge 2022: Boca Raton,city-nature-challenge-2022-boca-raton,166530.0,https://static.inaturalist.org/projects/124593-icon-span2.jpg?1641576989,City of Boca Raton and the Beach and Park District,26.3706142922,-80.1172554504,120
122774,City Nature Challenge 2022: St. Johns County,city-nature-challenge-2022-st-johns-county,107072.0,https://www.inaturalist.org/attachment_defaults/general/span2.png,"St. Johns County, FL, US",29.9121843023,-81.4098873322,234
121681,City Nature Challenge 2022: Boundary County,city-nature-challenge-2022-boundary-county,1744.0,https://www.inaturalist.org/attachment_defaults/general/span2.png,"Boundary County, ID, US",48.7670009642,-116.4628497413,9
110766,City Nature Challenge 2022: ABQ,city-nature-challenge-2022-abq,2390.0,https://static.inaturalist.org/projects/110766-icon-span2.png?1643756353,"Bernalillo County, US, NM",35.0513140102,-106.670171275,1502
125984,City Nature Challenge 2022: Western NC,city-nature-challenge-2022-western-nc,2399.0,https://static.inaturalist.org/projects/125984-icon-span2.png?1648753509,"Alleghany County, US, NC",36.4913386564,-81.127189704,1766
122709,City Nature Challenge 2022: Charlotte Metro Region,city-nature-challenge-2022-charlotte-metro-region,2178.0,https://www.inaturalist.org/attachment_defaults/general/span2.png,"Cabarrus County, US, NC",35.3869062621,-80.5520606294,862
124947,City Nature Challenge 2022: Pittsburgh Region,city-nature-challenge-2022-pittsburgh-region,913.0,https://www.inaturalist.org/attachment_defaults/general/span2.png,"Allegheny County, US, PA",40.4688336878,-79.9811946288,1166
125784,City Nature Challenge 2022: Greater Burlington,city-nature-challenge-2022-greater-burlington,50939.0,https://static.inaturalist.org/projects/125784-icon-span2.png?1650461159,"Burlington, US, VT",44.4928957075,-73.2265795407,534
125535,City Nature Challenge 2022: Tshwane,city-nature-challenge-2022-tshwane,50126.0,https://static.inaturalist.org/projects/125535-icon-span2.png?1648118604,"City of Tshwane, GT, ZA",-25.6598514004,28.4434331486,1065
125914,City Nature Challenge 2022: Volusia County,city-nature-challenge-2022-volusia-county,1796.0,https://static.inaturalist.org/projects/125914-icon-span2.png?1646837450,"Volusia County, FL, US",29.0634519556,-81.1485721296,595
126955,"City Nature Challenge 2022: North Platte, Nebraska",city-nature-challenge-2022-north-platte-nebraska,785.0,https://static.inaturalist.org/projects/126955-icon-span2.png?1644367277,"Lincoln County, US, NE",41.047767486,-100.7452338457,24
130227,City Nature Challenge 2022:Chur,city-nature-challenge-2022-chur,7236.0,https://static.inaturalist.org/projects/130227-icon-span2.jpg?1648243400,Switzerland,46.8012371978,8.230334554,1112
123677,Reto Ciudad Naturaleza 2022: La Paz  (CNC),reto-ciudad-naturaleza-2022-la-paz-cnc,131419.0,https://static.inaturalist.org/projects/123677-icon-span2.png?1646874438,"La Paz , LP, BO",-16.3816394051,-68.1039753947,3724
126894,City Nature Challenge 2022: Macao,city-nature-challenge-2022-macao,10301.0,https://static.inaturalist.org/projects/126894-icon-span2.jpg?1644285581,Macao,22.1550374949,113.5898448314,534
124575,City Nature Challenge 2022: Uherskohradišťsko,city-nature-challenge-2022-uherskohradistsko,180765.0,https://static.inaturalist.org/projects/124575-icon-span2.jpg?1641553115,"NBC Hluboček (UH), CZ",49.0109348397,17.5263636665,266
127176,"Desafío Naturaleza Urbana - Quito, Pichincha, Ecuador 2022",desafio-naturaleza-urbana-quito-pichincha-ecuador-2022,10011.0,https://static.inaturalist.org/projects/127176-icon-span2.jpg?1651624876,"Pichincha, EC",-0.105616495,-78.5907290653,1323
124349,Reto Naturalista 2022 Ciudad de Guatemala,reto-naturalista-2022-ciudad-de-guatemala,6941.0,https://static.inaturalist.org/projects/124349-icon-span2.jpg?1641228889,"Guatemala, GT",14.6297673519,-90.4877973276,896
124766,"“City Nature Challenge 2022: Regno di Nettuno/Cluster Biodiversità Italia""",city-nature-challenge-2022-regno-di-nettuno-cluster-biodiversita-italia,157189.0,https://static.inaturalist.org/projects/124766-icon-span2.jpg?1641816794,"Ischia, Campania, IT",40.725892423,13.9058802326,54
126221,Reto Naturalista Urbano 2022. Solidaridad,reto-naturalista-urbano-2022-solidaridad,55955.0,https://static.inaturalist.org/projects/126221-icon-span2.jpg?1643412856,"Solidaridad, MX, QR",20.587158461,-87.3567053379,535
123767,Reto Naturalista Urbano Costa y Sierra Occidental de Jalisco,reto-naturalista-urbano-costa-y-sierra-occidental-de-jalisco,57991.0,https://static.inaturalist.org/projects/123767-icon-span2.png?1651162875,"Bahía de Banderas, MX, NA",20.8271586651,-105.3300199683,231
127952,City Nature Challenge 2022: Ngāmotu/New Plymouth,city-nature-challenge-2022-ngamotu-new-plymouth,40509.0,https://static.inaturalist.org/projects/127952-icon-span2.png?1645672188,"New Plymouth, TK, NZ",-39.0351714526,174.3534385061,980
126037,City Nature Challenge Tagum City Philippines,city-nature-challenge-tagum-city-philippines,26286.0,https://static.inaturalist.org/projects/126037-icon-span2.png?1643241142,"Tagum City, DV, PH",7.4159036087,125.7972702295,908
120388,BIOMARATON CNC COLMENAR VIEJO 2022,biomaraton-cnc-colmenar-viejo-2022,8102.0,https://static.inaturalist.org/projects/120388-icon-span2.png?1635927101,"Colmenar Viejo, MD, ES",40.6642465912,-3.7458004577,653
124875,Biomaratón CNC 2022 - Navalcarnero y el Alamo,biomaraton-cnc-2022-navalcarnero-y-el-alamo,162736.0,https://static.inaturalist.org/projects/124875-icon-span2.png?1652098579,El Álamo,40.2324044246,-3.9892579944,265
127578,City Nature Challenge 2022: London,city-nature-challenge-2022-london,66357.0,https://static.inaturalist.org/projects/127578-icon-span2.png?1645202626,Greater London,51.4859381197,-0.1259994507,1098
120759,City Nature Challenge 2022: Bristol & Bath region,city-nature-challenge-2022-bristol-bath-region,123650.0,https://static.inaturalist.org/projects/120759-icon-span2.png?1646847001,"Bristol and Bath Region, England, GB",51.4430932836,-2.6069919897,1231
124954,City Nature Challenge 2022: Alachua County,city-nature-challenge-2022-alachua-county,2511.0,https://www.inaturalist.org/attachment_defaults/general/span2.png,"Alachua County, US, FL",29.6747550598,-82.3577014892,1098
127146,City Nature Challenge 2022 Jacksonville Florida,city-nature-challenge-2022-jacksonville-florida,172.0,https://www.inaturalist.org/attachment_defaults/general/span2.png,"Duval County, US, FL",30.3354408643,-81.6480088279,280
126512,City Nature Challenge 2025:  Fort Wayne Area,city-nature-challenge-2025-fort-wayne-area,2094.0,https://static.inaturalist.org/projects/126512-icon-0f0775b04d8450ecc7de23f4efab4b7c-span2.?1733168274,"Adams County, US, IN",40.7456599313,-84.9366547189,341
127919,Wellesley MA City Nature Challenge 2022,wellesley-ma-city-nature-challenge-2022-23407fd6-f199-4666-a5a4-49f29094d754,138557.0,https://www.inaturalist.org/attachment_defaults/general/span2.png,"Wellesley, MA, US",42.3060075251,-71.2858213544,145
127182,"City Nature Challenge 2022: Bolton, VT",city-nature-challenge-2022-bolton-vt,55396.0,https://static.inaturalist.org/projects/127182-icon-span2.png?1644626371,"Bolton, US, VT",44.4000865,-72.877249,164
126991,City Nature Challenge 2022: Blacksburg,city-nature-challenge-2022-blacksburg,124747.0,https://www.inaturalist.org/attachment_defaults/general/span2.png,"Blacksburg, VA, US",37.2299847196,-80.4279629963,200
128008,"City Nature Challenge 2022: Mesorregião Oeste Catarinense, SC, Brasil",city-nature-challenge-2022-mesorregiao-oeste-catarinense-sc-brasil,24521.0,https://www.inaturalist.org/attachment_defaults/general/span2.png,"Caxambu do Sul, SC, BR",-27.1460398178,-52.9206707439,8
119513,City Nature Challenge 2022: Greater Melbourne,city-nature-challenge-2022-greater-melbourne,14596.0,https://www.inaturalist.org/attachment_defaults/general/span2.png,"Banyule - North, VI, AU",-37.7121174092,145.1063676735,2087
123579,City Nature Challenge 2022: Region Marchfeld,city-nature-challenge-2022-region-marchfeld,178433.0,https://static.inaturalist.org/projects/123579-icon-span2.png?1639744362,Marchfeld,48.2389988029,16.741432783,450
122730,City Nature Challenge 2022: Redland City QLD Australia,city-nature-challenge-2022-redland-city-qld-australia,144323.0,https://static.inaturalist.org/projects/122730-icon-span2.png?1645533980,"Redland City LGA, QL, AU",-27.5507284618,153.3548080247,107
123499,City Nature Challenge 2022: Greater Adelaide,city-nature-challenge-2022-greater-adelaide-4454fd8c-10c9-4bb5-aa04-6f3836d36fd2,146094.0,https://www.inaturalist.org/attachment_defaults/general/span2.png,"Greater Adelaide, SA, AU",-35.0343524747,138.6637259588,1117
123646,City Nature Challenge 2022: Geelong,city-nature-challenge-2022-geelong,14701.0,https://static.inaturalist.org/projects/123646-icon-span2.JPG?1667880864,"Moorabool - Bacchus Marsh, VI, AU",-37.6535033683,144.4149964394,905
119142,City Nature Challenge 2022: Krems & Wachau,city-nature-challenge-2022-krems-wachau,146791.0,https://static.inaturalist.org/projects/119142-icon-span2.jpg?1644567758,"Krems-Stadt, NO, AT",48.4090162555,15.6181201718,603
123397,City Nature Challenge 2022: St. Pölten,city-nature-challenge-2022-st-poelten,14900.0,https://static.inaturalist.org/projects/123397-icon-span2.png?1639586146,"Sankt Pölten, NO, AT",48.2031565414,15.6450742868,670
122210,City Nature Challenge 2022: Nationalparkregion Gesäuse,city-nature-challenge-2022-nationalparkregion-gesaeuse,178057.0,https://static.inaturalist.org/projects/122210-icon-span2.jpg?1638172857,Nationalparkregion Gesäuse,47.6234245155,14.6454017957,485
122659,City Nature Challenge 2022: Gaborone & SE,city-nature-challenge-2022-gaborone-se,12636.0,https://static.inaturalist.org/projects/122659-icon-span2.jpg?1643328753,"Kgatleng, BW",-24.1524175936,26.3518420892,4
123909,City Nature Challenge 2022: Northern Botswana,city-nature-challenge-2022-northern-botswana,124861.0,https://static.inaturalist.org/projects/123909-icon-span2.jpeg?1640271229,"Northern Botswana, BW",-20.7059300126,23.4713394126,330
125501,City Nature Challenge 2022: Greater Sydney,city-nature-challenge-2022-greater-sydney,142327.0,https://static.inaturalist.org/projects/125501-icon-span2.jpg?1642647954,"Greater Sydney Area, NSW AU",-33.8703434242,151.0680433674,1429
124585,Desafio da Natureza Urbana São Paulo 2022,desafio-da-natureza-urbana-sao-paulo-2022,25311.0,https://static.inaturalist.org/projects/124585-icon-span2.png?1644317650,"São Paulo, SP, BR",-23.6504168524,-46.6480251547,729
122861,City Nature Challenge 2022: metro Edmonton area,city-nature-challenge-2022-metro-edmonton-area,164051.0,https://www.inaturalist.org/attachment_defaults/general/span2.png,"Edmonton metropolitan area, AB, CA",53.5203211845,-113.5149770912,380
122765,City Nature Challenge 2022: Lethbridge,city-nature-challenge-2022-lethbridge,136029.0,https://static.inaturalist.org/projects/122765-icon-span2.png?1638981181,"Lethbridge, Alberta, Canada, AB, CA",49.6877356361,-112.844053573,171
124561,City Nature Challenge 2022: Abbotsford,city-nature-challenge-2022-abbotsford,178760.0,https://static.inaturalist.org/projects/124561-icon-span2.png?1663778288,"Abbotsford & Area, BC, CA",49.143957813,-122.2866402495,427
123527,City Nature Challenge 2022: Greater Vancouver,city-nature-challenge-2022-greater-vancouver,170167.0,https://static.inaturalist.org/projects/123527-icon-span2.png?1639673281,"Burnaby (city), BC, CA",49.2479632847,-122.964976596,819
123820,City Nature Challenge 2022: Greater Portland-Vancouver Metro Area,city-nature-challenge-2022-greater-portland-vancouver-metro-area,81864.0,https://www.inaturalist.org/attachment_defaults/general/span2.png,Portland-Vancouver Metro Region,45.5399071755,-122.6795582111,862
124529,City Nature Challenge 2022: Cariboo Region,city-nature-challenge-2022-cariboo-region,27523.0,https://static.inaturalist.org/projects/124529-icon-span2.png?1663778296,"Cariboo, CA, BC",52.3434764658,-123.1022017633,110
124562,City Nature Challenge 2022: Chilliwack,city-nature-challenge-2022-chilliwack,178761.0,https://static.inaturalist.org/projects/124562-icon-span2.png?1641586925,"Chilliwack, BC, CA",49.1860816231,-121.741229836,340
122440,"City Nature Challenge 2022: Tri-Cities, British Columbia",city-nature-challenge-2022-tri-cities-british-columbia,177958.0,https://www.inaturalist.org/attachment_defaults/general/span2.png,"City of Port Coquitlam, BC, CA",49.2533418185,-122.76245598,625
124946,City Nature Challenge 2022: West Kootenays,city-nature-challenge-2022-west-kootenays,27531.0,https://static.inaturalist.org/projects/124946-icon-span2.png?1663778274,"Kootenay Boundary, CA, BC",49.3529072909,-118.6082247165,300
124525,City Nature Challenge 2022: East Kootenays,city-nature-challenge-2022-east-kootenays,27527.0,https://static.inaturalist.org/projects/124525-icon-span2.png?1641595918,"East Kootenay, CA, BC",49.9665511094,-115.6283924734,295
123327,City Nature Challenge 2022: Delta BC,city-nature-challenge-2022-delta-bc,178109.0,https://static.inaturalist.org/projects/123327-icon-span2.jpg?1639592250,Delta Municipal Boundary,49.0753793898,-123.0715348407,532
124494,City Nature Challenge 2022: Nanaimo & Area,city-nature-challenge-2022-nanaimo-area,27532.0,https://static.inaturalist.org/projects/124494-icon-span2.png?1663778313,"Nanaimo, CA, BC",49.2159361013,-124.2720642004,935
124519,City Nature Challenge 2022: Okanagan Valley,city-nature-challenge-2022-okanagan-valley,27525.0,https://static.inaturalist.org/projects/124519-icon-span2.jpg?1642620375,"Central Okanagan, CA, BC",49.9488795161,-119.4586550786,624
124544,City Nature Challenge 2022: Greater Victoria,city-nature-challenge-2022-greater-victoria,49140.0,https://static.inaturalist.org/projects/124544-icon-span2.png?1663778305,"Capital, CA, BC",48.5819749005,-123.7018722775,1373
119093,"City Nature Challenge 2022: Thompson-Nicola Region, BC, Canada",city-nature-challenge-2022-thompson-nicola-region-bc-canada,49148.0,https://static.inaturalist.org/projects/119093-icon-span2.png?1645209330,"Thompson-Nicola, CA, BC",51.1561743051,-120.4793041038,372
114949,"City Nature Challenge 2022: Winnipeg Region, MB, Canada",city-nature-challenge-2022-winnipeg-region-mb-canada,147925.0,https://static.inaturalist.org/projects/114949-icon-span2.jpg?1645302283,"Red River Valley 14PA01, MB, CA",49.7782745282,-97.5415620899,296
123912,"City Nature Challenge 2022: St. John's, Newfoundland, Canada",city-nature-challenge-2022-st-john-s-newfoundland-canada,65761.0,https://static.inaturalist.org/projects/123912-icon-span2.png?1644141666,"Bauline, NL, CA",47.7006244066,-52.8195707885,170
118318,"City Nature Challenge 2022: Annapolis Valley, NS, Canada",city-nature-challenge-2022-annapolis-valley-ns-canada,27567.0,https://www.inaturalist.org/attachment_defaults/general/span2.png,"Annapolis, CA, NS",44.7088195444,-65.2528802429,573
123907,"City Nature Challenge 2022: Halifax Regional Municipality, NS, Canada",city-nature-challenge-2022-halifax-regional-municipality-ns-canada-b8652fce-71bf-49a1-a09b-dda6e312b7d4,27573.0,https://www.inaturalist.org/attachment_defaults/general/span2.png,"Halifax, CA, NS",44.7654687958,-62.9013680146,868
117935,"City Nature Challenge 2022: Cape Breton Regional Municipality, NS, Canada",city-nature-challenge-2022-cape-breton-regional-municipality-ns-canada,27569.0,https://www.inaturalist.org/attachment_defaults/general/span2.png,"Cape Breton, NS, CA",46.020634531,-60.2135075628,348
122759,"City Nature Challenge 2022: Hamilton, ON",city-nature-challenge-2022-hamilton-on,27590.0,https://static.inaturalist.org/projects/122759-icon-span2.png?1647697706,"Hamilton, CA, ON",43.2529067678,-79.9586684332,644
123210,CityNatureChallenge/DéfiNatureUrbaine 2022: Ottawa-Gatineau,citynaturechallenge-definatureurbaine-2022-ottawa-gatineau,27599.0,https://static.inaturalist.org/projects/123210-icon-span2.jpg?1639491913,"Ottawa, ON, CA",45.2946675896,-75.775678398,943
123921,"City Nature Challenge 2022: Thunder Bay District, ON, Canada",city-nature-challenge-2022-thunder-bay-district-on-canada,133230.0,https://www.inaturalist.org/attachment_defaults/general/span2.png,"Thunder Bay Judicial District, ON, CA",49.4982393976,-88.1837017814,231
122601,City Nature Challenge 2022: Toronto and GTA,city-nature-challenge-2022-toronto-and-gta,27589.0,https://static.inaturalist.org/projects/122601-icon-span2.jpg?1639657664,"Halton, ON, CA",43.5101972181,-79.889308164,813
123729,"City Nature Challenge 2022: Charlottetown, PEI",city-nature-challenge-2022-charlottetown-pei,146570.0,https://www.inaturalist.org/attachment_defaults/general/span2.png,"Charlottetown, PE, CA",46.2695844438,-63.1364517006,147
123809,"City Nature Challenge 2022: Greater Summerside Area, PEI",city-nature-challenge-2022-greater-summerside-area-pei,146571.0,https://www.inaturalist.org/attachment_defaults/general/span2.png,"Summerside, PE, CA",46.4104293488,-63.7859181323,143
124792,City Nature Challenge 2022: Regina and Area,city-nature-challenge-2022-regina-and-area,164401.0,https://static.inaturalist.org/projects/124792-icon-span2.png?1649862170,City Nature Challenge 2021: Regina and Area,50.5002294342,-104.654306352,203
119629,City Nature Challenge 2022: Hong Kong,city-nature-challenge-2022-hong-kong,7613.0,https://static.inaturalist.org/projects/119629-icon-span2.jpg?1635474678,Hong Kong,22.3371967789,114.1490797877,4071
122621,Reto Naturalista 2022: Valle de Aburrá,reto-naturalista-2022-valle-de-aburra,144768.0,https://www.inaturalist.org/attachment_defaults/general/span2.png,Área Metropolitana del Valle de Aburrá,6.2800189984,-75.5385367858,1926
96458,City Nature Challenge 2023: Karlovac,city-nature-challenge-2023-karlovac,99946.0,https://www.inaturalist.org/attachment_defaults/general/span2.png,"Karlovac, KA, HR",45.4834534326,15.643872731,21
96459,City Nature Challenge 2022: Zagreb,city-nature-challenge-2022-zagreb,99893.0,https://www.inaturalist.org/attachment_defaults/general/span2.png,"Zagreb, GZ, HR",45.8159192712,15.9838205998,176
123585,City Nature Challenge 2022: Prague,city-nature-challenge-2022-prague,154376.0,https://static.inaturalist.org/projects/123585-icon-span2.jpg?1639751190,"Hl. m. Praha, CZ",50.0667920284,14.4660038776,1488
124455,City Nature Challenge 2022: Brno,city-nature-challenge-2022-brno,180463.0,https://static.inaturalist.org/projects/124455-icon-span2.png?1649140408,"Brno, CZ",49.2067631771,16.588772321,1021
123776,City Nature Challenge 2022: Midi Toulousain,city-nature-challenge-2022-midi-toulousain,178432.0,https://static.inaturalist.org/projects/123776-icon-span2.png?1640079134,"Region Toulousaine, France",43.5405443322,1.5117465831,985
123774,City Nature Challenge 2022: Berlin,city-nature-challenge-2022-berlin,12872.0,https://static.inaturalist.org/projects/123774-icon-span2.png?1642151981,"Berlin, DE",52.5015315807,13.4018502444,899
123829,City Nature Challenge 2022: Hamburg,city-nature-challenge-2022-hamburg,12874.0,https://static.inaturalist.org/projects/123829-icon-span2.png?1648549038,"Hamburg, DE",53.6089529884,9.7699941334,257
125186,City Nature Challenge 2022: Görlitz,city-nature-challenge-2022-goerlitz,98625.0,https://static.inaturalist.org/projects/125186-icon-span2.png?1642173443,"Görlitz, DE, SN",51.2256177492,14.750796811,262
123746,City Nature Challenge 2022: Leipzig,city-nature-challenge-2022-leipzig,108218.0,https://www.inaturalist.org/attachment_defaults/general/span2.png,"Leipzig 2, DE, SN",51.3422385995,12.3747717597,284
123743,City Nature Challenge 2022: Halle (Saale),city-nature-challenge-2022-halle-saale,98613.0,https://www.inaturalist.org/attachment_defaults/general/span2.png,"Halle (Saale), ST, DE",51.4798019096,11.9684968347,129
122970,City Nature Challenge 2022: Milazzo,city-nature-challenge-2022-milazzo,165374.0,https://static.inaturalist.org/projects/122970-icon-span2.jpg?1639223860,"Milazzo, ME, Italia, IT",38.2375356503,15.2366899889,1314
124499,City Nature Challenge 2022 - Messina - Cluster Biodiversità Italia,city-nature-challenge-2022-messina-cluster-biodiversita-italia,178823.0,https://static.inaturalist.org/projects/124499-icon-span2.jpg?1641466988,"Messina - Rete Natura 2000, IT",38.2320055627,15.5398014396,254
123502,City Nature Challenge 2022: South Tyrol,city-nature-challenge-2022-south-tyrol,149863.0,https://www.inaturalist.org/attachment_defaults/general/span2.png,Südtirol - AltoAdige,46.6962022059,11.4160632575,435
123587,"""City Nature Challenge 2022: Siena"" Cluster Biodiversità Italia",city-nature-challenge-2022-siena-cluster-biodiversita-italia,178334.0,https://static.inaturalist.org/projects/123587-icon-span2.jpg?1640104955,Siena,43.3105117485,11.333769169,482
124845,City Nature Challenge 2022: Tokyo,city-nature-challenge-2022-tokyo,152404.0,https://static.inaturalist.org/projects/124845-icon-span2.png?1648989532,"Tokyo_inland, JP",35.7142947425,139.4374443811,676
120109,City Nature Challenge 2022: Luxembourg,city-nature-challenge-2022-luxembourg,120582.0,https://static.inaturalist.org/projects/120109-icon-span2.png?1646731648,"Grand-Duché de Luxembourg, LU",49.7768951193,6.0920320645,1343
123567,City Nature Challenge 2022: Klang Valley,city-nature-challenge-2022-klang-valley,137749.0,https://static.inaturalist.org/projects/123567-icon-span2.png?1642383058,"Klang Valley (2019), MY",3.0581945437,101.6303029171,756
122050,Reto Naturalista Urbano 2022 - Aguascalientes Zona Metropolitana,reto-naturalista-urbano-2022-aguascalientes-zona-metropolitana,146262.0,https://static.inaturalist.org/projects/122050-icon-span2.jpg?1641587175,"Aguascalientes Zona Metropolitana, AG, MX",22.0059871843,-102.2950818128,108
123492,"Reto Naturalista Urbano 2022: Ensenada, Baja California",reto-naturalista-urbano-2022-ensenada-baja-california,132537.0,https://static.inaturalist.org/projects/123492-icon-span2.jpg?1639625231,"RNUensenada2019, Ensenada, BS, MX",31.2528870385,-115.9251436848,1122
124800,"Reto Naturalista Urbano 2022: Cacahoatán, Chiapas, MX",reto-naturalista-urbano-2022-cacahoatan-chiapas-mx,101628.0,https://static.inaturalist.org/projects/124800-icon-span2.png?1641842892,"Cacahoatán, CA, MX",15.0862410704,-92.1641344627,131
124610,Reto  Naturalista Urbano 2022: San Cristóbal de las Casas,reto-naturalista-urbano-2022-san-cristobal-de-las-casas,152185.0,https://static.inaturalist.org/projects/124610-icon-span2.png?1647230043,"San Cristóbal de las Casas, CH, MX",16.6879235958,-92.6015717559,496
123834,City Nature Challenge 2022: Sierra de Guadalupe CDMX/EdoMex,city-nature-challenge-2022-sierra-de-guadalupe-cdmx-edomex,163274.0,https://static.inaturalist.org/projects/123834-icon-span2.png?1640121462,"Barranca Ehecatl, MX, MX",19.5914824162,-99.0554313183,722
122869,"Reto Naturalista Urbano 2022: Amanalco de Becerra, Edo. Mex.",reto-naturalista-urbano-2022-amanalco-de-becerra-edo-mex,37019.0,https://static.inaturalist.org/projects/122869-icon-span2.png?1639108848,"Amanalco, MX, MX",19.250931481,-99.9883931997,332
121901,"Reto Naturalista Urbano 2022: Coyotepec, Teoloyucan y Huehuetoca Edo. Mex.",reto-naturalista-urbano-2022-coyotepec-teoloyucan-y-huehuetoca-edo-mex,37042.0,https://static.inaturalist.org/projects/121901-icon-span2.png?1637698587,"Coyotepec, MX, MX",19.7899844908,-99.2222053422,301
124620,Reto Naturalista Urbano 2022 - Guanajuato Zona Metropolitana,reto-naturalista-urbano-2022-guanajuato-zona-metropolitana,145168.0,https://static.inaturalist.org/projects/124620-icon-span2.jpg?1641589256,"Guanajuato Zona Metropolitana, GJ, MX",20.9979427012,-101.2743214625,31
125135,Reto Naturalista Urbano 2022: Monterrey Zona Metropolitana,reto-naturalista-urbano-2022-monterrey-zona-metropolitana,37338.0,https://static.inaturalist.org/projects/125135-icon-span2.jpg?1646089086,"Monterrey, MX, NL",25.6448319449,-100.3110151153,2171
122049,Reto Naturalista Urbano  2022 - Querétaro Zona Metropolitana,reto-naturalista-urbano-2022-queretaro-zona-metropolitana,146263.0,https://static.inaturalist.org/projects/122049-icon-span2.jpg?1637897683,"Querétaro Zona Metropolitana, QE, MX",20.6323091688,-100.4258235095,54
122048,Reto Naturalista Urbano 2022 - San Luis Potosí Zona Metropolitana,reto-naturalista-urbano-2022-san-luis-potosi-zona-metropolitana,145169.0,https://static.inaturalist.org/projects/122048-icon-span2.jpg?1637897668,"San Luis Potosí Zona Metropolitana, SL, MX",22.0990772079,-100.9906012815,92
123832,"City Nature Challenge 2022: Ahome, Sinaloa",city-nature-challenge-2022-ahome-sinaloa,37676.0,https://static.inaturalist.org/projects/123832-icon-span2.png?1640118011,"Ahome, MX, SI",25.8854052641,-109.1630870704,246
123830,"City Nature Challenge 2022: Cosalá, Sinaloa",city-nature-challenge-2022-cosala-sinaloa,37681.0,https://static.inaturalist.org/projects/123830-icon-span2.png?1640117111,"Cosalá, SI, MX",24.4814837601,-106.7994351323,1439
123860,"City Nature Challenge 2022: Culiacán, Sinaloa",city-nature-challenge-2022-culiacan-sinaloa,49407.0,https://static.inaturalist.org/projects/123860-icon-span2.png?1640190040,"Culiacán, MX, SI",24.6236008417,-107.2821215301,1219
123837,"City Nature Challenge 2022: Elota, Sinaloa",city-nature-challenge-2022-elota-sinaloa,37684.0,https://static.inaturalist.org/projects/123837-icon-span2.png?1640127488,"Elota, SI, MX",24.0266950721,-106.8595415261,894
123831,"City Nature Challenge 2022: Mazatlán, Sinaloa",city-nature-challenge-2022-mazatlan-sinaloa,37688.0,https://static.inaturalist.org/projects/123831-icon-span2.png?1640117213,"Mazatlán, MX, SI",23.4396087534,-106.3257514205,1872
124802,"Reto Naturalista Urbano 2022: Tapachula, Chiapas, MX",reto-naturalista-urbano-2022-tapachula-chiapas-mx,101683.0,https://static.inaturalist.org/projects/124802-icon-span2.png?1641843566,"Tapachula, CA, MX",14.8951041247,-92.3203090205,367
122203,City Nature Challenge 2022: Ōtautahi/Christchurch,city-nature-challenge-2022-otautahi-christchurch,129542.0,https://static.inaturalist.org/projects/122203-icon-span2.png?1638153764,"Christchurch District, NZ",-43.6818287889,172.7656765803,1554
124693,"City Nature Challenge 2022: Chelyabinsk, Russia",city-nature-challenge-2022-chelyabinsk-russia,164097.0,https://static.inaturalist.org/projects/124693-icon-span2.jpg?1641735865,"Chelyabinsk gor okrug (2020), CL, RU",55.1680555185,61.4045741525,469
123638,"City Nature Challenge 2022: Irkutsk, Russia",city-nature-challenge-2022-irkutsk-russia,163077.0,https://static.inaturalist.org/projects/123638-icon-span2.jpg?1649996790,"Irkutsk agglomeration, RU",52.2598446202,104.6684418399,529
124699,"City Nature Challenge 2022: Petropavlovsk-Kamchatsky & Elizovo, Russia",city-nature-challenge-2022-petropavlovsk-kamchatsky-elizovo-russia,178807.0,https://www.inaturalist.org/attachment_defaults/general/span2.png,"Petropavlovsk_Kamchatskyi_Yelizovo, RU",53.0696566846,158.6501327457,184
124698,"City Nature Challenge 2022: Khanty-Mansiysk, Russia",city-nature-challenge-2022-khanty-mansiysk-russia,149950.0,https://static.inaturalist.org/projects/124698-icon-span2.png?1649925307,"Khanty-Mansiysk, KM, RU",61.0330618314,69.1384485962,241
124684,"City Nature Challenge 2022: Moscow, Russia",city-nature-challenge-2022-moscow-russia,133611.0,https://static.inaturalist.org/projects/124684-icon-span2.jpg?1641733591,"Gorod Moskva, RU, RU",55.5591859669,37.3635640318,787
124694,"City Nature Challenge 2022: Nizhny Novgorod, Russia",city-nature-challenge-2022-nizhny-novgorod-russia,181298.0,https://static.inaturalist.org/projects/124694-icon-span2.jpg?1641736051,"Gorod Nizhny Novgorod, NZ, RU",56.2779963151,43.871945145,407
124688,"City Nature Challenge 2022: Perm, Russia",city-nature-challenge-2022-perm-russia,149060.0,https://static.inaturalist.org/projects/124688-icon-span2.jpg?1641734272,Perm city,58.0367240392,56.2633108059,315
123385,"City Nature Challenge 2022: Ufa, Russia",city-nature-challenge-2022-ufa-russia,150264.0,https://static.inaturalist.org/projects/123385-icon-span2.jpg?1641736686,Ufa,54.7514663767,56.0521051123,304
123387,"City Nature Challenge 2022: Novosibirsk, Russia",city-nature-challenge-2022-novosibirsk-russia,165631.0,https://static.inaturalist.org/projects/123387-icon-span2.png?1645166863,"Novosibirsk agglomeration, RU",54.9462416706,82.8965404284,547
124692,"City Nature Challenge 2022: Kazan, Russia",city-nature-challenge-2022-kazan-russia,178913.0,https://static.inaturalist.org/projects/124692-icon-span2.jpg?1641735641,"Gorod Kazan, TT, RU",55.7915457544,49.1288351385,321
124686,"City Nature Challenge 2022: Samara, Russia",city-nature-challenge-2022-samara-russia,178915.0,https://static.inaturalist.org/projects/124686-icon-span2.jpg?1641733807,"Gorod Samara, SA, RU",53.2687811557,50.154943875,86
124687,"City Nature Challenge 2022: St Petersburg, Russia",city-nature-challenge-2022-st-petersburg-russia,134609.0,https://static.inaturalist.org/projects/124687-icon-span2.jpg?1641734063,"Gorod Sankt-Peterburg, RU",59.9234608334,30.2132468665,381
123202,"City Nature Challenge 2022: Ekaterinburg, Russia",city-nature-challenge-2022-ekaterinburg-russia,148545.0,https://static.inaturalist.org/projects/123202-icon-span2.jpg?1642224035,"Gorod Ekaterinburg, RU",56.789627072,60.5385498455,603
124691,"City Nature Challenge 2022: Volgograd & Volzhsky, Russia",city-nature-challenge-2022-volgograd-volzhsky-russia,170836.0,https://static.inaturalist.org/projects/124691-icon-span2.jpg?1641735419,"Gorod Volzhsky, VG, RU",48.8289100658,44.7580562132,262
124690,"City Nature Challenge 2022: Voronezh, Russia",city-nature-challenge-2022-voronezh-russia,178917.0,https://static.inaturalist.org/projects/124690-icon-span2.jpg?1641735036,"Gorod Voronezh, VR, RU",51.6717091265,39.2296997192,323
124468,City Nature Challenge 2022: Greater Edinburgh,city-nature-challenge-2022-greater-edinburgh,30456.0,https://static.inaturalist.org/projects/124468-icon-span2.png?1643121637,"Clackmannanshire, Scotland, GB",56.1471950383,-3.7318170631,443
123882,City Nature Challenge 2022: Greater Glasgow,city-nature-challenge-2022-greater-glasgow,30459.0,https://static.inaturalist.org/projects/123882-icon-span2.png?1643124117,"East Ayrshire, Scotland, GB",55.4838427825,-4.3079872159,529
122896,City Nature Challenge 2022: Garden Route,city-nature-challenge-2022-garden-route,146648.0,https://static.inaturalist.org/projects/122896-icon-span2.png?1640885752,"Garden Route District Municipality incl 2 nautical mile, ZA",-33.8368807263,22.0240420271,2778
123547,Biomaratón CNC 2022 Tres Cantos,biomaraton-cnc-2022-tres-cantos-c505aa0f-a8d5-4058-9463-f86ea1e7a051,146748.0,https://static.inaturalist.org/projects/123547-icon-span2.png?1650642277,"Tres Cantos, Madrid, ES",40.6113305456,-3.7259900117,354
124553,City Nature Challenge 2022: Central Taiwan,city-nature-challenge-2022-central-taiwan,146729.0,https://static.inaturalist.org/projects/124553-icon-span2.jpg?1644563925,"Central Taiwan, TW",24.1279195166,120.8136019856,1060
124555,City Nature Challenge 2022: Chiayi-Yunlin,city-nature-challenge-2022-chiayi-yunlin,138247.0,https://static.inaturalist.org/projects/124555-icon-span2.jpg?1644565640,"嘉義縣, TW",23.4427444803,120.4473116054,2577
123110,City Nature Challenge 2022: Hsinchu,city-nature-challenge-2022-hsinchu,141644.0,https://static.inaturalist.org/projects/123110-icon-span2.jpg?1644563885,"新竹市, TW",24.8572160714,120.8196992097,1759
124549,City Nature Challenge 2022:Kaohsiung,city-nature-challenge-2022-kaohsiung,12313.0,https://static.inaturalist.org/projects/124549-icon-span2.jpg?1644564440,"Kaohsiung, TW",23.0754631574,120.6082293089,884
124551,City Nature Challenge 2022: North Taiwan,city-nature-challenge-2022-north-taiwan,141638.0,https://static.inaturalist.org/projects/124551-icon-span2.jpg?1644564359,"台北市, TW",25.0829121329,121.5533763418,1750
124552,City Nature Challenge 2022: Tainan,city-nature-challenge-2022-tainan,141637.0,https://static.inaturalist.org/projects/124552-icon-span2.jpg?1644564381,"台南市, TW",23.054414704,120.0846626081,439
124550,City Nature Challenge 2022: Taitung,city-nature-challenge-2022-taitung,141636.0,https://static.inaturalist.org/projects/124550-icon-span2.jpg?1644565323,"台東縣, TW",22.5570143301,121.3468798594,395
124548,City Nature Challenge 2022: Yilan-Hualien,city-nature-challenge-2022-yilan-hualien,141634.0,https://static.inaturalist.org/projects/124548-icon-span2.jpg?1644564421,"宜蘭縣, TW",24.5933666986,121.8045015061,1360
122674,City Nature Challenge 2022: Liverpool City Region,city-nature-challenge-2022-liverpool-city-region,178059.0,https://static.inaturalist.org/projects/122674-icon-span2.png?1649343085,"Liverpool City Region LWM, England, GB",53.4370135607,-2.9388783964,1106
122687,City Nature Challenge 2022: Greater Manchester,city-nature-challenge-2022-greater-manchester,138285.0,https://static.inaturalist.org/projects/122687-icon-span2.jpg?1638892438,Greater Manchester Local Records Area,53.5151759463,-2.2842313422,527
123586,City Nature Challenge 2022: North East England,city-nature-challenge-2022-north-east-england,131090.0,https://static.inaturalist.org/projects/123586-icon-span2.jpg?1648142510,City Nature Challenge 2019: North East England,55.0525593836,-1.8151605893,1032
123201,"City Nature Challenge 2022: Nottingham City, UK",city-nature-challenge-2022-nottingham-city-uk,144218.0,https://static.inaturalist.org/projects/123201-icon-span2.jpg?1639473011,"Nottingham City, England, GB",52.9605995263,-1.1765228788,785
123398,City Nature Challenge 2022: Cardiff & Newport,city-nature-challenge-2022-cardiff-newport,163986.0,https://static.inaturalist.org/projects/123398-icon-span2.png?1647973978,"City Nature Challenge 2021: Cardiff and Newport, Wales, GB",51.5224589855,-3.0242924969,497
124583,City Nature Challenge 2022 Birmingham & Black Country,city-nature-challenge-2022-birmingham-black-country,144101.0,https://static.inaturalist.org/projects/124583-icon-span2.png?1641568338,"Birmingham & Black Country, England, GB",52.5210417901,-1.9724553358,1201
124578,"City Nature Challenge 2022: Coventry Creature Count, UK",city-nature-challenge-2022-coventry-creature-count-uk,164957.0,https://www.inaturalist.org/attachment_defaults/general/span2.png,"Coombe Park, Warwickshire, UK",52.4116289958,-1.4190210232,364
125279,City Nature Challenge 2022: Lviv,city-nature-challenge-2022-lviv,12387.0,https://static.inaturalist.org/projects/125279-icon-span2.png?1642372623,"L'viv, UA",49.724836132,23.9212020551,86
123453,City Nature Challenge 2022: Greater Phoenix Area,city-nature-challenge-2022-greater-phoenix-area,147790.0,https://static.inaturalist.org/projects/123453-icon-span2.png?1639595223,"Metro Phoenix, AZ, US",33.5054190474,-112.0375487421,1088
124546,"City Nature Challenge 2022: Pima County, Arizona",city-nature-challenge-2022-pima-county-arizona,2346.0,https://static.inaturalist.org/projects/124546-icon-span2.jpg?1643557894,"Pima County, US, AZ",32.097379014,-111.789949377,1166
123444,City Nature Challenge 2022: Los Angeles County,city-nature-challenge-2022-los-angeles-county,962.0,https://static.inaturalist.org/projects/123444-icon-span2.jpg?1639592917,"Los Angeles County, US, CA",34.1980014782,-118.2610169697,2546
123727,City Nature Challenge 2022: Sacramento Region,city-nature-challenge-2022-sacramento-region,2282.0,https://static.inaturalist.org/projects/123727-icon-span2.png?1643214777,"Yolo County, US, CA",38.6866464809,-121.9016204561,1516
123602,City Nature Challenge 2022: INLAND EMPIRE,city-nature-challenge-2022-inland-empire,520.0,https://static.inaturalist.org/projects/123602-icon-span2.jpg?1639783899,"San Bernardino County, US, CA",34.8414375977,-116.1784615835,1740
124365,City Nature Challenge 2022: San Diego County,city-nature-challenge-2022-san-diego-county,54501.0,https://static.inaturalist.org/projects/124365-icon-span2.png?1641246255,"San Diego County including Pelagic Waters, CA, US",33.0195352876,-116.981055,2626
123566,City Nature Challenge 2022: South Florida (#CNCSOFLO),city-nature-challenge-2022-south-florida-cncsoflo,2345.0,https://static.inaturalist.org/projects/123566-icon-span2.png?1639757648,"Miami-Dade County, US, FL",25.608968247,-80.4986667689,2271
123544,City Nature Challenge 2022: West Palm Beach,city-nature-challenge-2022-west-palm-beach,178604.0,https://static.inaturalist.org/projects/123544-icon-span2.png?1640724325,"West Palm Beach, FL",26.7467057461,-80.1319019354,401
122618,City Nature Challenge 2022: Atlanta,city-nature-challenge-2022-atlanta,130842.0,https://static.inaturalist.org/projects/122618-icon-span2.jpg?1651168305,"Atlanta City Nature Challenge, GA, US",33.7816359574,-84.3177308652,1731
123282,"City Nature Challenge 2022: Savannah, Georgia Area",city-nature-challenge-2022-savannah-georgia-area,2519.0,https://static.inaturalist.org/projects/123282-icon-span2.jpg?1639513666,"Chatham County, US, GA",31.9740223075,-81.092425351,562
123542,City Nature Challenge 2022: Maui,city-nature-challenge-2022-maui,51507.0,https://static.inaturalist.org/projects/123542-icon-span2.png?1639688558,"Maui, HI, US",20.8127398139,-156.3345128763,155
121454,City Nature Challenge 2022: Boise Area,city-nature-challenge-2022-boise-area,145013.0,https://static.inaturalist.org/projects/121454-icon-span2.jpg?1642013951,Boise Area,43.610856261,-116.2223071484,542
122598,City Nature Challenge 2022: Bonner County,city-nature-challenge-2022-bonner-county,2289.0,https://www.inaturalist.org/attachment_defaults/general/span2.png,"Bonner County, US, ID",48.2997582932,-116.6008014119,456
107272,City Nature Challenge 2022: Chicago Metro,city-nature-challenge-2022-chicago-metro,1859.0,https://static.inaturalist.org/projects/107272-icon-span2.png?1643583576,"Cook County, IL, US",41.895416779,-87.6461648852,1288
124716,City Nature Challenge 2022: Indianapolis,city-nature-challenge-2022-indianapolis,840.0,https://static.inaturalist.org/projects/124716-icon-span2.png?1641767015,"Marion County, US, IN",39.7817096702,-86.1384716976,935
124590,City Nature Challenge 2022:  Iowa City,city-nature-challenge-2022-iowa-city,8680.0,https://static.inaturalist.org/projects/124590-icon-span2.png?1641574831,"Iowa City, IA, US",41.6558862693,-91.5311792174,161
122281,"City Nature Challenge 2022: Madison County, KY",city-nature-challenge-2022-madison-county-ky,1982.0,https://static.inaturalist.org/projects/122281-icon-span2.jfif?1638292397,"Madison County, US, KY",37.7201840513,-84.2779973948,809
122436,"City Nature Challenge 2022: Lexington-Fayette County, KY, USA",city-nature-challenge-2022-lexington-fayette-county-ky-usa,1958.0,https://static.inaturalist.org/projects/122436-icon-span2.png?1645738095,"Fayette County, US, KY",38.0423240909,-84.4587260137,835
124604,City Nature Challenge 2022 Louisville Metro,city-nature-challenge-2022-louisville-metro,757.0,https://static.inaturalist.org/projects/124604-icon-span2.jpg?1643059042,"Jefferson County, US, KY",38.1871905779,-85.6591582006,775
123592,City Nature Challenge 2022: Baltimore Area,city-nature-challenge-2022-baltimore-area,1818.0,https://static.inaturalist.org/projects/123592-icon-span2.jpg?1639766140,"Anne Arundel County, MD, US",38.9941571673,-76.5675970733,1361
123584,City Nature Challenge 2022: Pioneer Valley,city-nature-challenge-2022-pioneer-valley,2012.0,https://www.inaturalist.org/attachment_defaults/general/span2.png,"Hampshire County, US, MA",42.3401381536,-72.6637654436,717
123865,"City Nature Challenge 2022: Lexington, MA",city-nature-challenge-2022-lexington-ma,170873.0,https://static.inaturalist.org/projects/123865-icon-span2.jpg?1640192390,Lexington MA 4_21,42.4455183964,-71.2305223124,336
119507,City Nature Challenge 2022: Greater Lansing Area,city-nature-challenge-2022-greater-lansing-area,131394.0,https://static.inaturalist.org/projects/119507-icon-span2.png?1646664720,"Lansing-East Lansing-Owosso CSA (Ingham, Clinton, Eaton, & Shiawassee Counties), MI, US",42.7388752571,-84.4942789655,411
122911,City Nature Challenge 2022: Minneapolis-St. Paul,city-nature-challenge-2022-minneapolis-st-paul,13470.0,https://www.inaturalist.org/attachment_defaults/general/span2.png,"Hennepin County, MN, US",45.0045788505,-93.476877224,746
125471,City Nature Challenge 2022: Greater Kansas City Metro Area,city-nature-challenge-2022-greater-kansas-city-metro-area,2756.0,https://www.inaturalist.org/attachment_defaults/general/span2.png,"Jackson County, US, MO",39.008502122,-94.3460913221,644
123158,City Nature Challenge 2022: St. Louis,city-nature-challenge-2022-st-louis,124535.0,https://static.inaturalist.org/projects/123158-icon-span2.jpg?1639435819,"St. Louis-St. Charles-Farmington, MO-IL Combined Statistical Area",38.6842537607,-90.2657129254,1294
124160,City Nature Challenge 2022: Lincoln County,city-nature-challenge-2022-lincoln-county,3012.0,https://www.inaturalist.org/attachment_defaults/general/span2.png,"Lincoln County, US, MT",48.5424750901,-115.4050828218,58
122321,City Nature Challenge 2022: Red Lodge Area,city-nature-challenge-2022-red-lodge-area-7d179dd6-d0cc-4ee9-8d57-da0fe21ad0db,963.0,https://www.inaturalist.org/attachment_defaults/general/span2.png,"Carbon County, US, MT",45.2273857118,-109.0280158841,152
124429,City Nature Challenge 2022: Omaha Metro,city-nature-challenge-2022-omaha-metro,123395.0,https://static.inaturalist.org/projects/124429-icon-span2.jpg?1641321688,"Omaha, NE Metro Area",41.2389743449,-96.0647477851,284
122790,City Nature Challenge 2022: Scotts Bluff County,city-nature-challenge-2022-scotts-bluff-county,3019.0,https://static.inaturalist.org/projects/122790-icon-span2.png?1638989774,"Scotts Bluff County, US, NE",41.8506075434,-103.7079466484,214
123738,City Nature Challenge 2022: Ithaca NY,city-nature-challenge-2022-ithaca-ny,155934.0,https://static.inaturalist.org/projects/123738-icon-span2.png?1651364117,East Finger Lakes,42.6203098916,-76.511526554,641
111253,City Nature Challenge 2022: New York City,city-nature-challenge-2022-new-york-city,674.0,https://static.inaturalist.org/projects/111253-icon-span2.jpg?1647879969,"New York City, US, NY",40.70352,-73.982335,1650
122756,"City Nature Challenge 2022: Piedmont, NC",city-nature-challenge-2022-piedmont-nc,2723.0,https://static.inaturalist.org/projects/122756-icon-span2.jpg?1639083774,"Guilford County, US, NC",36.0794514702,-79.7890131113,720
122938,City Nature Challenge 2022: Triangle Area,city-nature-challenge-2022-triangle-area,1114.0,https://static.inaturalist.org/projects/122938-icon-span2.jpg?1639173161,"Cumberland County, US, NC",35.0485920016,-78.8274381449,2154
122773,City Nature Challenge 2022: Coastal North Carolina,city-nature-challenge-2022-coastal-north-carolina,2464.0,https://static.inaturalist.org/projects/122773-icon-span2.png?1639758786,"Washington County, US, NC",35.8388681536,-76.5686848732,1127
123595,City Nature Challenge 2022 Cincinnati-Hamilton County,city-nature-challenge-2022-cincinnati-hamilton-county,3059.0,https://www.inaturalist.org/attachment_defaults/general/span2.png,"Hamilton County, US, OH",39.1955310014,-84.5427747436,809
123414,City Nature Challenge 2022 :Central Ohio,city-nature-challenge-2022-central-ohio,356.0,https://static.inaturalist.org/projects/123414-icon-span2.jpg?1639588771,"Franklin County, US, OH",39.9695460046,-83.0092981626,619
123517,City Nature Challenge 2022: Greater Erie,city-nature-challenge-2022-greater-erie,177714.0,https://static.inaturalist.org/projects/123517-icon-span2.png?1641584002,Greater Erie,42.087666218,-80.138835531,537
123520,City Nature Challenge 2022: Southcentral PA Region,city-nature-challenge-2022-southcentral-pa-region,1053.0,https://static.inaturalist.org/projects/123520-icon-span2.png?1639667040,"Bedford County, US, PA",40.0065552673,-78.4903171164,526
122608,2022 Scranton/Lackawanna Nature Challenge,2022-scranton-lackawanna-nature-challenge,965.0,https://www.inaturalist.org/attachment_defaults/general/span2.png,"Lackawanna County, US, PA",41.4367859493,-75.6091957358,519
123523,City Nature Challenge 2022: Northcentral PA Region,city-nature-challenge-2022-northcentral-pa-region,871.0,https://static.inaturalist.org/projects/123523-icon-span2.png?1639668060,"Bradford County, US, PA",41.7886677147,-76.515452546,117
122609,City Nature Challenge 2022: Greater Philadelphia Area,city-nature-challenge-2022-greater-philadelphia-area,2983.0,https://static.inaturalist.org/projects/122609-icon-span2.png?1638813753,"Philadelphia County, PA, US",40.0076376824,-75.1339618215,2166
123594,City Nature Challenge 2022: Providence Area,city-nature-challenge-2022-providence-area,8.0,https://static.inaturalist.org/projects/123594-icon-span2.png?1639769609,"Rhode Island, US",41.5946290792,-71.5247424878,365
122837,City Nature Challenge 2022: Pierre Fort Pierre,city-nature-challenge-2022-pierre-fort-pierre,855.0,https://static.inaturalist.org/projects/122837-icon-span2.jpg?1643145984,"Hughes County, US, SD",44.3890304623,-99.9960499592,154
122710,City Nature Challenge 2022: Chattanooga,city-nature-challenge-2022-chattanooga,107064.0,https://www.inaturalist.org/attachment_defaults/general/span2.png,"DeKalb County, AL, US",34.4597728137,-85.8041414489,1084
123826,City Nature Challenge 2022: Knox Area,city-nature-challenge-2022-knox-area,1699.0,https://static.inaturalist.org/projects/123826-icon-span2.jpg?1640116321,"Anderson County, US, TN",36.1184426465,-84.1984630324,956
122949,City Nature Challenge 2022: Nashville,city-nature-challenge-2022-nashville,2729.0,https://static.inaturalist.org/projects/122949-icon-span2.png?1639178812,"Williamson County, US, TN",35.8937806982,-86.8986034954,809
123775,City Nature Challenge 2022: Greater Memphis Metro Area,city-nature-challenge-2022-greater-memphis-metro-area,933.0,https://static.inaturalist.org/projects/123775-icon-span2.png?1640148616,"Shelby County, TN, US",35.1839961724,-89.8955955699,755
124373,City Nature Challenge 2022: Amarillo,city-nature-challenge-2022-amarillo,121393.0,https://static.inaturalist.org/projects/124373-icon-span2.jpg?1641247149,"Amarillo Metropolitan Area, US, TX",35.3118955778,-101.5751700814,279
122393,City Nature Challenge 2022: Austin,city-nature-challenge-2022-austin,60211.0,https://static.inaturalist.org/projects/122393-icon-span2.jpg?1638392139,"Greater Austin, TX, US",30.3328799812,-97.8079319,2818
123123,City Nature Challenge 2022: Brazos Valley TX,city-nature-challenge-2022-brazos-valley-tx,381.0,https://static.inaturalist.org/projects/123123-icon-span2.jpg?1639417016,"Madison County, TX, US",30.9655385986,-95.9284101089,810
123299,City Nature Challenge 2022: Corpus Christi Area,city-nature-challenge-2022-corpus-christi-area,865.0,https://static.inaturalist.org/projects/123299-icon-span2.jpg?1639522116,"San Patricio County, TX, US",28.0087830727,-97.5182740096,388
124378,City Nature Challenge 2022: Dallas/Fort Worth,city-nature-challenge-2022-dallas-fort-worth,57484.0,https://static.inaturalist.org/projects/124378-icon-span2.jpg?1641248246,"DFW Metroplex, TX, US",32.7435276462,-97.0715475082,3297
124380,City Nature Challenge 2022: El Paso,city-nature-challenge-2022-el-paso,982.0,https://static.inaturalist.org/projects/124380-icon-span2.jpg?1645199369,"El Paso County, TX, US",31.7685507128,-106.2348287294,515
122613,City Nature Challenge 2022: Houston-Galveston,city-nature-challenge-2022-houston-galveston,110679.0,https://static.inaturalist.org/projects/122613-icon-span2.png?1640140748,"Greater Houston Area, US, TX",29.7406407353,-95.347403234,3241
122831,City Nature Challenge 2022: Lower Rio Grande Valley,city-nature-challenge-2022-lower-rio-grande-valley,94019.0,https://static.inaturalist.org/projects/122831-icon-span2.jpg?1639057448,"Lower Rio Grande Valley, US, TX",26.3875737121,-98.0512275428,2085
123335,City Nature Challenge 2022: Lubbock Area,city-nature-challenge-2022-lubbock-area,2737.0,https://static.inaturalist.org/projects/123335-icon-span2.jpg?1639528127,"Lubbock County, TX, US",33.610205543,-101.8205457505,791
122244,"City Nature Challenge 2022: Mustang Island, Texas",city-nature-challenge-2022-mustang-island-texas,131565.0,https://static.inaturalist.org/projects/122244-icon-span2.png?1638894107,"Mustang Island & Surrounding Waters, TX, US",27.7704923982,-97.1019906339,381
124377,City Nature Challenge 2022: San Antonio,city-nature-challenge-2022-san-antonio,121345.0,https://static.inaturalist.org/projects/124377-icon-span2.jpg?1641247719,"Greater San Antonio Metro Area, US, TX",29.4283759955,-98.6028260344,2192
123476,City Nature Challenge 2022 Tyler/East Texas,city-nature-challenge-2022-tyler-east-texas,1521.0,https://www.inaturalist.org/attachment_defaults/general/span2.png,"Anderson County, US, TX",31.8133256714,-95.652547181,1201
124418,City Nature Challenge 2022: Heart of Texas,city-nature-challenge-2022-heart-of-texas,1878.0,https://static.inaturalist.org/projects/124418-icon-span2.jpg?1641310580,"Bell County, US, TX",31.0376717121,-97.4782023946,1572
122714,City Nature Challenge 2022: Utah's Wasatch,city-nature-challenge-2022-utah-s-wasatch,2995.0,https://static.inaturalist.org/projects/122714-icon-span2.png?1638911729,"Box Elder County, US, UT",41.5210175738,-113.0820245951,996
123120,City Nature Challenge 2022: Eastern Shore of Virginia,city-nature-challenge-2022-eastern-shore-of-virginia,1913.0,https://static.inaturalist.org/projects/123120-icon-span2.png?1639417199,"Accomack County, US, VA",37.764939232,-75.7565570334,285
122779,"City Nature Challenge 2022: Charlottesville Region, VA",city-nature-challenge-2022-charlottesville-region-va,2913.0,https://static.inaturalist.org/projects/122779-icon-span2.png?1638988029,"Albemarle County, US, VA",38.0229216145,-78.5565312719,683
123657,City Nature Challenge 2022: Hampton Roads,city-nature-challenge-2022-hampton-roads,13457.0,https://static.inaturalist.org/projects/123657-icon-span2.jpg?1639927592,"Newport News County, US, VA",37.0760676304,-76.5164589978,806
119233,City Nature Challenge 2022: Greater Richmond Region,city-nature-challenge-2022-greater-richmond-region,1660.0,https://static.inaturalist.org/projects/119233-icon-span2.jpg?1635532145,"Amelia County, US, VA",37.3360260407,-77.9761379336,941
122478,City Nature Challenge 2022: Washington DC Metro Area,city-nature-challenge-2022-washington-dc-metro-area,118683.0,https://static.inaturalist.org/projects/122478-icon-span2.jpg?1642540938,"Washington Metropolitan Area, US",38.8334829511,-77.4742858789,2837
123884,City Nature Challenge 2022: Palouse Region,city-nature-challenge-2022-palouse-region,749.0,https://www.inaturalist.org/attachment_defaults/general/span2.png,"Whitman County, US, WA",46.9011702536,-117.5229893828,528
123735,City Nature Challenge 2022: Seattle-Tacoma Metropolitan Area,city-nature-challenge-2022-seattle-tacoma-metropolitan-area,122789.0,https://static.inaturalist.org/projects/123735-icon-span2.jpg?1640034484,Seattle-Tacoma Metropolitan Area,47.5544079453,-121.8650722537,1245
125697,City Nature Challenge 2022: Stellenbosch,city-nature-challenge-2022-stellenbosch,179088.0,https://static.inaturalist.org/projects/125697-icon-span2.jpg?1642948204,Stellenbosch Municipality,-33.9260412809,18.9447705593,899
125809,Reto Naturalista Urbano 2022: Atenco,reto-naturalista-urbano-2022-atenco,37023.0,https://static.inaturalist.org/projects/125809-icon-span2.png?1649787349,"Atenco, MX, MX",19.5456485809,-98.9615707806,82
125829,City Nature Challenge 2022: Grande Curitiba - Brasil,city-nature-challenge-2022-grande-curitiba-brasil,125697.0,https://static.inaturalist.org/projects/125829-icon-span2.png?1650223872,"Curitiba Metropolitan Area, BR",-25.3493583679,-49.3188705496,717
122411,City Nature Challenge 2022: Texas Big Country,city-nature-challenge-2022-texas-big-country,2635.0,https://www.inaturalist.org/attachment_defaults/general/span2.png,"Callahan County, TX, US",32.2976557,-99.3734880839,495
125099,City Nature Challenge 2022: Dresden,city-nature-challenge-2022-dresden,29493.0,https://www.inaturalist.org/attachment_defaults/general/span2.png,"Dresden, SN, DE",51.0664442924,13.7834490742,194
125919,City Nature Challenge 2022 Orange County CA,city-nature-challenge-2022-orange-county-ca,2738.0,https://www.inaturalist.org/attachment_defaults/general/span2.png,"Orange County, US, CA",33.6769131551,-117.7761462442,735
123553,City Nature Challenge 2022: Greater Manhattan Area,city-nature-challenge-2022-greater-manhattan-area,1442.0,https://static.inaturalist.org/projects/123553-icon-span2.jpg?1639692578,"Riley County, KS, US",39.2964629162,-96.7351823042,91
126291,Desafio da Natureza Urbana 2022: Sinop e região,desafio-da-natureza-urbana-2022-sinop-e-regiao,21558.0,https://static.inaturalist.org/projects/126291-icon-span2.png?1643633924,"Sinop, MT, BR",-11.7737810139,-55.4557025575,159
125643,Reto Naturalista Urbano 2022: Cuautitlán Izcalli,reto-naturalista-urbano-2022-cuautitlan-izcalli,37044.0,https://static.inaturalist.org/projects/125643-icon-span2.png?1650938561,"Cuautitlán Izcalli, MX, MX",19.6545491235,-99.2252103927,227
126350,Reto Naturalista Urbano 2022: Tepotzotlán,reto-naturalista-urbano-2022-tepotzotlan,37108.0,https://static.inaturalist.org/projects/126350-icon-span2.png?1650904009,"Tepotzotlán, MX, MX",19.7252131255,-99.3061936811,204
126391,"Reto Naturalista Urbano 2022, Tequixquiac, Edo de México.",reto-naturalista-urbano-2022-tequixquiac-edo-de-mexico,37109.0,https://static.inaturalist.org/projects/126391-icon-span2.jpg?1643686084,"Tequixquiac, MX, MX",19.9046487831,-99.1495851148,46
120360,City Nature Challenge 2022: Rock River Valley (Rockford),city-nature-challenge-2022-rock-river-valley-rockford,2679.0,https://static.inaturalist.org/projects/120360-icon-span2.png?1651321338,"Winnebago County, US, IL",42.3362645273,-89.1608527186,806
126765,City Nature Challenge 2022: Innsbruck,city-nature-challenge-2022-innsbruck,14952.0,https://static.inaturalist.org/projects/126765-icon-span2.jpg?1644332687,"Innsbruck, TR, AT",47.288239123,11.3796795007,751
122272,"City Nature Challenge 2022: Linz, Linz Land & Urfahr Umgebung",city-nature-challenge-2022-linz-linz-land-urfahr-umgebung,14916.0,https://static.inaturalist.org/projects/122272-icon-span2.jpg?1638266921,"Linz, OO, AT",48.2880148448,14.3197848217,413
123121,City Nature Challenge 2022: Wien,city-nature-challenge-2022-wien,129695.0,https://static.inaturalist.org/projects/123121-icon-span2.jpg?1651348806,"Wien exakt, AT",48.2084428798,16.3778432885,1916
124539,"Reto Naturalista Urbano 2022- GAM, Costa Rica",reto-naturalista-urbano-2022-gam-costa-rica,145615.0,https://static.inaturalist.org/projects/124539-icon-span2.png?1643902604,"Gran Area Metropolitana, CR",9.9382337766,-84.0661999889,972
124161,City Nature Challenge 2022: Pend Oreille County,city-nature-challenge-2022-pend-oreille-county,1665.0,https://static.inaturalist.org/projects/124161-icon-span2.png?1644380953,"Pend Oreille County, US, WA",48.5322994482,-117.2739726256,40
126887,City Nature Challenge 2022: Southwest Louisiana,city-nature-challenge-2022-southwest-louisiana,1753.0,https://static.inaturalist.org/projects/126887-icon-span2.JPG?1651332994,"Vernon Parish, LA, US",31.1082936997,-93.1841466986,585
126580,City Nature Challenge 2022: Madison,city-nature-challenge-2022-madison,496.0,https://www.inaturalist.org/attachment_defaults/general/span2.png,"Dane County, US, WI",43.0674055874,-89.4183351593,518
126581,City Nature Challenge 2022: Milwaukee Metro Area,city-nature-challenge-2022-milwaukee-metro-area,546.0,https://www.inaturalist.org/attachment_defaults/general/span2.png,"Milwaukee County, US, WI",43.0154577694,-87.5805572673,563
126906,Desafio da Natureza Urbana - Poconé,desafio-da-natureza-urbana-pocone,21529.0,https://static.inaturalist.org/projects/126906-icon-span2.png?1644318700,"Poconé, MT, BR",-16.7847242071,-56.9488652757,123
126400,City Nature Challenge 2022: Joburg,city-nature-challenge-2022-joburg,51302.0,https://static.inaturalist.org/projects/126400-icon-span2.JPG?1647500112,"Ekurhuleni, GT, ZA",-26.3117012112,28.3959818316,586
126954,City Nature Challenge 2022: Northern Colorado,city-nature-challenge-2022-northern-colorado,1808.0,https://static.inaturalist.org/projects/126954-icon-span2.jpg?1644364543,"Larimer County, CO, US",40.6664170878,-105.4611442623,297
120573,"Reto Mundial Naturalista 2022: Cuernavaca, Morelos y área metropolitana",reto-mundial-naturalista-2022-cuernavaca-morelos-y-area-metropolitana,37253.0,https://static.inaturalist.org/projects/120573-icon-span2.png?1636164823,"Cuernavaca, MX, MR",18.9388781215,-99.2630276485,899
125414,Reto Naturalista Urbano Puebla 2022 (CNC 2022),reto-naturalista-urbano-puebla-2022-cnc-2022,37394.0,https://static.inaturalist.org/projects/125414-icon-span2.jpg?1647997102,"Amozoc, MX, PU",19.0472762514,-98.0531078413,706
127177,"Desafío Naturaleza Urbana - Galápagos, Ecuador 2022",desafio-naturaleza-urbana-galapagos-ecuador-2022,12990.0,https://static.inaturalist.org/projects/127177-icon-span2.jpg?1651624927,"Galápagos, EC",-0.497108084,-90.7972723578,58
123833,City Nature Challenge 2022: Klagenfurt,city-nature-challenge-2022-klagenfurt,14878.0,https://static.inaturalist.org/projects/123833-icon-span2.png?1640121744,"Klagenfurt Land, KA, AT",46.5692647319,14.2901400612,193
121870,Reto Naturalista Urbano 2023 Centro Sur Chihuahua Octubre 6 al 9,reto-naturalista-urbano-2023-centro-sur-chihuahua-octubre-6-al-9,101513.0,https://static.inaturalist.org/projects/121870-icon-span2.jpg?1696526648,"Meoqui, MX, CH",28.3506235878,-105.5014635521,505
124540,CNC 2022 Ciudad de México,cnc-2022-ciudad-de-mexico,59014.0,https://www.inaturalist.org/attachment_defaults/general/span2.png,"Distrito Federal, MX",19.2768896365,-99.1394111886,1384
127561,"Reto Naturalista Urbano 2022: Manzanillo, Armería",reto-naturalista-urbano-2022-manzanillo-armeria,101596.0,https://static.inaturalist.org/projects/127561-icon-span2.jpg?1645302088,"Manzanillo, CL, MX",19.1323595345,-105.1733251205,136
127560,"Reto Naturalista Urbano 2022: Colima, Villa de Álvarez",reto-naturalista-urbano-2022-colima-villa-de-alvarez,101592.0,https://static.inaturalist.org/projects/127560-icon-span2.jpg?1645153081,"Colima, CL, MX",19.1160960938,-103.63266776,69
119517,"City Nature Challenge 2022: Gloucestershire, UK",city-nature-challenge-2022-gloucestershire-uk,30344.0,https://static.inaturalist.org/projects/119517-icon-span2.PNG?1635399923,"Gloucestershire, England, GB",51.8201309551,-2.1241431899,279
125916,Reto Naturalista Pereira-Área Metropolitana 2022,reto-naturalista-pereira-area-metropolitana-2022,148151.0,https://static.inaturalist.org/projects/125916-icon-span2.png?1650284621,"Pereira CNC boundary 1, RI, CO",4.7811841062,-75.7119485181,559
128075,City Nature Challenge 2022: Osnabrück Stadt / Land,city-nature-challenge-2022-osnabrueck-stadt-land,98525.0,https://static.inaturalist.org/projects/128075-icon-span2.jpg?1645819535,"Osnabrück, DE, NI",52.3816139244,8.0451573423,300
126065,City Nature Challenge 2022: Southern Overberg,city-nature-challenge-2022-southern-overberg,179304.0,https://static.inaturalist.org/projects/126065-icon-span2.jpg?1643281730," Cape Agulhas Municipality, WC, ZA",-34.4981305671,20.0580558871,750
123115,2022 City Nature Challenge: Fairfield and Westchester County,2022-city-nature-challenge-fairfield-and-westchester-county,155256.0,https://static.inaturalist.org/projects/123115-icon-span2.jpg?1639406674,Westchester-NY-Fairfield-CT,41.2039195211,-73.5025311875,703
129434,City Nature Challenge 2022 Lewiston Auburn,city-nature-challenge-2022-lewiston-auburn,2157.0,https://www.inaturalist.org/attachment_defaults/general/span2.png,"Androscoggin County, US, ME",44.1658484313,-70.2064449982,40
129437,"City Nature Challenge 2022 Hollywood, FL",city-nature-challenge-2022-hollywood-fl,82621.0,https://www.inaturalist.org/attachment_defaults/general/span2.png,"Hollywood, FL, US",26.010401,-80.16008,945
128282,City Nature Challenge 2022: Red Deer Area,city-nature-challenge-2022-red-deer-area,164866.0,https://static.inaturalist.org/projects/128282-icon-span2.png?1646111450,"Red Deer County, AB, CA",52.1122672177,-113.7930076406,220
106325,"City Nature Challenge 2022: Richmond, BC",city-nature-challenge-2022-richmond-bc,130244.0,https://static.inaturalist.org/projects/106325-icon-span2.jpg?1646167518,"Richmond, BC, CA",49.159485428,-123.1027966237,381
125923,Reto Naturalista Sabana de Bogotá 2022,reto-naturalista-sabana-de-bogota-2022,181589.0,https://static.inaturalist.org/projects/125923-icon-span2.png?1651068991,"Sesquilé_RNU, CU",5.0088380918,-73.781949946,860
127994,Reto Naturalista 2024 - Santiago de Cali,reto-naturalista-2024-santiago-de-cali,146796.0,https://static.inaturalist.org/projects/127994-icon-span2.png?1648480548,"Municipio de Santiago de Cali, VC, CO",3.399106254,-76.576289489,450
124846,City Nature Challenge 2022: Frankfurt am Main,city-nature-challenge-2022-frankfurt-am-main,98470.0,https://static.inaturalist.org/projects/124846-icon-span2.jpg?1641901176,"Frankfurt am Main, HE, DE",50.117968104,8.6441903945,883
125960,Reto Naturalista 2022 San José Iturbide Guanajuato,reto-naturalista-2022-san-jose-iturbide-guanajuato,36714.0,https://static.inaturalist.org/projects/125960-icon-span2.jpg?1647347852,"San José Iturbide, GJ, MX",21.0023217842,-100.3885917145,68
128426,Reto Naturalista Urbano 2022: Chiriquí,reto-naturalista-urbano-2022-chiriqui,13152.0,https://www.inaturalist.org/attachment_defaults/general/span2.png,"Chiriquí, PA",8.4017323412,-82.3695887233,1438
128374,Reto Naturalista Urbano 2022:COLÓN,reto-naturalista-urbano-2022-colon,13153.0,https://www.inaturalist.org/attachment_defaults/general/span2.png,"Colón, PA",9.2295086724,-80.0021875179,328
128375,Reto Naturalista Urbano 2022: Guna Yala,reto-naturalista-urbano-2022-guna-yala,11525.0,https://www.inaturalist.org/attachment_defaults/general/span2.png,"Kuna Yala, PA",9.2386880527,-78.3255732303,10
128378,Reto Naturalista Urbano 2022:  Panama Oeste,reto-naturalista-urbano-2022-panama-oeste,97127.0,https://www.inaturalist.org/attachment_defaults/general/span2.png,"Panamá Oeste, PA",8.7854133314,-79.8470322635,616
128425,Reto Naturalista Urbano 2022: Veraguas,reto-naturalista-urbano-2022-veraguas,13158.0,https://www.inaturalist.org/attachment_defaults/general/span2.png,"Veraguas, PA",7.9824476412,-81.2022258999,438
128219,City Nature Challenge 2022: Colorado Springs,city-nature-challenge-2022-colorado-springs,118202.0,https://static.inaturalist.org/projects/128219-icon-span2.png?1646056867,"Colorado Springs Parks, CO, US",38.8427183251,-104.7783870141,324
128243,City Nature Challenge 2022: Greater Des Moines Metro,city-nature-challenge-2022-greater-des-moines-metro,1582.0,https://www.inaturalist.org/attachment_defaults/general/span2.png,"Polk County, IA, US",41.6855048253,-93.5735335443,55
95964,"City Nature Challenge - Martinsville-Henry County, Virginia",city-nature-challenge-martinsville-henry-county-virginia,13445.0,https://www.inaturalist.org/attachment_defaults/general/span2.png,"Martinsville County, US, VA",36.682658552,-79.8636317715,260
127629,City Nature Challenge 2022: Davao City,city-nature-challenge-2022-davao-city,26289.0,https://static.inaturalist.org/projects/127629-icon-span2.png?1650699690,"Davao City, PH, DS",7.2412628906,125.4321201394,728
128176,CNC 2022 (Biomaratón de Primavera) - Valencia de Don Juan,cnc-2022-biomaraton-de-primavera-valencia-de-don-juan,153571.0,https://static.inaturalist.org/projects/128176-icon-span2.png?1645982967,Valencia de Don Juan,42.2832321532,-5.5009220434,65
128959,"Competencia Natural de la Ciudad 2022: Salta, La Merced y alrededores",competencia-natural-de-la-ciudad-2022-salta-la-merced-y-alrededores,14465.0,https://static.inaturalist.org/projects/128959-icon-span2.png?1646861482,"Capital, SA, AR",-24.9000470243,-65.2718152188,267
128950,Competencia Natural de la Ciudad 2022:  Ushuaia y alrededores,competencia-natural-de-la-ciudad-2022-ushuaia-y-alrededores,147390.0,https://static.inaturalist.org/projects/128950-icon-span2.png?1646861879,"Dpto Ushuaia-actualizado, TF, AR",-54.7704623704,-66.683716228,180
127991,"Desafio Mundial da Natureza Urbana 2022: Manaus e Região Metropolitana, AM, Brasil.",desafio-mundial-da-natureza-urbana-2022-manaus-e-regiao-metropolitana-am-brasil,158313.0,https://static.inaturalist.org/projects/127991-icon-span2.jpg?1645713305,"Manaus - município, AM, BR",-2.6262055463,-60.2594991723,105
123111,City Nature Challenge 2022: Paris - Île de France,city-nature-challenge-2022-paris-ile-de-france,10577.0,https://static.inaturalist.org/projects/123111-icon-span2.png?1646749699,"Île-de-France, FR",48.7092290659,2.5034728075,1351
128934,"Reto Mundial Naturalista 2022: Huichapan, Hidalgo",reto-mundial-naturalista-2022-huichapan-hidalgo,36832.0,https://www.inaturalist.org/attachment_defaults/general/span2.png,"Huichapan, HI, MX",20.3838171174,-99.6807343361,158
128507,City Nature Challenge 2022: Te Matau-a-Māui - Hawke's Bay,city-nature-challenge-2022-te-matau-a-maui-hawke-s-bay,11509.0,https://static.inaturalist.org/projects/128507-icon-span2.png?1646340678,"Hawke's Bay, NZ",-39.4209422112,176.8537639553,446
128918,Reto Naturalista Urbano 2022: Bocas del Toro,reto-naturalista-urbano-2022-bocas-del-toro,11521.0,https://www.inaturalist.org/attachment_defaults/general/span2.png,"Bocas del Toro, PA",9.2240419646,-82.4865930036,618
128919,Reto Naturalista Urbano 2022: Coclé,reto-naturalista-urbano-2022-cocle,11522.0,https://www.inaturalist.org/attachment_defaults/general/span2.png,"Coclé, PA",8.5375229887,-80.4170250581,381
128920,Reto Naturalista Urbano 2022: Embera Wounaan,reto-naturalista-urbano-2022-embera-wounaan,11523.0,https://www.inaturalist.org/attachment_defaults/general/span2.png,"Emberá, PA",8.232835672,-77.7650470861,1
128922,Reto Naturalista Urbano 2022: Ngabe Bugle,reto-naturalista-urbano-2022-ngabe-bugle,152758.0,https://www.inaturalist.org/attachment_defaults/general/span2.png,Comarca Ngabe-Buglé,8.6701593242,-81.7786501861,1
128379,Reto Naturalista Urbano 2022: Herrera,reto-naturalista-urbano-2022-herrera,11524.0,https://www.inaturalist.org/attachment_defaults/general/span2.png,"Herrera, PA",7.8618398072,-80.6900795112,210
128923,Reto Naturalista Urbano 2022: Los Santos,reto-naturalista-urbano-2022-los-santos,11526.0,https://www.inaturalist.org/attachment_defaults/general/span2.png,"Los Santos, PA",7.5811721824,-80.3475357935,38
122893,City Nature Challenge 2022: Lancashire,city-nature-challenge-2022-lancashire,138194.0,https://static.inaturalist.org/projects/122893-icon-span2.png?1639134078,Lancashire Environment Record Network,53.8474720207,-2.7477679956,972
129083,CNC 2022: S/M OLD,cnc-2022-s-m-old,2034.0,https://static.inaturalist.org/projects/129083-icon-span2.png?1647010806,"Sarasota County, US, FL",27.1824778166,-82.3649735259,1438
128942,City Nature Challenge: Loja Biodiversa 2022,city-nature-challenge-loja-biodiversa-2022,146787.0,https://static.inaturalist.org/projects/128942-icon-span2.jpg?1650927177,"Loja y sus alrededores, LJ, EC",-3.9875011751,-79.1971285064,473
125027,City Nature Challenge 2022: Bulawayo,city-nature-challenge-2022-bulawayo,48744.0,https://static.inaturalist.org/projects/125027-icon-span2.gif?1641994137,"Bulawayo, BU, ZW",-20.1405917948,28.5481146936,419
128974,City Nature Challenge 2022: Harare,city-nature-challenge-2022-harare,48745.0,https://static.inaturalist.org/projects/128974-icon-span2.jpg?1649473799,"Harare, HA, ZW",-17.8593283575,31.0650446722,278
130237,City Nature Challenge 2022: Athens,city-nature-challenge-2022-athens,52757.0,https://static.inaturalist.org/projects/130237-icon-span2.jpg?1648248651,"Attica, Attica, GR",37.5842309205,23.5359877276,309
130238,City Nature Challenge 2022: Larisa,city-nature-challenge-2022-larisa,30834.0,https://static.inaturalist.org/projects/130238-icon-span2.jpg?1648249375,"Larisa, GR",39.6438645,22.407473,169
123539,City Nature Challenge 2022:  City of St. Catharines,city-nature-challenge-2022-city-of-st-catharines-288b6450-af61-4a52-86a9-5051854728dc,167136.0,https://www.inaturalist.org/attachment_defaults/general/span2.png,"St. Catharines Urban Boundary, ON, CA",43.1687247653,-79.2372191069,145
122347,City Nature Challenge 2022:Northeast Tennessee,city-nature-challenge-2022-northeast-tennessee,793.0,https://static.inaturalist.org/projects/122347-icon-span2.JPG?1648734319,"Johnson County, US, TN",36.4549363188,-81.8517549301,957
130383,Competencia Natural de la Ciudad 2022: AMBA - SUR,competencia-natural-de-la-ciudad-2022-amba-sur,14087.0,https://static.inaturalist.org/projects/130383-icon-span2.png?1648426776,"Almirante Brown, BA, AR",-34.8386144669,-58.368312809,381
130288,"Competencia Natural de la Ciudad 2022:  Bahía Blanca, Cabildo y alrededores",competencia-natural-de-la-ciudad-2022-bahia-blanca-cabildo-y-alrededores,48826.0,https://static.inaturalist.org/projects/130288-icon-span2.png?1648327431,"Bahía Blanca, BA, AR",-38.5834924944,-62.1716449971,19
130290,Competencia Natural de la Ciudad 2022:  General Las Heras y alrededores,competencia-natural-de-la-ciudad-2022-general-las-heras-y-alrededores,14130.0,https://static.inaturalist.org/projects/130290-icon-span2.png?1648328380,"General Las Heras, BA, AR",-34.9119964136,-58.999445637,22
130385,Competencia Natural de la Ciudad 2022: AMBA-OESTE,competencia-natural-de-la-ciudad-2022-amba-oeste,14136.0,https://static.inaturalist.org/projects/130385-icon-span2.png?1648427506,"General San Martín, BA, AR",-34.5574982641,-58.5647988968,44
130384,Competencia Natural de la Ciudad 2022: AMBA-NORTE,competencia-natural-de-la-ciudad-2022-amba-norte,176903.0,https://static.inaturalist.org/projects/130384-icon-span2.png?1648427273,"San Miguel, BA, AR",-34.5522506217,-58.6915738833,56
130284,Competencia Natural de la Ciudad 2022: La Plata y Costa sur del Río de La Plata,competencia-natural-de-la-ciudad-2022-la-plata-y-costa-sur-del-rio-de-la-plata,14145.0,https://static.inaturalist.org/projects/130284-icon-span2.png?1649458267,"La Plata, BA, AR",-35.0040483978,-58.0187991551,201
130291,Competencia Natural de la Ciudad 2022: Mercedes y alrededores,competencia-natural-de-la-ciudad-2022-mercedes-y-alrededores,14159.0,https://static.inaturalist.org/projects/130291-icon-span2.png?1648328934,"Mercedes, BA, AR",-34.7009092632,-59.4277864876,11
130292,Competencia Natural de la Ciudad 2022: Rivadavia y alrededores,competencia-natural-de-la-ciudad-2022-rivadavia-y-alrededores,14180.0,https://static.inaturalist.org/projects/130292-icon-span2.png?1648329717,"Rivadavia, BA, AR",-35.5849076494,-63.0945818226,178
130286,Competencia Natural de la Ciudad 2022:  Resistencia y alrededores,competencia-natural-de-la-ciudad-2022-resistencia-y-alrededores,14245.0,https://static.inaturalist.org/projects/130286-icon-span2.png?1648326757,"San Fernando, CC, AR",-27.7106469042,-59.1242390247,88
130382,Competencia Natural de al Ciudad 2022: Ciudad de Buenos Aires,competencia-natural-de-al-ciudad-2022-ciudad-de-buenos-aires,10434.0,https://static.inaturalist.org/projects/130382-icon-span2.png?1648426223,"Ciudad de Buenos Aires, AR",-34.6002241444,-58.4204964846,423
130295,Competencia Natural de la Ciudad 2022: Córdoba y alrededores,competencia-natural-de-la-ciudad-2022-cordoba-y-alrededores,14266.0,https://static.inaturalist.org/projects/130295-icon-span2.png?1648335634,"Capital, CB, AR",-31.421361153,-64.188518477,24
130293,Competencia Natural de la Ciudad 2022: Villa María - Villa Nueva,competencia-natural-de-la-ciudad-2022-villa-maria-villa-nueva,14270.0,https://static.inaturalist.org/projects/130293-icon-span2.png?1648330966,"General San Martín, CB, AR",-32.5171547142,-63.2598231533,1
130297,"Competencia Natural de la Ciudad 2022: Corrientes, San Cosme y alrededores",competencia-natural-de-la-ciudad-2022-corrientes-san-cosme-y-alrededores,14309.0,https://static.inaturalist.org/projects/130297-icon-span2.png?1648336513,"San Cosme, CN, AR",-27.3749313705,-58.5116464761,25
130299,"Competencia Natural de la Ciudad 2022:  San Miguel, Loreto y alrededores",competencia-natural-de-la-ciudad-2022-san-miguel-loreto-y-alrededores,14312.0,https://static.inaturalist.org/projects/130299-icon-span2.png?1648337078,"San Miguel, CN, AR",-27.8725716083,-57.4236311329,21
130300,"Compentencia Natural de la Ciudad 2022: San Roque, Chavarría, Pedro R. Fernández y alrededores",compentencia-natural-de-la-ciudad-2022-san-roque-chavarria-pedro-r-fernandez-y-alrededores,14313.0,https://static.inaturalist.org/projects/130300-icon-span2.png?1648337916,"San Roque, CN, AR",-28.7070542227,-58.6048215944,10
130350,Competencia Natural de la Ciudad 2022:  Paraná,competencia-natural-de-la-ciudad-2022-parana,14328.0,https://static.inaturalist.org/projects/130350-icon-span2.png?1648408425,"Paraná, ER, AR",-31.6884048078,-60.0516470373,63
130351,Competencia Natural de la Ciudad 2022:  Tala,competencia-natural-de-la-ciudad-2022-tala,14329.0,https://static.inaturalist.org/projects/130351-icon-span2.png?1648408643,"Tala, ER, AR",-32.3092943086,-59.2792573833,5
130352,Competencia Natural de la Ciudad 2022: Formosa y alrededores,competencia-natural-de-la-ciudad-2022-formosa-y-alrededores,14334.0,https://static.inaturalist.org/projects/130352-icon-span2.png?1648409422,"Formosa, FM, AR",-25.9397942908,-58.3760419155,100
130353,Competencia Natural de la Ciudad 2022: Ingeniero Guillermo Juárez y alrededores,competencia-natural-de-la-ciudad-2022-ingeniero-guillermo-juarez-y-alrededores,14336.0,https://static.inaturalist.org/projects/130353-icon-span2.png?1648409751,"Matacos, FM, AR",-23.8553846126,-62.0792648066,38
130354,Competencia Natural de la Ciudad 2022: San Salvador de Jujuy y alrededores,competencia-natural-de-la-ciudad-2022-san-salvador-de-jujuy-y-alrededores,14342.0,https://static.inaturalist.org/projects/130354-icon-span2.png?1648410041,"Capital, JY, AR",-24.0922419046,-65.4211260208,47
130362,Compentencia Natural de la Ciudad 2022: Puelén y alrededores,compentencia-natural-de-la-ciudad-2022-puelen-y-alrededores,175906.0,https://static.inaturalist.org/projects/130362-icon-span2.png?1648413780,"Puelen, LP, AR",-37.1507881656,-67.6690149829,24
130358,Competencia Natural de la Ciudad 2022:  Santa Rosa y alrededores,competencia-natural-de-la-ciudad-2022-santa-rosa-y-alrededores,14360.0,https://static.inaturalist.org/projects/130358-icon-span2.png?1648410967,"Capital, LP, AR",-36.5045071057,-64.1894997969,7
130363,Compentencia Natural de la Ciudad 2022: Toay y alrededores,compentencia-natural-de-la-ciudad-2022-toay-y-alrededores,175904.0,https://static.inaturalist.org/projects/130363-icon-span2.png?1648414131,"Toay, LP, AR",-36.6824036571,-64.719652008,6
130287,Competencia Natural de la Ciudad 2022: Montecarlo y alrededores,competencia-natural-de-la-ciudad-2022-montecarlo-y-alrededores,14427.0,https://static.inaturalist.org/projects/130287-icon-span2.png?1648326986,"Montecarlo, MN, AR",-26.6559637775,-54.561446114,37
130368,Competencia Natural de la Ciudad 2022: Oberá y alrededores,competencia-natural-de-la-ciudad-2022-obera-y-alrededores,14428.0,https://static.inaturalist.org/projects/130368-icon-span2.png?1648416009,"Oberá, MN, AR",-27.4724011404,-55.0692468251,32
130370,Competencia Natural de la Ciudad 2022: Neuquén y alrededores,competencia-natural-de-la-ciudad-2022-neuquen-y-alrededores,14438.0,https://static.inaturalist.org/projects/130370-icon-span2.png?1648416949,"Confluencia, NQ, AR",-38.8431767524,-68.8169068528,6
130371,"Competencia Natural de la Ciudad 2022: General Roca, Catriel y alrededores",competencia-natural-de-la-ciudad-2022-general-roca-catriel-y-alrededores,14454.0,https://static.inaturalist.org/projects/130371-icon-span2.png?1648417404,"General Roca, RN, AR",-38.5341292742,-67.5507892869,97
130003,Competencia Natural de la Ciudad 2022: San Luis Capital y sus alrededores,competencia-natural-de-la-ciudad-2022-san-luis-capital-y-sus-alrededores,14510.0,https://static.inaturalist.org/projects/130003-icon-span2.png?1650390242,"La Capital, SL, AR",-33.8161527909,-66.5248731987,3
130379,Competencia Natural de la Ciudad 2022: Esperanza y alrededores,competencia-natural-de-la-ciudad-2022-esperanza-y-alrededores,14528.0,https://static.inaturalist.org/projects/130379-icon-span2.png?1648424317,"Las Colonias, SF, AR",-31.319330638,-61.1245359398,188
130374,"Competencia Natural de la Ciudad 2022: Rosario, San Lorenzo y alrededores",competencia-natural-de-la-ciudad-2022-rosario-san-lorenzo-y-alrededores,14535.0,https://static.inaturalist.org/projects/130374-icon-span2.png?1648419401,"San Lorenzo, SF, AR",-32.947222833,-60.9736206277,8
130378,"Competencia Natural de la Ciudad 2022: Santa Fé, Llambí Campbell y alrededores",competencia-natural-de-la-ciudad-2022-santa-fe-llambi-campbell-y-alrededores,14527.0,https://static.inaturalist.org/projects/130378-icon-span2.png?1648423605,"La Capital, SF, AR",-31.4830786764,-60.6819473772,367
130380,Compentencia Natural de la Ciudad 2022:  La Banda y alrededores,compentencia-natural-de-la-ciudad-2022-la-banda-y-alrededores,14542.0,https://static.inaturalist.org/projects/130380-icon-span2.jpg?1650925683,"Banda, SE, AR",-27.4502137757,-64.2210272127,32
130381,Compentencia Natural de la Ciudad 2022:  Río Grande y alrededores,compentencia-natural-de-la-ciudad-2022-rio-grande-y-alrededores,147392.0,https://static.inaturalist.org/projects/130381-icon-span2.jpg?1651019321,"Dpto Rio Grande-actualizado, TF, AR",-53.7462919872,-68.1361046547,21
129685,"Desafio da Natureza Urbana 2022: Grande Porto Alegre - RS, Brasil",desafio-da-natureza-urbana-2022-grande-porto-alegre-rs-brasil,23936.0,https://static.inaturalist.org/projects/129685-icon-span2.jpg?1648672304,"Alvorada, RS, BR",-29.9950352468,-51.037290438,56
124527,City Nature Challenge 2022: Trieste,city-nature-challenge-2022-trieste,33134.0,https://static.inaturalist.org/projects/124527-icon-span2.png?1641497554,"Trieste, Friuli-Venezia Giulia, IT",45.6932581455,13.7414616513,30
123511,"""City Nature Challenge 2023: Trento"" Cluster Biodiversità Italia",city-nature-challenge-2023-trento-cluster-biodiversita-italia,154558.0,https://static.inaturalist.org/projects/123511-icon-span2.jpg?1647256261,Biodistretto Comune di Trento,46.0612090349,11.1340233347,147
128874,Reto Naturalista Urbano 2022: Naucalpan,reto-naturalista-urbano-2022-naucalpan,37072.0,https://www.inaturalist.org/attachment_defaults/general/span2.png,"Naucalpan de Juárez, MX, MX",19.4712531459,-99.2926053941,65
130479,"Reto Naturalista Urbano 2022: Sisal, Yucatán",reto-naturalista-urbano-2022-sisal-yucatan,157065.0,https://static.inaturalist.org/projects/130479-icon-span2.png?1648669245,"Costa de Sisal, YU, MX",21.1844555,-90.0985095,132
125231,"Reto Naturalista Urbano 2022: Chihuahua, Chihuahua",reto-naturalista-urbano-2022-chihuahua-chihuahua,36528.0,https://static.inaturalist.org/projects/125231-icon-span2.png?1642289415,"Chihuahua, MX, CH",29.0005522339,-106.2325258718,161
123852,City Nature Challenge 2022: Te Whanganui-a-Tara / Wellington,city-nature-challenge-2022-te-whanganui-a-tara-wellington,168272.0,https://static.inaturalist.org/projects/123852-icon-span2.png?1649040895,"Wellington City and Sea, WG, NZ",-41.2601114828,174.7372189092,1675
129183,City Nature Challenge 2022: Rivas,city-nature-challenge-2022-rivas,6926.0,https://static.inaturalist.org/projects/129183-icon-span2.png?1647185544,"Rivas, NI",11.3825318613,-85.8523081274,2
128900,City Nature Challenge 2022: Port Harcourt/Iwofe,city-nature-challenge-2022-port-harcourt-iwofe,49426.0,https://static.inaturalist.org/projects/128900-icon-span2.jpg?1646851455,"Port Harcourt, RI, NG",4.7477512082,7.0350868381,128
126448,City Nature Challenge 2022: Thohoyandou,city-nature-challenge-2022-thohoyandou,48498.0,https://static.inaturalist.org/projects/126448-icon-span2.jpg?1647104412,"Thohoyandou, NP, ZA",-22.738535,30.678206,303
129335,City Nature Challenge 2022: Kimberley,city-nature-challenge-2022-kimberley,48566.0,https://www.inaturalist.org/attachment_defaults/general/span2.png,"Kimberley, NC, ZA",-28.7219725,24.383444,234
130195,City Nature Challenge 2022: Ukraine,city-nature-challenge-2022-ukraine,8860.0,https://static.inaturalist.org/projects/130195-icon-span2.png?1651087232,Ukraine,48.9511531071,31.4499159404,1760
126598,City Nature Challenge 2022: O‘ahu,city-nature-challenge-2022-o-ahu,6693.0,https://www.inaturalist.org/attachment_defaults/general/span2.png,"Oahu, HI, US",21.496265,-157.96006,581
124580,CNC 2022: Napoli (Cluster Biodiversità Italia),cnc-2022-napoli-cluster-biodiversita-italia,33121.0,https://www.inaturalist.org/attachment_defaults/general/span2.png,"Napoli, Campania, IT",40.7772899821,14.267521248,158
109581,City Nature Challenge 2022: Tāmaki Makaurau/Auckland,city-nature-challenge-2022-tamaki-makaurau-auckland,83350.0,https://static.inaturalist.org/projects/109581-icon-span2.JPG?1624301421,"Auckland Ecological Region, NZ",-36.7964447844,174.761168821,593
109617,City Nature Challenge 2022: Kirikiriroa/Hamilton,city-nature-challenge-2022-kirikiriroa-hamilton,83451.0,https://www.inaturalist.org/attachment_defaults/general/span2.png,"Hamilton Ecological District, NZ",-37.7832991505,175.3115494868,280
23563,"City Nature Challenge - Défi Nature Urbaine 2022: Yellowknife, NT Canada",city-nature-challenge-defi-nature-urbaine-2022-yellowknife-nt-canada,176982.0,https://static.inaturalist.org/projects/23563-icon-span2.jpg?1634330089,"Yellowknife, NT, CA",62.4714186946,-114.4062487178,52
128774,Biomaratón CNC 2022: Guadarrama,biomaraton-cnc-2022-guadarrama,162925.0,https://static.inaturalist.org/projects/128774-icon-span2.jpg?1650908906,Guadarrama,40.6773048346,-4.1099859371,103
130135,Biomaratón CNC 2022 Lagunas de Ambroz,biomaraton-cnc-2022-lagunas-de-ambroz,165695.0,https://static.inaturalist.org/projects/130135-icon-span2.JPG?1648674359,Lagunas de Ambroz y su Entorno,40.4263757928,-3.5878138445,183
130459,Smile Surallah Nature Challenge 2023,smile-surallah-nature-challenge-2023,17674.0,https://www.inaturalist.org/attachment_defaults/general/span2.png,"Surallah, PH, SC",6.3172874848,124.723862883,15
130150,Reto Naturalista Urbano 2022 - Cadereyta de Montes,reto-naturalista-urbano-2022-cadereyta-de-montes,101492.0,https://static.inaturalist.org/projects/130150-icon-span2.jpg?1649226207,"Cadereyta de Montes, MX, QE",20.79138473,-99.6570260554,26
130651,"CNC2022 Cd. del Carmen y ANP LT, Camp",cnc2022-cd-del-carmen-y-anp-lt-camp,55279.0,https://www.inaturalist.org/attachment_defaults/general/span2.png,"Área de Protección de Flora y Fauna Laguna de Términos, CM, MX",18.6283881159,-91.7651473074,311
130663,"Reto Naturalista Urbano 2022: Copalita, Oaxaca",reto-naturalista-urbano-2022-copalita-oaxaca,189547.0,https://static.inaturalist.org/projects/130663-icon-span2.png?1679971143,Socioecosistema Copalita,15.9595076656,-96.2190058286,163
130655,"Reto Naturalista Urbano 2022: Agiabampo, Sonora",reto-naturalista-urbano-2022-agiabampo-sonora,82597.0,https://static.inaturalist.org/projects/130655-icon-span2.png?1648670105,"Sistema lagunar Agiabampo – Bacorehuis – Río Fuerte Antiguo., SI, MX",26.217353066,-109.2294704601,3
130662,Reto Naturalista Urbano 2022: Dos Bocas,reto-naturalista-urbano-2022-dos-bocas,37776.0,https://static.inaturalist.org/projects/130662-icon-span2.png?1648671862,"Paraíso, TB, MX",18.4122407513,-93.2444939175,3
130661,"Reto Naturalista Urbano 2022: Celestún, Yucatán",reto-naturalista-urbano-2022-celestun-yucatan,172691.0,https://static.inaturalist.org/projects/130661-icon-span2.png?1648671719,Celestún OCR Lanresc,20.8229286088,-90.3681369289,18
130434,"Desafio da Natureza Urbana 2022: Litoral do Pará, Brasil",desafio-da-natureza-urbana-2022-litoral-do-para-brasil,22523.0,https://www.inaturalist.org/attachment_defaults/general/span2.png,"Bragança, PA, BR",-1.1470390882,-46.7526382135,8
131025,"RETO NATURALISTA URBANO 2022, ACUÑA, COAH",reto-naturalista-urbano-2022-acuna-coah,101530.0,https://static.inaturalist.org/projects/131025-icon-span2.jpg?1649043920,"Acuña, MX, CP",29.4325658286,-102.0101356056,86
131024,RETO NATURALISTA URBANO 2022 SALTILLO COAH,reto-naturalista-urbano-2022-saltillo-coah,101481.0,https://static.inaturalist.org/projects/131024-icon-span2.jpg?1649043054,"Saltillo, MX, CP",25.0291475928,-101.1251086924,230
121977,City Nature Challenge 2022: Graz,city-nature-challenge-2022-graz,14938.0,https://static.inaturalist.org/projects/121977-icon-span2.jpg?1640120638,"Graz, ST, AT",47.0738932723,15.4359391491,2832
123835,City Nature Challenge 2022: Bregenz,city-nature-challenge-2022-bregenz,14961.0,https://static.inaturalist.org/projects/123835-icon-span2.png?1640123707,"Bregenz, VO, AT",47.3999343348,9.9438834834,12
131090,Reto Naturalista Urbano: El Salvador 2022,reto-naturalista-urbano-el-salvador-2022,7563.0,https://www.inaturalist.org/attachment_defaults/general/span2.png,El Salvador,13.6936271105,-88.8567451918,448
117928,"City Nature Challenge 2022: Whitehorse, YT, Canada",city-nature-challenge-2022-whitehorse-yt-canada,152703.0,https://www.inaturalist.org/attachment_defaults/general/span2.png,"Yukon Backyard Bioblitz 2020 - Whitehorse East, YT, CA",60.7366867425,-135.0123573131,65
131111,Reto Naturalista Urbano 2022: Ciudad de Panamá y San Miguelito,reto-naturalista-urbano-2022-ciudad-de-panama-y-san-miguelito,40670.0,https://static.inaturalist.org/projects/131111-icon-span2.png?1649739433,"San Miguelito, PA, PN",9.0591860013,-79.4841163142,1214
127439,Kinta Valley / Ipoh City Council,kinta-valley-ipoh-city-council,39071.0,https://static.inaturalist.org/projects/127439-icon-span2.jfif?1645001952,"Kinta, MY, PK",4.5151019616,101.1576296652,7
128400,Reto naturalista Urbano 2022 Darien,reto-naturalista-urbano-2022-darien,13154.0,https://static.inaturalist.org/projects/128400-icon-span2.jpg?1646228519,"Darién, PA",8.1474659939,-77.9551357756,12
128406,Reto Naturalista Urbano Panama Este (Torti-Chiman) 2022,reto-naturalista-urbano-panama-este-torti-chiman-2022,49441.0,https://static.inaturalist.org/projects/128406-icon-span2.png?1646236453,"Chepo, PA, PN",9.0971755661,-78.6633042641,22
130179,"City Nature Challenge 2022: Rochester, NY",city-nature-challenge-2022-rochester-ny,131268.0,https://static.inaturalist.org/projects/130179-icon-span2.png?1648210782,"Greater Rochester Area, NY, USA",43.1522312536,-77.6322868999,196
131072,Reto Naturalista Urbano Cajamarca 2022,reto-naturalista-urbano-cajamarca-2022,8223.0,https://static.inaturalist.org/projects/131072-icon-span2.png?1649953127,"Cajamarca, PE",-6.430574985,-78.7454875802,369
131211,Reto Naturalista Urbano 2022: Chetumal Quintana Roo,reto-naturalista-urbano-2022-chetumal-quintana-roo-38cb1e47-a41f-408b-bdc8-3b6eb4b28f5a,120072.0,https://static.inaturalist.org/projects/131211-icon-span2.jpeg?1649223025,"Chetumal, Quintana Roo; México",18.5347875754,-88.3555704432,42
131697,씨티네이처챌린지 2022: 제주(City Nature Challenge 2022: Jeju),2022-city-nature-challenge-2022-jeju,11003.0,https://static.inaturalist.org/projects/131697-icon-span2.png?1651289366,"Jeju, KR",33.3761663773,126.5520406749,286
122205,City Nature Challenge 2022: Waihōpai/Invercargill,city-nature-challenge-2022-waihopai-invercargill,40508.0,https://static.inaturalist.org/projects/122205-icon-span2.png?1638154291,"Invercargill, SO, NZ",-46.503257,168.3593055,83
123850,City Nature Challenge 2022: Omsk,city-nature-challenge-2022-omsk,42745.0,https://static.inaturalist.org/projects/123850-icon-span2.jpg?1650776274,"Omskiy rayon, OM, RU",55.0159762937,73.4389839805,124
132489,CITY NATURE CHALLENGE. SAN FRANCISCO DE MACORIS 2022,city-nature-challenge-san-francisco-de-macoris-2022,98807.0,https://static.inaturalist.org/projects/132489-icon-span2.jpg?1650399035,"San Francisco de Macorís, DO, DU",19.3411711918,-70.2132159058,166
133936,City Nature Challenge 2022: Carazo,city-nature-challenge-2022-carazo,11443.0,https://www.inaturalist.org/attachment_defaults/general/span2.png,"Carazo, NI",11.7201550365,-86.2607998225,118
126384,Competencia Natural de la Ciudad 2022:  Mendoza UNICIPIO,competencia-natural-de-la-ciudad-2022-mendoza-unicipio,181099.0,https://static.inaturalist.org/projects/126384-icon-span2.png?1646605628,"Mendoza UNICIPIO departamentos, MZ, AR",-32.6663739091,-68.7163224909,131
128995,Competencia Natural de la Ciudad 2022: San Miguel de Tucumán y Alrededores,competencia-natural-de-la-ciudad-2022-san-miguel-de-tucuman-y-alrededores,14083.0,https://static.inaturalist.org/projects/128995-icon-span2.png?1648326567,"Yerba Buena, TM, AR",-26.7965787619,-65.3467202785,278
119508,City Nature Challenge 2022: Calgary Metropolitan Region,city-nature-challenge-2022-calgary-metropolitan-region,132936.0,https://static.inaturalist.org/projects/119508-icon-span2.jpg?1644513585,City of Calgary,51.0350326223,-114.0522238177,675
121508,"C.N.C. | Défi nature urbaine 2022: Montréal, Québec, Canada",c-n-c-defi-nature-urbaine-2022-montreal-quebec-canada,147597.0,https://static.inaturalist.org/projects/121508-icon-span2.png?1637200749,"Greater Montreal Area, QC, CA",45.5594724019,-73.67571292,812
121234,"City Nature Challenge 2022: Saskatoon, SK",city-nature-challenge-2022-saskatoon-sk,177596.0,https://static.inaturalist.org/projects/121234-icon-span2.jpg?1637013462,"Saskatoon, Saskatchewan, Canada",52.1442809734,-106.6441720401,324
122892,City Nature Challenge 2022: KielRegion,city-nature-challenge-2022-kielregion,98634.0,https://static.inaturalist.org/projects/122892-icon-span2.png?1639133711,"Kiel, DE, SH",54.3312820597,10.1373620324,952
124353,Área Conurbada Morelia,area-conurbada-morelia,37190.0,https://static.inaturalist.org/projects/124353-icon-span2.jpg?1648762223,"Morelia, MX, MC",19.6665934823,-101.279106636,643
124815,Biomaratón CNC 2022: Pamplona / Iruña,biomaraton-cnc-2022-pamplona-iruna,148890.0,https://static.inaturalist.org/projects/124815-icon-span2.jpg?1641862383,"Pamplona / Iruña Área Metropolitana, ES",42.7993071797,-1.6590201056,706
128220,Biomaratón de Sevilla CNC 2022,biomaraton-de-sevilla-cnc-2022,180094.0,https://static.inaturalist.org/projects/128220-icon-span2.png?1646058372,"Sevilla CNC, AN, ES",37.379371281,-5.9497800986,309
126286,City Nature Challenge 2022: Thailand,city-nature-challenge-2022-thailand,9845.0,https://static.inaturalist.org/projects/126286-icon-span2.jpg?1643599067,"Bangkok, TH",13.7718267265,100.6235336968,1609
123540,City Nature Challenge 2022: Baton Rouge,city-nature-challenge-2022-baton-rouge,124.0,https://static.inaturalist.org/projects/123540-icon-span2.jpg?1639769458,"Iberville Parish, US, LA",30.2584988738,-91.349363192,2229
121680,City Nature Challenge 2022: Boston Area,city-nature-challenge-2022-boston-area,146061.0,https://static.inaturalist.org/projects/121680-icon-span2.png?1637366844,Boston Area CNC,42.1097984477,-70.6715571202,1937
122353,City Nature Challenge 2022: Cleveland-Akron-Canton-Toledo,city-nature-challenge-2022-cleveland-akron-canton-toledo,179337.0,https://static.inaturalist.org/projects/122353-icon-span2.png?1642788934,"Lucas-Ottawa-Sandusky, Ohio",41.4927943959,-83.308548089,1086
123548,Lane County City Nature Challenge 2022,lane-county-city-nature-challenge-2022,981.0,https://static.inaturalist.org/projects/123548-icon-span2.png?1639689709,"Lane County, OR, US",43.9415522696,-122.8765497188,561
122120,"City Nature Challenge 2022: Wichita Falls, Texas -Rolling Plains Chapter TMN Region",city-nature-challenge-2022-wichita-falls-texas-rolling-plains-chapter-tmn-region,1768.0,https://static.inaturalist.org/projects/122120-icon-span2.png?1644976232,"Archer County, US, TX",33.6152525556,-98.6876492947,795
