id,title,slug,place_id,icon,place_display_name,latitude,longitude,species_count,place_uuid
156502,City Nature Challenge 2023: Red Deer Area,city-nature-challenge-2023-red-deer-area,164866.0,https://static.inaturalist.org/projects/156502-icon-span2.png?1674751630,"Red Deer County, AB, CA",52.1122672177,-113.7930076406,121,1a4ab3f3-faef-438c-8c6d-0a186892d1bd
146321,City Nature Challenge 2023: San Francisco Bay Area,city-nature-challenge-2023-san-francisco-bay-area,54321.0,https://static.inaturalist.org/projects/146321-icon-span2.png?1674516981,"San Francisco Bay Area, CA, US",37.8786225,-122.4203475,2775,f5f46b32-4b36-432b-ada0-f5b8b6922f3a
157001,City Nature Challenge 2023: Spokane County,city-nature-challenge-2023-spokane-county,1595.0,https://static.inaturalist.org/projects/157001-icon-span2.png?1676489010,"Spokane County, US, WA",47.6206392322,-117.4040094879,338,22abd7c6-8c54-45a0-82ba-13e968b73373
157621,"City Nature Challenge 2023: Mesorregião Oeste Catarinense, SC, Brasil",city-nature-challenge-2023-mesorregiao-oeste-catarinense-sc-brasil,24521.0,https://www.inaturalist.org/attachment_defaults/general/span2.png,"Caxambu do Sul, SC, BR",-27.1460398178,-52.9206707439,6,a35f3afc-0dc8-4eab-bfa5-e7699dad00a6
157652,"Desafio da Natureza Urbana 2023: Litoral do Pará, Brasil",desafio-da-natureza-urbana-2023-litoral-do-para-brasil,22523.0,https://static.inaturalist.org/projects/157652-icon-span2.jpg?1675947348,"Bragança, PA, BR",-1.1470390882,-46.7526382135,19,a566442a-2329-46fd-a54c-512d33cd1d06
157721,"Desafio Mundial da Natureza Urbana 2023: Vale do Itajaí e Região - SC, Brasil",desafio-mundial-da-natureza-urbana-2023-vale-do-itajai-e-regiao-sc-brasil,24585.0,https://static.inaturalist.org/projects/157721-icon-span2.jpg?1676026168,"Itajaí, SC, BR",-26.9640441422,-48.73772712,1434,1d0496e6-8b9f-4978-af8c-e3efde219538
157691,"Desafio Mundial da Natureza Urbana 2023: Breves e Região Metropolitana - PA, Brasil",desafio-mundial-da-natureza-urbana-2023-breves-e-regiao-metropolitana-pa-brasil,22527.0,https://static.inaturalist.org/projects/157691-icon-span2.jpg?1681496162,"Breves, PA, BR",-1.1213789861,-50.6285080669,168,bc779bd2-ed3d-40e7-85b6-93d2be13f12a
157964,City Nature Challenge 2023: Greater Phoenix Area,city-nature-challenge-2023-greater-phoenix-area,147790.0,https://static.inaturalist.org/projects/157964-icon-span2.png?1676223174,"Metro Phoenix, AZ, US",33.5054190474,-112.0375487421,1000,3a1b1458-f241-4279-a707-9b489473cc3a
156557,Reto Naturalista 2023: Valle de Aburrá,reto-naturalista-2023-valle-de-aburra,144768.0,https://www.inaturalist.org/attachment_defaults/general/span2.png,Área Metropolitana del Valle de Aburrá,6.2800189984,-75.5385367858,1964,6070c052-2f0f-4fa5-a7cc-21b418e52188
156349,"Desafio Mundial da Natureza Urbana 2023: Vitória e Região Metropolitana, ES, Brasil",desafio-mundial-da-natureza-urbana-2023-vitoria-e-regiao-metropolitana-es-brasil,20983.0,https://static.inaturalist.org/projects/156349-icon-span2.jpeg?1681044059,"Vitoria, ES, BR",-20.2841929493,-40.2594294742,570,a8e5beb3-6f4f-44f9-9719-2fb22c45de1d
155715,"Desafio Mundial da Natureza Urbana 2023: Brasília e Região, Brasil",desafio-mundial-da-natureza-urbana-2023-brasilia-e-regiao-brasil,21164.0,https://static.inaturalist.org/projects/155715-icon-span2.jpg?1675448509,"Pirenópolis, GO, BR",-15.8110513548,-49.0136463753,814,f0645938-9764-4970-ba47-1e9fd7a1371c
155768,City Nature Challenge 2023: Grande Curitiba,city-nature-challenge-2023-grande-curitiba,125697.0,https://static.inaturalist.org/projects/155768-icon-span2.jpeg?1679489065,"Curitiba Metropolitan Area, BR",-25.3493583679,-49.3188705496,1358,64abe219-2fe5-4a27-91fd-063376797ec8
155764,"Desafio Mundial da Natureza Urbana 2023: Grande Rio e Baía de Guanabara, RJ - Brasil",desafio-mundial-da-natureza-urbana-2023-grande-rio-e-baia-de-guanabara-rj-brasil,23708.0,https://static.inaturalist.org/projects/155764-icon-span2.jpg?1675448661,"Maricá, RJ, BR",-22.9544267365,-42.8324419939,680,66e28036-98b7-4d03-ac7d-dedddd66a8d8
155830,Desafio da Natureza Urbana São Paulo 2023,desafio-da-natureza-urbana-sao-paulo-2023,25311.0,https://static.inaturalist.org/projects/155830-icon-span2.jpg?1681397303,"São Paulo, SP, BR",-23.6504168524,-46.6480251547,1490,ecabf315-ba59-4180-9e9f-c8a20ae8b7ec
152070,City Nature Challenge 2023: Calgary Metropolitan Region,city-nature-challenge-2023-calgary-metropolitan-region,132936.0,https://static.inaturalist.org/projects/152070-icon-span2.jpg?1675987288,City of Calgary,51.0350326223,-114.0522238177,766,dab75227-dc90-47e1-99a0-48b3205fd538
152360,City Nature Challenge 2023: Greater Vancouver,city-nature-challenge-2023-greater-vancouver,170167.0,https://static.inaturalist.org/projects/152360-icon-span2.png?1677712163,"Burnaby (city), BC, CA",49.2479632847,-122.964976596,837,35cd0160-3b1c-4810-96ac-3626b5f9fff4
153585,City Nature Challenge 2023: Thompson-Nicola Regional District,city-nature-challenge-2023-thompson-nicola-regional-district,49148.0,https://static.inaturalist.org/projects/153585-icon-span2.png?1678157875,"Thompson-Nicola, CA, BC",51.1561743051,-120.4793041038,337,2d38506c-d8bf-46fb-a4a9-e922085ef31e
151819,City Nature Challenge 2023: Okanagan Valley,city-nature-challenge-2023-okanagan-valley,27533.0,https://www.inaturalist.org/attachment_defaults/general/span2.png,"North Okanagan, CA, BC",50.3659545074,-118.7841605869,455,e541cda3-5f6f-4a39-ad3b-571498d2dc8c
152464,City Nature Challenge 2023: Surrey BC,city-nature-challenge-2023-surrey-bc,144780.0,https://static.inaturalist.org/projects/152464-icon-span2.JPG?1670537786,"Surrey, BC, CA",49.114642907,-122.7833588073,438,c2e53986-52ae-4a6b-b159-ad20ecd9a993
150718,Brandon City Nature Challenge 2023,brandon-city-nature-challenge-2023,144824.0,https://static.inaturalist.org/projects/150718-icon-span2.jpg?1668284372,"Brandon, MB, CA",49.8444528766,-99.921645153,167,729d9834-1d88-4e2d-be9f-1efba9b18362
148682,"City Nature Challenge 2023: Winnipeg Region, MB, Canada",city-nature-challenge-2023-winnipeg-region-mb-canada,147925.0,https://static.inaturalist.org/projects/148682-icon-span2.png?1680988026,"Red River Valley 14PA01, MB, CA",49.7782745282,-97.5415620899,362,dee13e57-cd96-426b-a1d4-f4803601e0a3
152248,"City Nature Challenge 2023: Carleton/York County, NB, Canada",city-nature-challenge-2023-carleton-york-county-nb-canada,27562.0,https://www.inaturalist.org/attachment_defaults/general/span2.png,"York, NB, CA",46.0857729319,-66.9836540706,164,01e92de7-aa6e-4e52-ae5d-2c1a7b3726a9
152244,"City Nature Challenge 2023: Northumberland/Kent County, NB, Canada",city-nature-challenge-2023-northumberland-kent-county-nb-canada,27555.0,https://www.inaturalist.org/attachment_defaults/general/span2.png,"Northumberland, CA, NB",46.9947020097,-65.9698932997,100,68c2fc17-d315-4bc3-9207-8b9311414352
152245,"City Nature Challenge 2023: Victoria County, NB, Canada",city-nature-challenge-2023-victoria-county-nb-canada,27554.0,https://www.inaturalist.org/attachment_defaults/general/span2.png,"Madawaska, CA, NB",47.4159615883,-68.1730320017,2,9098143e-827e-4a06-9f58-876395c41099
151674,"City Nature Challenge 2023: Cape Breton Regional Municipality, NS, Canada",city-nature-challenge-2023-cape-breton-regional-municipality-ns-canada,27569.0,https://www.inaturalist.org/attachment_defaults/general/span2.png,"Cape Breton, NS, CA",46.020634531,-60.2135075628,632,496deaad-c2b1-49fd-a724-a95ba23a6e76
151676,"City Nature Challenge 2023: Halifax Regional Municipality, NS, Canada",city-nature-challenge-2023-halifax-regional-municipality-ns-canada,27573.0,https://www.inaturalist.org/attachment_defaults/general/span2.png,"Halifax, CA, NS",44.7654687958,-62.9013680146,872,a6b951ed-dac7-40b8-94a7-6517bf2ab6ff
151673,"City Nature Challenge 2023: Annapolis Valley, NS, Canada",city-nature-challenge-2023-annapolis-valley-ns-canada,27567.0,https://www.inaturalist.org/attachment_defaults/general/span2.png,"Annapolis, CA, NS",44.7088195444,-65.2528802429,366,6e7d0581-490e-4cf1-8b61-bbabfd15b782
153221,City Nature Challenge 2023: Peterborough,city-nature-challenge-2023-peterborough,163958.0,https://static.inaturalist.org/projects/153221-icon-span2.png?1678887303,"Peterborough City, ON, CA",44.3051225164,-78.3266112214,288,a8970e60-9848-4d96-87c6-a69fc550a0f8
156126,"City Nature Challenge 2023: Hamilton, ON",city-nature-challenge-2023-hamilton-on,27590.0,https://static.inaturalist.org/projects/156126-icon-span2.png?1674239032,"Hamilton, CA, ON",43.2529067678,-79.9586684332,279,34e8dc73-ed1d-4077-aba3-592dbe830c99
154084,"City Nature Challenge Sault Ste Marie, Ontario",city-nature-challenge-sault-ste-marie-ontario,180418.0,https://static.inaturalist.org/projects/154084-icon-span2.png?1673103184,City of Sault Ste. Marie,46.5388879637,-84.3982204022,214,283ea714-7e90-47a4-b429-d6ece8f7c008
154100,"City Nature Challenge 2023: Thunder Bay District, ON, Canada",city-nature-challenge-2023-thunder-bay-district-on-canada,133230.0,https://static.inaturalist.org/projects/154100-icon-span2.jpg?1673119250,"Thunder Bay Judicial District, ON, CA",49.4982393976,-88.1837017814,152,4d860615-ef8d-4155-81da-6a3276369229
153886,City Nature Challenge 2023: City of Kingston,city-nature-challenge-2023-city-of-kingston,142220.0,https://www.inaturalist.org/attachment_defaults/general/span2.png,"City of Kingston, Ontario",44.3016692022,-76.4605851038,321,fbf5952a-d8eb-48e6-82bb-a887b76f96eb
153075,"City Nature Challenge 2023: Windsor, Ontario",city-nature-challenge-2023-windsor-ontario,186809.0,https://static.inaturalist.org/projects/153075-icon-span2.png?1677185840,"Windsor Ontario, Canada",42.2899996518,-82.9874978936,246,8044c98f-3f63-4bf7-8499-f0a68e6d5faf
152010,"City Nature Challenge 2023: Charlottetown, PEI",city-nature-challenge-2023-charlottetown-pei,146570.0,https://www.inaturalist.org/attachment_defaults/general/span2.png,"Charlottetown, PE, CA",46.2695844438,-63.1364517006,254,ff865275-c00a-4796-b424-28e3b7f07b24
152011,"City Nature Challenge 2023: Greater Summerside Area, PEI",city-nature-challenge-2023-greater-summerside-area-pei,146571.0,https://www.inaturalist.org/attachment_defaults/general/span2.png,"Summerside, PE, CA",46.4104293488,-63.7859181323,212,0ff01b20-fa66-4dc3-918c-2be169438ed3
150609,Défi Nature Urbaine 2023: Communauté Métropolitaine de Québec | City Nature Challenge 2023: CMQ,defi-nature-urbaine-2023-communaute-metropolitaine-de-quebec-city-nature-challenge-2023-cmq,27631.0,https://static.inaturalist.org/projects/150609-icon-span2.png?1679005357,"Communauté-Urbaine-de-Québec, CA, QC",46.8336115733,-71.3579669078,206,a3d771e5-7c13-4bd2-8197-5f2c4e0c8976
152249,"City Nature Challenge 2023: Westmoreland County, NB, Canada",city-nature-challenge-2023-westmoreland-county-nb-canada,27561.0,https://www.inaturalist.org/attachment_defaults/general/span2.png,"Westmorland, NB, CA",46.0836101237,-64.586138615,302,73ef8165-0a7d-4441-818a-d36ffdba051f
96458,City Nature Challenge 2023: Karlovac,city-nature-challenge-2023-karlovac,99946.0,https://www.inaturalist.org/attachment_defaults/general/span2.png,"Karlovac, KA, HR",45.4834534326,15.643872731,21,e6bcf9bf-e54c-4b44-afe4-679e8bc95d7d
150628,City Nature Challenge 2023: Brno,city-nature-challenge-2023-brno,180463.0,https://www.inaturalist.org/attachment_defaults/general/span2.png,"Brno, CZ",49.2067631771,16.588772321,956,c1ac62e2-6d3c-4379-9db9-314ec8d727e2
153954,"Desafío Naturaleza Urbana 2023 - Galápagos, Ecuador",desafio-naturaleza-urbana-2023-galapagos-ecuador,12990.0,https://static.inaturalist.org/projects/153954-icon-span2.jpg?1672937837,"Galápagos, EC",-0.497108084,-90.7972723578,186,21a8d5b1-f117-48cb-91d0-c200667cb2eb
153955,"Desafío Naturaleza Urbana 2023 - Quito, Pichincha",desafio-naturaleza-urbana-2023-quito-pichincha,10011.0,https://static.inaturalist.org/projects/153955-icon-span2.jpg?1683211056,"Pichincha, EC",-0.105616495,-78.5907290653,1195,8f3e7a79-7bcf-4344-80c1-b81ca37e45ad
154513,City Nature Challenge 2023: Mbabane (Hhohho),city-nature-challenge-2023-mbabane-hhohho,105872.0,https://static.inaturalist.org/projects/154513-icon-span2.jpg?1674147110,"Mbabane East, HH, SZ",-26.3067887086,31.1422138704,160,4a18f06c-256d-44bb-98cb-9028b325137e
152882,City Nature Challenge 2023 : Midi Toulousain,city-nature-challenge-2023-midi-toulousain,178432.0,https://static.inaturalist.org/projects/152882-icon-span2.png?1674723254,"Region Toulousaine, France",43.5405443322,1.5117465831,575,e463248c-7246-473b-8ad1-57360952c40a
149968,City Nature Challenge 2023: Osnabrück Stadt / Land,city-nature-challenge-2023-osnabrueck-stadt-land,98525.0,https://static.inaturalist.org/projects/149968-icon-span2.png?1667422247,"Osnabrück, DE, NI",52.3816139244,8.0451573423,496,d3ae8ce7-4299-466d-a04a-71a8b5e34dba
152919,City Nature Challenge 2023: KielRegion,city-nature-challenge-2023-kielregion,98634.0,https://static.inaturalist.org/projects/152919-icon-span2.JPG?1672914823,"Kiel, DE, SH",54.3312820597,10.1373620324,1267,65060ac2-d9d8-487e-bfc2-93d8fde1ed31
156246,City Nature Challenge 2023 : Bangalore Metropolitan Region (BMR),city-nature-challenge-2023-bangalore-metropolitan-region-bmr,32239.0,https://static.inaturalist.org/projects/156246-icon-span2.jpg?1675055644,"Bangalore, KA, IN",12.9422948095,77.586824644,1197,13d82d69-c4b2-491a-b846-12dd1bcdd5d4
153117,City Nature Challenge 2023: Milano,city-nature-challenge-2023-milano,33152.0,https://static.inaturalist.org/projects/153117-icon-span2.png?1680174294,"Milano, Lombardia, IT",45.4657115749,9.121066633,203,f7230c8c-ba7f-4121-a1d3-b9074ff013b6
155831,Desafio da Natureza Urbana - Poconé 2023,desafio-da-natureza-urbana-pocone-2023,21529.0,https://static.inaturalist.org/projects/155831-icon-span2.jpg?1681397359,"Poconé, MT, BR",-16.7847242071,-56.9488652757,323,58710be0-ea9a-4882-86dc-3171f6bbd8cc
151677,"City Nature Challenge 2023: St. John's, Newfoundland, Canada",city-nature-challenge-2023-st-john-s-newfoundland-canada,65761.0,https://static.inaturalist.org/projects/151677-icon-span2.jpg?1681393625,"Bauline, NL, CA",47.7006244066,-52.8195707885,174,24e2a440-7756-4acb-a511-62895dd138d2
149943,City Nature Challenge 2023: Toronto and GTA,city-nature-challenge-2023-toronto-and-gta,27589.0,https://static.inaturalist.org/projects/149943-icon-span2.jpg?1677669789,"Halton, ON, CA",43.5101972181,-79.889308164,889,cdd40781-eb3b-4180-8ea5-e49217894ef5
148566,"C.N.C. | Défi nature urbaine 2023: Montréal, Québec, Canada",c-n-c-defi-nature-urbaine-2023-montreal-quebec-canada,147597.0,https://static.inaturalist.org/projects/148566-icon-span2.jpg?1674785304,"Greater Montreal Area, QC, CA",45.5594724019,-73.67571292,818,f041a87a-385c-4185-9afa-f8e03d10a30b
148840,City Nature Challenge 2023: Hong Kong,city-nature-challenge-2023-hong-kong,7613.0,https://static.inaturalist.org/projects/148840-icon-span2.jpg?1668069855,Hong Kong,22.3371967789,114.1490797877,4392,229425fb-ff30-4668-ab5e-b5e005bfbcc8
155877,Reto Naturalista Urbano 2023: GAM-Costa Rica,reto-naturalista-urbano-2023-gam-costa-rica,145615.0,https://static.inaturalist.org/projects/155877-icon-span2.png?1681854616,"Gran Area Metropolitana, CR",9.9382337766,-84.0661999889,1094,ccff0bc0-fe12-42a2-9869-89b17e7fefb1
156247,City Nature Challenge 2023 : Mumbai Metropolitan Region (MMR),city-nature-challenge-2023-mumbai-metropolitan-region-mmr,125114.0,https://static.inaturalist.org/projects/156247-icon-span2.jpg?1675055848,"Mumbai Metropolitan Region, MH, IN",19.1256197273,73.0737599168,701,42e69956-26b4-4cf8-9288-6fc5682a84ae
151453,"City Nature Challenge 2023: Roma, Italy",city-nature-challenge-2023-roma-italy,33139.0,https://static.inaturalist.org/projects/151453-icon-span2.png?1674897401,"Roma, Lazio, IT",41.9045586891,12.5337767743,2072,2fbb6517-b105-4450-be25-ed36c8214cbc
151574,City Nature Challenge 2023 - Messina - Cluster Biodiversità Italia,city-nature-challenge-2023-messina-cluster-biodiversita-italia,178823.0,https://static.inaturalist.org/projects/151574-icon-span2.jpg?1678443709,"Messina - Rete Natura 2000, IT",38.2320055627,15.5398014396,336,23c7c187-0873-41cb-9fde-544a5a663d84
154411,"""City Nature Challenge 2023: Siena"" Cluster Biodiversità Italia",city-nature-challenge-2023-siena-cluster-biodiversita-italia,178334.0,https://static.inaturalist.org/projects/154411-icon-span2.png?1676029945,Siena,43.3105117485,11.333769169,507,2e34d6df-30ec-4ab7-93d2-3d8050fd7a7f
154009,CNC2023 Osaka Ibaraki,cnc2023-osaka-ibaraki,187120.0,https://www.inaturalist.org/attachment_defaults/general/span2.png,"Ibaraki, Osaka, Japan",34.8574256513,135.5488263542,73,a2b3fb41-9da5-41b8-ab25-f806e9a4ffa5
145758,Reto Naturalista Urbano 2023: Aguascalientes Zona Metropolitana,reto-naturalista-urbano-2023-aguascalientes-zona-metropolitana,146262.0,https://static.inaturalist.org/projects/145758-icon-span2.JPG?1671903381,"Aguascalientes Zona Metropolitana, AG, MX",22.0059871843,-102.2950818128,70,fe595aea-3d42-4791-86cb-be724222643a
153080,"CNC 2023 La Paz, Baja California Sur",cnc-2023-la-paz-baja-california-sur,101527.0,https://static.inaturalist.org/projects/153080-icon-span2.jpg?1676142625,"La Paz, MX, BS",24.2092968588,-110.620093885,500,2aa44069-c110-4428-82fa-5e98198012ef
153078,"CNC 2023 Loreto, Baja California Sur",cnc-2023-loreto-baja-california-sur,101525.0,https://static.inaturalist.org/projects/153078-icon-span2.jpg?1676144340,"Loreto, MX, BN",25.9333289233,-111.3545380171,727,38937379-11d2-47a3-a995-38ffaa34fd88
153077,"CNC 2023 Los Cabos, Baja California Sur",cnc-2023-los-cabos-baja-california-sur,101528.0,https://static.inaturalist.org/projects/153077-icon-span2.jpg?1676142623,"Los Cabos, MX, BN",23.25670333,-109.7376219241,102,80ca1a2a-62f3-43ac-bf8e-c11170cb7a18
157251,City Nature Challenge 2023: Seymskiy Regional Landscape Park,city-nature-challenge-2023-seymskiy-regional-landscape-park,47251.0,https://static.inaturalist.org/projects/157251-icon-span2.png?1681378193,"Konotops'kyi, SM, UA",51.180864934,33.3380767737,87,e75097b6-b0e8-481d-a026-c699e78dd356
153448,Competencia Natural de la Ciudad 2023: Rosario (departamento),competencia-natural-de-la-ciudad-2023-rosario-departamento,14530.0,https://www.inaturalist.org/attachment_defaults/general/span2.png,"Rosario, SF, AR",-33.13199517,-60.7067358645,167,70ae8973-9e54-4e27-bcb3-db44b52e3c50
155653,City Nature Challenge 2023: Logan City Council,city-nature-challenge-2023-logan-city-council,144326.0,https://static.inaturalist.org/projects/155653-icon-span2.png?1677740311,"Logan LGA, QL, AU",-27.762394485,153.0401259144,430,d2f24d3a-e1cb-4c84-b5f9-dab8da7e77b7
152675,City Nature Challenge 2023: Greater Adelaide,city-nature-challenge-2023-greater-adelaide,146094.0,https://www.inaturalist.org/attachment_defaults/general/span2.png,"Greater Adelaide, SA, AU",-35.0343524747,138.6637259588,1174,45a5dd5e-0575-4c42-9ef6-295cccd8edaa
148211,City Nature Challenge 2023: Greater Melbourne,city-nature-challenge-2023-greater-melbourne,14596.0,https://www.inaturalist.org/attachment_defaults/general/span2.png,"Banyule - North, VI, AU",-37.7121174092,145.1063676735,2347,3c7100d3-f1f1-486d-803a-c117e60338cf
153154,Reto Naturalista Ensenada 2023,reto-naturalista-ensenada-2023,185353.0,https://static.inaturalist.org/projects/153154-icon-span2.png?1678495244,Reto Ensenada Naturalista 2022,31.5267189181,-116.073200882,1297,fb18e00c-105c-4d4e-88d3-64ddee4224c3
155726,City Nature Challenge 2023: Zagreb,city-nature-challenge-2023-zagreb,99893.0,https://www.inaturalist.org/attachment_defaults/general/span2.png,"Zagreb, GZ, HR",45.8159192712,15.9838205998,40,acbb1cee-4a9c-4c4d-9b9b-60705d8f2de9
152220,"City Nature Challenge 2023: Whitehorse, YT, Canada",city-nature-challenge-2023-whitehorse-yt-canada,152703.0,https://static.inaturalist.org/projects/152220-icon-span2.JPG?1670345494,"Yukon Backyard Bioblitz 2020 - Whitehorse East, YT, CA",60.7366867425,-135.0123573131,176,14187d6d-899f-4150-abf7-e2413379cad1
154598,RETO CNC MERIDA 2023,reto-cnc-merida-2023,38117.0,https://static.inaturalist.org/projects/154598-icon-span2.png?1675803407,"Mérida, MX, YU",20.9840717319,-89.639526987,162,d3633211-129e-48ca-82dd-04d2fbd91f07
154589,RETO NATURALISTA URBANO TIZIMÍN 2023,reto-naturalista-urbano-tizimin-2023,38163.0,https://static.inaturalist.org/projects/154589-icon-span2.png?1682349399,"Tizimín, MX, YU",21.2707422327,-87.8407506767,408,bb11470a-f987-41b2-9e78-15b2e1e4b515
151618,"City Nature Challenge 2023: Teton County, WY",city-nature-challenge-2023-teton-county-wy,1784.0,https://static.inaturalist.org/projects/151618-icon-span2.jpeg?1670788622,"Teton County, US, WY",43.9347571498,-110.5897535108,169,fc7ed47a-cbdd-4d3d-8eb3-18cec2e1a709
153883,City Nature Challenge 2023: City of Cape Town,city-nature-challenge-2023-city-of-cape-town,52355.0,https://static.inaturalist.org/projects/153883-icon-span2.jpg?1676896269,"City of Cape Town, WC, ZA",-33.9457434724,18.5547579207,3899,05bb741a-0697-4977-a0f3-a8e994b8ea6d
150627,City Nature Challenge 2023: Garden Route,city-nature-challenge-2023-garden-route,146648.0,https://static.inaturalist.org/projects/150627-icon-span2.png?1668154366,"Garden Route District Municipality incl 2 nautical mile, ZA",-33.8368807263,22.0240420271,2554,f8d3dad4-6f68-468c-94de-ec43c3d87d03
154510,City Nature Challenge 2023: BotSoc Weskus,city-nature-challenge-2023-botsoc-weskus,184272.0,https://static.inaturalist.org/projects/154510-icon-span2.png?1677172670,"Bergriver Municipality, WC, ZA",-32.7874928694,18.6727951924,1247,5f8cf1aa-8828-4f68-be73-5a9106b74866
152700,City Nature Challenge 2023 Birmingham & Black Country,city-nature-challenge-2023-birmingham-black-country,144101.0,https://static.inaturalist.org/projects/152700-icon-span2.png?1673625722,"Birmingham & Black Country, England, GB",52.5210417901,-1.9724553358,1326,52821a61-2f23-4361-833e-dfa109057f61
154290,City Nature Challenge 2023: Te Upoko o te Ika (Wellington),city-nature-challenge-2023-te-upoko-o-te-ika-wellington,118518.0,https://static.inaturalist.org/projects/154290-icon-span2.png?1677030590,Wellington Regional Council Boundary,-41.1062616952,175.442443293,2237,21572efb-3336-4a68-a196-974aaf000faf
155780,City Nature Challenge 2023: Palouse Region,city-nature-challenge-2023-palouse-region,749.0,https://www.inaturalist.org/attachment_defaults/general/span2.png,"Whitman County, US, WA",46.9011702536,-117.5229893828,543,ae75f23a-cb04-490f-b4d8-01c3c69f93ba
151979,"City Nature Challenge 2023: Thurston County, WA",city-nature-challenge-2023-thurston-county-wa,1666.0,https://static.inaturalist.org/projects/151979-icon-span2.png?1674598804,"Thurston County, US, WA",46.9295010693,-122.8320755914,538,950449f9-e3fc-4a9d-936f-090e7a7092b2
153706,City Nature Challenge 2023: Warwickshire and Solihull,city-nature-challenge-2023-warwickshire-and-solihull,186687.0,https://static.inaturalist.org/projects/153706-icon-span2.jpg?1672838821,"Warwickshire, County of, England, GB",52.3006375038,-1.5595458319,649,63aa2813-6023-46a5-ac6a-27b8ffaa80eb
154015,City Nature Challenge 2023: Cardiff & Newport,city-nature-challenge-2023-cardiff-newport,163986.0,https://www.inaturalist.org/attachment_defaults/general/span2.png,"City Nature Challenge 2021: Cardiff and Newport, Wales, GB",51.5224589855,-3.0242924969,404,9966b977-c46e-45df-bb10-5c1f7877faa5
150702,City Nature Challenge 2023: Eastern Shore of Virginia,city-nature-challenge-2023-eastern-shore-of-virginia,1913.0,https://static.inaturalist.org/projects/150702-icon-span2.png?1674520947,"Accomack County, US, VA",37.764939232,-75.7565570334,321,efb8e43a-6989-4985-b5c7-7d77fff7ad93
151077,City Nature Challenge 2023: Clinch River Valley,city-nature-challenge-2023-clinch-river-valley,1235.0,https://static.inaturalist.org/projects/151077-icon-span2.png?1674520928,"Washington County, US, VA",36.7244707411,-81.9596783462,577,3afdbaae-6cb0-4ead-900c-90a7b156a16c
153969,City Nature Challenge 2023: Blacksburg,city-nature-challenge-2023-blacksburg,124747.0,https://www.inaturalist.org/attachment_defaults/general/span2.png,"Blacksburg, VA, US",37.2299847196,-80.4279629963,142,92d57d97-1030-449a-a066-56c37bf7e349
150700,"City Nature Challenge 2023: Charlottesville Region, VA",city-nature-challenge-2023-charlottesville-region-va,2913.0,https://static.inaturalist.org/projects/150700-icon-span2.png?1674520494,"Albemarle County, US, VA",38.0229216145,-78.5565312719,842,b6de9002-4e6b-4f79-9eec-70567a662a69
152470,City Nature Challenge 2023:  Greater Geelong,city-nature-challenge-2023-greater-geelong,14701.0,https://static.inaturalist.org/projects/152470-icon-span2.jpg?1674609671,"Moorabool - Bacchus Marsh, VI, AU",-37.6535033683,144.4149964394,1014,5f8c98c1-1515-44be-a83d-dbfd2e1460d2
154483,City Nature Challenge 2023: Thohoyandou,city-nature-challenge-2023-thohoyandou,48498.0,https://www.inaturalist.org/attachment_defaults/general/span2.png,"Thohoyandou, NP, ZA",-22.738535,30.678206,428,8d856373-e87a-4c33-85e1-89e64e8f4e3a
153587,City Nature Challenge 2023: Greater Burlington,city-nature-challenge-2023-greater-burlington,50939.0,https://static.inaturalist.org/projects/153587-icon-span2.jpg?1672431144,"Burlington, US, VT",44.4928957075,-73.2265795407,863,c8b80bb0-af76-4cd5-87a0-ea8e24a061ab
155970,"CNC 2023 Tuxpan, Ver.",cnc-2023-tuxpan-ver,38051.0,https://static.inaturalist.org/projects/155970-icon-span2.JPG?1674081711,"Tuxpan, MX, VE",20.9379333872,-97.3878739481,483,7f954bc6-3930-4aa7-83e5-77feab98b949
155667,Biomaraton Naturalista Riberalta 2023,biomaraton-naturalista-riberalta-2023,147312.0,https://static.inaturalist.org/projects/155667-icon-span2.jpg?1673839025,"Riberalta, EB, BO",-11.206176202,-65.9422403909,742,5abdedf3-b8b3-4313-afe2-fed3d71259ae
155835,City Nature Challenge 2023: Utah's Wasatch,city-nature-challenge-2023-utah-s-wasatch,2995.0,https://static.inaturalist.org/projects/155835-icon-span2.png?1676563910,"Box Elder County, US, UT",41.5210175738,-113.0820245951,840,08748905-02c1-43f8-a043-83d8ec415b0f
154524,City Nature Challenge 2023: Pietermaritzburg,city-nature-challenge-2023-pietermaritzburg,108115.0,https://static.inaturalist.org/projects/154524-icon-span2.png?1675236345,"Umgungundlovu, NL, ZA",-29.5092243622,30.1985252962,235,4459cd08-b8f0-4338-a65b-41c31fa1dc78
155927,City Nature Challenge 2023: Wien,city-nature-challenge-2023-wien,129695.0,https://static.inaturalist.org/projects/155927-icon-span2.png?1674162404,"Wien exakt, AT",48.2084428798,16.3778432885,2128,e0b723be-a074-4414-aa09-51cbc01394cd
155689,City Nature Challenge 2023: Lubombo,city-nature-challenge-2023-lubombo,12005.0,https://static.inaturalist.org/projects/155689-icon-span2.jpg?1674146638,"Lubombo, SZ",-26.5464957344,31.8431526364,197,95b238f5-deef-4b38-961e-58ebffab1aaa
153723,City Nature Challenge 2023: Luxembourg,city-nature-challenge-2023-luxembourg,120582.0,https://static.inaturalist.org/projects/153723-icon-span2.png?1675412695,"Grand-Duché de Luxembourg, LU",49.7768951193,6.0920320645,985,dff3c113-fd85-45e3-b3ef-65cfff3bef90
154227,City Nature Challenge 2023: Berlin,city-nature-challenge-2023-berlin,12872.0,https://static.inaturalist.org/projects/154227-icon-span2.png?1674298364,"Berlin, DE",52.5015315807,13.4018502444,1512,7c022b01-9641-4461-b21f-0d8264da78bf
155704,City Nature Challenge 2023: Uherskohradišťsko,city-nature-challenge-2023-uherskohradistsko,164681.0,https://www.inaturalist.org/attachment_defaults/general/span2.png,"Jarošov, ZK, CZ",49.0825737641,17.5031623199,300,fb17bab1-02f4-4ed6-a840-a676a446d3ea
152884,City Nature Challenge 2023: Prague,city-nature-challenge-2023-prague,154376.0,https://static.inaturalist.org/projects/152884-icon-span2.jpg?1674124900,"Hl. m. Praha, CZ",50.0667920284,14.4660038776,1672,3da079bf-79d5-40da-98e3-acbd0cc4af7a
153123,City Nature Challenge 2023: České Budějovice,city-nature-challenge-2023-ceske-budejovice,179812.0,https://static.inaturalist.org/projects/153123-icon-span2.png?1682768861,České Budějovice CNC,48.9739181021,14.4839256698,630,991d2a38-cbf9-4bdf-bf3a-5f74cdd1cc59
152947,City Nature Challenge 2023: Seattle-Tacoma Metropolitan Area,city-nature-challenge-2023-seattle-tacoma-metropolitan-area,122789.0,https://static.inaturalist.org/projects/152947-icon-span2.png?1677177546,Seattle-Tacoma Metropolitan Area,47.5544079453,-121.8650722537,1375,b5a4f9f7-98e2-4556-87b5-701a94c12171
153926,"City Nature Challenge 2023 - Southwest Piedmont, Virginia",city-nature-challenge-2023-southwest-piedmont-virginia,13445.0,https://www.inaturalist.org/attachment_defaults/general/span2.png,"Martinsville County, US, VA",36.682658552,-79.8636317715,330,820335cc-d8f7-4323-a251-cfe40251958e
154309,City Nature Challenge 2023: Neusiedler See/Seewinkel,city-nature-challenge-2023-neusiedler-see-seewinkel,164294.0,https://static.inaturalist.org/projects/154309-icon-span2.png?1673356557,"Neusiedler See & Seewinkel, BU, AT",47.8279027848,16.8198939076,196,ef439161-53d5-48e0-afaf-dc255b223b69
148013,City Nature Challenge 2023: Klagenfurt,city-nature-challenge-2023-klagenfurt,14877.0,https://static.inaturalist.org/projects/148013-icon-span2.png?1674745213,"Klagenfurt, KA, AT",46.6361500628,14.2890482016,1048,35585025-382a-4d20-b264-9e280b15826f
147007,City Nature Challenge 2023: Krems - Wachau - Melk,city-nature-challenge-2023-krems-wachau-melk,146791.0,https://static.inaturalist.org/projects/147007-icon-span2.png?1674652425,"Krems-Stadt, NO, AT",48.4090162555,15.6181201718,650,e3fd293f-3d1a-4f56-9f97-21ef3e041f41
155916,City Nature Challenge 2023: St. Pölten,city-nature-challenge-2023-st-poelten,14900.0,https://static.inaturalist.org/projects/155916-icon-span2.png?1674665652,"Sankt Pölten, NO, AT",48.2031565414,15.6450742868,502,c0019adc-80a5-4c65-a206-b573823e68ef
155713,City Nature Challenge 2023: Amstetten,city-nature-challenge-2023-amstetten,187434.0,https://static.inaturalist.org/projects/155713-icon-span2.png?1682682880,"Amstetten, NO, AT",48.105082137,14.8520696488,427,9232a837-e041-4606-94f5-df19351a26ff
148063,City Nature Challenge 2023: Graz bis Tierwelt Herberstein,city-nature-challenge-2023-graz-bis-tierwelt-herberstein,14938.0,https://static.inaturalist.org/projects/148063-icon-span2.png?1674748255,"Graz, ST, AT",47.0738932723,15.4359391491,3692,ccefaa7c-cc76-4461-845b-bf317ab61e7b
148580,City Nature Challenge 2023: Nationalparkregion Gesäuse,city-nature-challenge-2023-nationalparkregion-gesaeuse,178057.0,https://static.inaturalist.org/projects/148580-icon-span2.jpeg?1667472729,Nationalparkregion Gesäuse,47.6234245155,14.6454017957,325,9950f9d1-6599-40a0-b0a2-bc87d7b576d6
151847,City Nature Challenge 2023: Abşeron Peninsula,city-nature-challenge-2023-abseron-peninsula,96782.0,https://www.inaturalist.org/attachment_defaults/general/span2.png,"Absheron, AZ",40.4138004232,49.5645977477,155,86a53481-f299-43ef-8596-5b5bd974a17e
151106,Reto Ciudad Naturaleza 2023: La Paz  (CNC),reto-ciudad-naturaleza-2023-la-paz-cnc,131419.0,https://www.inaturalist.org/attachment_defaults/general/span2.png,"La Paz , LP, BO",-16.3816394051,-68.1039753947,3948,e6d72f6a-13a5-4f0d-b819-adc3a2e0d459
150264,City Nature Challenge 2023: Botswana Central,city-nature-challenge-2023-botswana-central,163643.0,https://static.inaturalist.org/projects/150264-icon-span2.jpg?1673770110,"Central Botswana x, BW",-22.270061393,26.6040177549,407,a26fabe6-4dd9-434c-a5e8-3d916f408a4b
150281,City Nature Challenge 2023: Gaborone & SE,city-nature-challenge-2023-gaborone-se,12636.0,https://static.inaturalist.org/projects/150281-icon-span2.jpg?1673786114,"Kgatleng, BW",-24.1524175936,26.3518420892,297,e13e7365-296c-4531-b7bf-6d6994163c46
150285,City Nature Challenge 2023: Northern Botswana,city-nature-challenge-2023-northern-botswana,156885.0,https://static.inaturalist.org/projects/150285-icon-span2.jpg?1682256697,"Botswana -North West District-north, BW",-18.9047633353,22.213756361,49,3d8d5354-af6d-44cd-93cc-88c81f8d8341
150282,City Nature Challenge 2023: Botswana South,city-nature-challenge-2023-botswana-south,147320.0,https://www.inaturalist.org/attachment_defaults/general/span2.png,Southern District Botswana,-24.9351846417,24.4917567605,42,91b4fd66-f486-4b02-889d-baeea77feb5c
150837,"City Nature Challenge 2023: Wichita Falls, Texas -Rolling Plains Chapter TMN Region",city-nature-challenge-2023-wichita-falls-texas-rolling-plains-chapter-tmn-region,1768.0,https://static.inaturalist.org/projects/150837-icon-span2.jpg?1674523300,"Archer County, US, TX",33.6152525556,-98.6876492947,677,8cf19c49-90f1-4e6d-993d-f2517b653eb1
151172,City Nature Challenge 2023: Heart of Texas,city-nature-challenge-2023-heart-of-texas,1878.0,https://static.inaturalist.org/projects/151172-icon-span2.png?1675113933,"Bell County, US, TX",31.0376717121,-97.4782023946,1547,f04e6f55-c534-4107-bc5e-623ec4d27d3d
150899,City Nature Challenge 2023: San Antonio Metro Area,city-nature-challenge-2023-san-antonio-metro-area,121345.0,https://static.inaturalist.org/projects/150899-icon-span2.png?1675114069,"Greater San Antonio Metro Area, US, TX",29.4283759955,-98.6028260344,2511,2c0dbe9c-0a1a-4a92-bb7c-40e51a299879
153881,"City Nature Challenge 2023: Mustang Island, Texas",city-nature-challenge-2023-mustang-island-texas,131565.0,https://static.inaturalist.org/projects/153881-icon-span2.png?1675203616,"Mustang Island & Surrounding Waters, TX, US",27.7704923982,-97.1019906339,486,e6548bcb-f1cc-42ce-8622-dd148dad3945
157610,"City Nature Challenge 2023: Columbia-Shuswap Regional District, BC",city-nature-challenge-2023-columbia-shuswap-regional-district-bc,27526.0,https://www.inaturalist.org/attachment_defaults/general/span2.png,"Columbia-Shuswap, CA, BC",51.3837487996,-117.9524121902,180,7a921bbe-5b39-44b2-a13a-0eba5b443373
155472,City Nature Challenge 2023: Surat Thani,city-nature-challenge-2023-surat-thani,45959.0,https://static.inaturalist.org/projects/155472-icon-span2.png?1682694311,"Muang Surat Thani, TH, ST",9.1144421607,99.3292280126,133,4a342c5c-a546-4a61-9aa4-34328f3fa075
154116,Reto  Naturalista Urbano 2023: San Cristóbal de las Casas,reto-naturalista-urbano-2023-san-cristobal-de-las-casas,152185.0,https://static.inaturalist.org/projects/154116-icon-span2.jpg?1682054289,"San Cristóbal de las Casas, CH, MX",16.6879235958,-92.6015717559,332,8ca45117-c064-48a7-b74b-ff0e1d475214
150832,"Reto Naturalista Urbano 2023: Tapachula, Chiapas, MX",reto-naturalista-urbano-2023-tapachula-chiapas-mx,101683.0,https://static.inaturalist.org/projects/150832-icon-span2.jpg?1668462925,"Tapachula, CA, MX",14.8951041247,-92.3203090205,138,25f61ef6-67dc-482f-ae93-d764c4fa1fc0
155730,"Reto Naturalista Urbano Tuxtla Gutiérrez 2023, Chiapas.",reto-naturalista-urbano-tuxtla-gutierrez-2023-chiapas,101694.0,https://static.inaturalist.org/projects/155730-icon-span2.png?1678983417,"Tuxtla Gutiérrez, CA, MX",16.7394474782,-93.1372938258,108,30b3be04-5808-4f7e-ae9f-896b7cb7b577
152467,CNC 2023 Ciudad de México,cnc-2023-ciudad-de-mexico,59014.0,https://static.inaturalist.org/projects/152467-icon-span2.png?1681331147,"Distrito Federal, MX",19.2768896365,-99.1394111886,1246,b1ad4e67-7a1f-4b8c-b9d7-f91b1af5fc2e
154027,"Reto Naturalista Urbano 2023: Tecámac, Edo. de México",reto-naturalista-urbano-2023-tecamac-edo-de-mexico,37094.0,https://static.inaturalist.org/projects/154027-icon-span2.png?1679551913,"Tecámac, MX, MX",19.7058365103,-98.9865078453,170,87b0be95-bbc6-496c-a529-42b8d994f074
156375,"City Nature Challenge 2023: Klang Valley, Malaysia",city-nature-challenge-2023-klang-valley-malaysia,137749.0,https://static.inaturalist.org/projects/156375-icon-span2.png?1674657414,"Klang Valley (2019), MY",3.0581945437,101.6303029171,1272,ab599172-6773-493d-8eeb-1f369b507521
156072,"City Nature Challenge 2023: Bolton, VT",city-nature-challenge-2023-bolton-vt,55396.0,https://static.inaturalist.org/projects/156072-icon-span2.png?1674761017,"Bolton, US, VT",44.4000865,-72.877249,139,45b89d0d-4baa-4ce6-8ac3-a3f5379e87de
151887,City Nature Challenge 2023: Washington DC Metro Area,city-nature-challenge-2023-washington-dc-metro-area,118683.0,https://static.inaturalist.org/projects/151887-icon-span2.jpg?1678487775,"Washington Metropolitan Area, US",38.8334829511,-77.4742858789,2839,f640ad5b-a3bc-460a-abb8-a57f195ed241
153734,2023 City Nature Challenge: Fairfield and Westchester County,2023-city-nature-challenge-fairfield-and-westchester-county,155256.0,https://static.inaturalist.org/projects/153734-icon-span2.png?1674595359,Westchester-NY-Fairfield-CT,41.2039195211,-73.5025311875,760,98a12fb0-47ab-4961-a814-fdc48ae44581
155883,City Nature Challenge 2023: Santa Barbara County,city-nature-challenge-2023-santa-barbara-county,1531.0,https://static.inaturalist.org/projects/155883-icon-span2.png?1674255868,"Santa Barbara County, US, CA",34.5383440862,-120.0307861831,822,0c424bd6-00d6-4432-88ef-2ff9f20c686c
152663,City Nature Challenge 2023: San Diego County,city-nature-challenge-2023-san-diego-county,54501.0,https://static.inaturalist.org/projects/152663-icon-span2.png?1674597541,"San Diego County including Pelagic Waters, CA, US",33.0195352876,-116.981055,2476,1e7cd51f-8227-4c38-a536-ac7467287d01
149973,"City Nature Challenge 2023: Monterey Bay Area, California",city-nature-challenge-2023-monterey-bay-area-california,418.0,https://static.inaturalist.org/projects/149973-icon-span2.png?1676159801,"Santa Cruz County, US, CA",37.0216059064,-122.0097874094,1152,9a77e704-ad11-418a-b6b2-d7b11580c01e
152463,City Nature Challenge 2023: Greater Richmond Region,city-nature-challenge-2023-greater-richmond-region,124969.0,https://static.inaturalist.org/projects/152463-icon-span2.jpg?1680619991,"Richmond, Petersburg, Charles City, Chesterfield, Hanover, Henrico, New Kent , US, Richmond, VA",37.5266848045,-77.3633445273,882,a9be7a1a-0479-4af2-ac53-543b3d58d084
154470,City Nature Challenge 2023-Monte Pisano -Cluster Biodiversità Italia,city-nature-challenge-2023-monte-pisano-cluster-biodiversita-italia,173812.0,https://www.inaturalist.org/attachment_defaults/general/span2.png,"Monti Pisani, IT",43.7608880761,10.5227714341,203,b279f047-07e6-4efc-9403-a8eab4709d62
150508,"City Nature Challenge 2023: Acuña, Coahuila, México",city-nature-challenge-2023-acuna-coahuila-mexico,101530.0,https://static.inaturalist.org/projects/150508-icon-span2.jpg?1668023717,"Acuña, MX, CP",29.4325658286,-102.0101356056,13,1b290ce8-325b-4e72-b8f6-ca8e9a51a7d5
121870,Reto Naturalista Urbano 2023 Centro Sur Chihuahua Octubre 6 al 9,reto-naturalista-urbano-2023-centro-sur-chihuahua-octubre-6-al-9,101513.0,https://static.inaturalist.org/projects/121870-icon-span2.jpg?1696526648,"Meoqui, MX, CH",28.3506235878,-105.5014635521,505,fa10f24e-2923-46fd-ae7f-4673b29f54ae
149967,City Nature Challenge 2023: Sacramento Region,city-nature-challenge-2023-sacramento-region,2282.0,https://static.inaturalist.org/projects/149967-icon-span2.png?1677618960,"Yolo County, US, CA",38.6866464809,-121.9016204561,1588,6f10db7e-f76f-4f82-ad16-c7a489fa4f78
151319,"Tri-City Nature Challenge 2023: British Columbia, Canada",tri-city-nature-challenge-2023-british-columbia-canada,177958.0,https://static.inaturalist.org/projects/151319-icon-span2.png?1675787949,"City of Port Coquitlam, BC, CA",49.2533418185,-122.76245598,360,6345177a-a736-4511-8610-9650a50686b5
155694,City Nature Challenge 2023: Nairobi,city-nature-challenge-2023-nairobi,10957.0,https://www.inaturalist.org/attachment_defaults/general/span2.png,"Nairobi, KE",-1.2901994047,36.8669524156,87,dfefaefa-b458-48a4-8c46-9bc7a9bc3d22
153073,City Nature Challenge 2023: Sierra de Guadalupe CDMX/EdoMex,city-nature-challenge-2023-sierra-de-guadalupe-cdmx-edomex,163274.0,https://static.inaturalist.org/projects/153073-icon-span2.jpg?1681759029,"Barranca Ehecatl, MX, MX",19.5914824162,-99.0554313183,685,ce0175a6-db3b-41c1-8779-a82ea89f2480
155744,"Reto Naturalista Urbano 2023 Acámbaro, Guanajuato, México.",reto-naturalista-urbano-2023-acambaro-guanajuato-mexico,36684.0,https://static.inaturalist.org/projects/155744-icon-span2.jpg?1673900410,"Acámbaro, MX, GJ",20.0524668852,-100.7519671513,391,2baf4099-2062-4777-ae9c-1749d3c57b1f
145756,Reto Naturalista Urbano 2023: Guanajuato Zona Metropolitana,reto-naturalista-urbano-2023-guanajuato-zona-metropolitana,145168.0,https://static.inaturalist.org/projects/145756-icon-span2.JPG?1671903428,"Guanajuato Zona Metropolitana, GJ, MX",20.9979427012,-101.2743214625,4,9aa5bb86-d6a7-4cf5-b8f7-71537eba58a7
153263,Reto Naturalista Urbano Acapulco 2023,reto-naturalista-urbano-acapulco-2023,101542.0,https://www.inaturalist.org/attachment_defaults/general/span2.png,"Acapulco de Juárez, GR, MX",16.9274663486,-99.7319958738,180,4406ec29-3182-445a-a1a9-638fa3aa2ba5
153136,City Nature Challenge 2023: Taxco de Alarcón,city-nature-challenge-2023-taxco-de-alarcon,36785.0,https://static.inaturalist.org/projects/153136-icon-span2.png?1671643467,"Taxco de Alarcón, MX, GR",18.520040785,-99.5974402305,3,44b528f6-ffb3-4d92-8e2c-19eb2459b2e9
153258,"Reto Mundial Naturalista 2023: Huichapan, Nopala y Tecozautla, Hidalgo",reto-mundial-naturalista-2023-huichapan-nopala-y-tecozautla-hidalgo,36862.0,https://static.inaturalist.org/projects/153258-icon-span2.png?1676572005,"Tecozautla, HI, MX",20.5392632672,-99.6324318776,183,00b30dd1-3701-4aea-a011-c8f3f2899aff
154370,Reto Naturalista Urbano 2023 Guadalajara ZM,reto-naturalista-urbano-2023-guadalajara-zm,36889.0,https://static.inaturalist.org/projects/154370-icon-span2.jpg?1673407753,"Acatlán de Juárez, MX, JA",20.4284935115,-103.6088456754,827,a54c2fc3-42c9-42e2-b4df-34cd4a888839
154590,City Nature Challenge 2023 Zapotiltic,city-nature-challenge-2023-zapotiltic,37009.0,https://static.inaturalist.org/projects/154590-icon-span2.jpg?1673636374,"Zapotiltic, JA, MX",19.621605462,-103.3457807579,68,2f7b1a9b-556b-42a6-ab78-253ddc8d7e9d
156223,Reto Naturalista Urbano Costa y Sierra Occidental de Jalisco y Sur de Nayarit - 2023,reto-naturalista-urbano-costa-y-sierra-occidental-de-jalisco-y-sur-de-nayarit-2023,57991.0,https://static.inaturalist.org/projects/156223-icon-span2.png?1674432809,"Bahía de Banderas, MX, NA",20.8271586651,-105.3300199683,609,001ea9d9-c033-489c-93ef-99021a873a54
153862,"Reto Naturalista Urbano 2023: León, Guanajuato, México.",reto-naturalista-urbano-2023-leon-guanajuato-mexico,36701.0,https://static.inaturalist.org/projects/153862-icon-span2.jpg?1682018747,"León, MX, GJ",21.1247492484,-101.6224026195,15,2045ec24-f7fa-489b-b1a6-8a293233c5d1
152256,City Nature Challenge 2023: Ecatepec de Morelos,city-nature-challenge-2023-ecatepec-de-morelos,37046.0,https://static.inaturalist.org/projects/152256-icon-span2.png?1670360111,"Ecatepec de Morelos, MX, MX",19.5727837345,-99.0432117361,587,fa7b54b3-ba07-4775-9d8f-ba8132cfd826
152180,Reto Naturalista Urbano 2023: Monterrey Zona Metropolitana,reto-naturalista-urbano-2023-monterrey-zona-metropolitana,37338.0,https://static.inaturalist.org/projects/152180-icon-span2.png?1670266106,"Monterrey, MX, NL",25.6448319449,-100.3110151153,2343,aa1f73d6-dec1-418b-8a91-f6fbf9b7f633
153093,CNC 2023 Puebla y Zona Metropolitana,cnc-2023-puebla-y-zona-metropolitana,37394.0,https://static.inaturalist.org/projects/153093-icon-span2.png?1682745544,"Amozoc, MX, PU",19.0472762514,-98.0531078413,369,f64ff0a8-ec9c-4f34-bfb7-e21b6570882b
145757,Reto Naturalista Urbano 2023: Querétaro Zona Metropolitana,reto-naturalista-urbano-2023-queretaro-zona-metropolitana,146263.0,https://static.inaturalist.org/projects/145757-icon-span2.JPG?1671903592,"Querétaro Zona Metropolitana, QE, MX",20.6323091688,-100.4258235095,102,20ec91f5-82c2-4c1c-ac2b-54ed8e488f42
153330,"Reto Naturalista Urbano 2023: Sierra Gorda Qro, Gto y SLP",reto-naturalista-urbano-2023-sierra-gorda-qro-gto-y-slp,55337.0,https://static.inaturalist.org/projects/153330-icon-span2.jpg?1671905958,"Reserva de la Biosfera Sierra Gorda de Guanajuato, GJ, MX",21.4080819074,-100.1089550025,82,854dc701-7c12-4ec0-80e9-b1632a074105
153094,CNC 2023 Solidaridad QRoo,cnc-2023-solidaridad-qroo,55955.0,https://www.inaturalist.org/attachment_defaults/general/span2.png,"Solidaridad, MX, QR",20.587158461,-87.3567053379,233,dae16abe-9353-41cd-b341-8d922324fbff
155891,City Nature Challente 2023 | EcoBahia-Tulúm,city-nature-challente-2023-ecobahia-tulum,57994.0,https://static.inaturalist.org/projects/155891-icon-span2.jpg?1680884076,"Tulum, MX, QR",20.2546536094,-87.617594648,73,5532cf92-92bf-41bb-8750-073d1aeeaaea
156486,City Nature Challenge 2023: Industrieviertel,city-nature-challenge-2023-industrieviertel,14908.0,https://static.inaturalist.org/projects/156486-icon-span2.png?1674740558,"Wiener Neustadt Land, NO, AT",47.7569020701,16.1090431908,1410,2790bd8c-9e80-4a28-ae50-709b60222abe
156501,City Nature Challenge 2023: Innsbruck,city-nature-challenge-2023-innsbruck,14952.0,https://static.inaturalist.org/projects/156501-icon-span2.png?1674804361,"Innsbruck, TR, AT",47.288239123,11.3796795007,736,c4585a48-115e-4018-8d9f-fcb09bc2ed04
152645,Reto NaturaLista 2023 Cedral - ANP Wirikuta,reto-naturalista-2023-cedral-anp-wirikuta,37626.0,https://static.inaturalist.org/projects/152645-icon-span2.jpg?1680827396,"Cedral, MX, SL",23.9303543248,-100.6737463602,190,40f14715-3a0d-4c0c-801c-7751d788ebcd
156493,City Nature Challenge 2023: Vorarlberg,city-nature-challenge-2023-vorarlberg,10470.0,https://static.inaturalist.org/projects/156493-icon-span2.png?1674746250,"Vorarlberg, AT",47.2401489243,9.8963661576,167,67f7051f-f2ff-4a2a-b2db-7929d00d12a1
145759,"Reto Naturalista Urbano 2023: Ciudad Valles y Huasteca Potosina, SLP",reto-naturalista-urbano-2023-ciudad-valles-y-huasteca-potosina-slp,150280.0,https://static.inaturalist.org/projects/145759-icon-span2.jpg?1671904484,"Ciudad Valles Zona Metropolitana, SL, MX",21.9958292905,-99.0061705092,102,8d153477-b76f-4e38-b6c0-26660b0720d2
145755,Reto Naturalista Urbano 2023: San Luis Potosí Zona Metropolitana,reto-naturalista-urbano-2023-san-luis-potosi-zona-metropolitana,145169.0,https://www.inaturalist.org/attachment_defaults/general/span2.png,"San Luis Potosí Zona Metropolitana, SL, MX",22.0990772079,-100.9906012815,53,79dbe7e5-99e6-4b62-8f82-baa997b6dab0
150610,"City Nature Challenge 2023: Ahome, Sinaloa",city-nature-challenge-2023-ahome-sinaloa,37676.0,https://static.inaturalist.org/projects/150610-icon-span2.png?1670360063,"Ahome, MX, SI",25.8854052641,-109.1630870704,714,17512c85-d717-4c3c-994e-fe80457ed441
153133,"City Nature Challenge 2023: Badiraguato, Sinaloa",city-nature-challenge-2023-badiraguato-sinaloa,37677.0,https://static.inaturalist.org/projects/153133-icon-span2.png?1676912484,"Badiraguato, MX, SI",25.5908547135,-107.3959647315,103,6491a0a0-a2f8-449f-8c86-e0547b999897
153135,"City Nature Challenge 2023: Concordia, Sinaloa",city-nature-challenge-2023-concordia-sinaloa,37680.0,https://static.inaturalist.org/projects/153135-icon-span2.png?1676912788,"Concordia, MX, SI",23.4141686574,-105.9917877809,310,594d8c09-7f06-4b09-86a0-5c735cd60ae0
152252,"City Nature Challenge 2023: Cosalá, Sinaloa",city-nature-challenge-2023-cosala-sinaloa,37681.0,https://static.inaturalist.org/projects/152252-icon-span2.png?1670360052,"Cosalá, SI, MX",24.4814837601,-106.7994351323,2398,cd80288c-8cf4-4122-ad58-a6bb55220919
152285,"City Nature Challenge 2023: Culiacán, Sinaloa",city-nature-challenge-2023-culiacan-sinaloa,49407.0,https://static.inaturalist.org/projects/152285-icon-span2.png?1677085646,"Culiacán, MX, SI",24.6236008417,-107.2821215301,1033,8eb348e4-62ec-4f06-8d96-239ee08fd118
152254,"City Nature Challenge 2023: Elota, Sinaloa",city-nature-challenge-2023-elota-sinaloa,37684.0,https://static.inaturalist.org/projects/152254-icon-span2.png?1670360073,"Elota, SI, MX",24.0266950721,-106.8595415261,1116,ed10d2f9-d527-4882-9015-7dcad84035b1
152255,"City Nature Challenge 2023: Escuinapa, Sinaloa",city-nature-challenge-2023-escuinapa-sinaloa,37685.0,https://static.inaturalist.org/projects/152255-icon-span2.png?1670360083,"Escuinapa, MX, SI",22.7187199011,-105.7083521265,510,9a80c94c-1ff3-4710-a6d0-4faa525d77b2
152251,"City Nature Challenge 2023: Mazatlán, Sinaloa",city-nature-challenge-2023-mazatlan-sinaloa,37688.0,https://static.inaturalist.org/projects/152251-icon-span2.png?1683525900,"Mazatlán, MX, SI",23.4396087534,-106.3257514205,2220,8764bd07-7b40-4c38-81cc-f55bada4e81d
153134,"City Nature Challenge 2023: Navolato, Sinaloa",city-nature-challenge-2023-navolato-sinaloa,57997.0,https://static.inaturalist.org/projects/153134-icon-span2.png?1676912646,"Navolato, SI, MX",24.7149866885,-107.7843222546,212,dfd6238d-33fb-487c-8991-89967eb638f3
153070,"City Nature Challenge 2023: San Ignacio, Sinaloa",city-nature-challenge-2023-san-ignacio-sinaloa-99d2591b-e319-4ded-b1e3-6e04a4691e60,37691.0,https://static.inaturalist.org/projects/153070-icon-span2.png?1677085626,"San Ignacio, MX, SI",23.9382198731,-106.388394912,333,0ab5acd2-98de-4da0-a21e-5ad3406a137c
153261,Reto Naturalista Urbano Tlaxcala 2023,reto-naturalista-urbano-tlaxcala-2023,37854.0,https://static.inaturalist.org/projects/153261-icon-span2.png?1680222446,"Tlaxcala, MX, TL",19.3093473352,-98.2366939254,298,d43231d0-241d-4421-8909-af26698ae217
152986,"Reto Mundial Naturalista 2023: Guadalupe,Nuevo León",reto-mundial-naturalista-2023-guadalupe-nuevo-leon,37323.0,https://static.inaturalist.org/projects/152986-icon-span2.png?1676570120,"Guadalupe, MX, NL",25.6726512411,-100.2057778123,476,368631ba-16b2-4c9b-b6ca-b5b072c4fc5a
151630,"Reto Naturalista Urbano 2023: Colima, Villa de Álvarez",reto-naturalista-urbano-2023-colima-villa-de-alvarez,101592.0,https://static.inaturalist.org/projects/151630-icon-span2.jpg?1682476049,"Colima, CL, MX",19.1160960938,-103.63266776,139,cf090c7d-f943-4bb5-8ac1-86fffdcf61ff
151631,"Reto Naturalista Urbano 2023: Manzanillo, Armería",reto-naturalista-urbano-2023-manzanillo-armeria,101596.0,https://static.inaturalist.org/projects/151631-icon-span2.jpg?1682476001,"Manzanillo, CL, MX",19.1323595345,-105.1733251205,226,72639520-3154-4424-90bd-d562fd43c0fe
150846,"Reto Naturalista Urbano 2023: Amanalco de Becerra, Edo. Mex.",reto-naturalista-urbano-2023-amanalco-de-becerra-edo-mex,37019.0,https://static.inaturalist.org/projects/150846-icon-span2.png?1676394795,"Amanalco, MX, MX",19.250931481,-99.9883931997,372,a6fc39e9-63ed-4897-a150-89303749575b
152997,"Reto Mundial Naturalista 2023: Tulancingo, Hidalgo",reto-mundial-naturalista-2023-tulancingo-hidalgo,36879.0,https://static.inaturalist.org/projects/152997-icon-span2.png?1676566122,"Tulancingo de Bravo, MX, HI",20.1236012114,-98.3509396853,40,37a9d17c-8a2f-46ce-ae29-87ce97e0f849
156310,City Nature Challenge 2023: Ōtautahi/Christchurch,city-nature-challenge-2023-otautahi-christchurch,129542.0,https://static.inaturalist.org/projects/156310-icon-span2.png?1678060048,"Christchurch District, NZ",-43.6818287889,172.7656765803,1625,deff8bc9-7a8e-4be0-b744-ed334206542d
156503,City Nature Challenge 2023: St. Louis,city-nature-challenge-2023-st-louis,124535.0,https://static.inaturalist.org/projects/156503-icon-span2.png?1674755752,"St. Louis-St. Charles-Farmington, MO-IL Combined Statistical Area",38.6842537607,-90.2657129254,1211,d41f1be6-33a2-4e3c-9c80-205d99cf6ecb
156451,Reto Naturalista Urbano 2023: Bucaramanga,reto-naturalista-urbano-2023-bucaramanga,135899.0,https://static.inaturalist.org/projects/156451-icon-span2.jpg?1682179983,"Área Metropolitana de Bucaramanga, ST, CO",7.0257791887,-73.1210822627,1035,db74ec0b-0738-47ae-bc82-c8983c607567
156427,City Nature Challenge 2023: metro Edmonton area,city-nature-challenge-2023-metro-edmonton-area,164051.0,https://www.inaturalist.org/attachment_defaults/general/span2.png,"Edmonton metropolitan area, AB, CA",53.5203211845,-113.5149770912,407,88230c59-408a-4186-bd49-40b10dbd0b3c
156347,"City Nature Challenge 2023: North Platte, Nebraska",city-nature-challenge-2023-north-platte-nebraska,785.0,https://static.inaturalist.org/projects/156347-icon-span2.png?1674585029,"Lincoln County, US, NE",41.047767486,-100.7452338457,25,e3a41c4a-53a4-4a88-947b-98ba25d31240
150873,City Nature Challenge 2023: Lower Rio Grande Valley,city-nature-challenge-2023-lower-rio-grande-valley,94019.0,https://static.inaturalist.org/projects/150873-icon-span2.png?1674597035,"Lower Rio Grande Valley, US, TX",26.3875737121,-98.0512275428,2087,4499a9d0-5bdc-49f5-90f5-fd332563ac6b
153455,City Nature Challenge 2023: Houston-Galveston,city-nature-challenge-2023-houston-galveston,110679.0,https://static.inaturalist.org/projects/153455-icon-span2.png?1674527144,"Greater Houston Area, US, TX",29.7406407353,-95.347403234,3546,ead2708d-cc70-4b86-b7f4-11e55f27b772
152541,City Nature Challenge 2023: El Paso,city-nature-challenge-2023-el-paso,982.0,https://static.inaturalist.org/projects/152541-icon-span2.png?1676852672,"El Paso County, TX, US",31.7685507128,-106.2348287294,416,8dcff3bd-0bde-41cf-8fbb-353150ab32e0
152489,City Nature Challenge 2023: Dallas/Fort Worth,city-nature-challenge-2023-dallas-fort-worth,57484.0,https://static.inaturalist.org/projects/152489-icon-span2.png?1675113578,"DFW Metroplex, TX, US",32.7435276462,-97.0715475082,3006,9ebcc7e8-106d-4b29-b252-df5f37b8eace
150069,"City Nature Challenge 2023: Brazos Valley, TX",city-nature-challenge-2023-brazos-valley-tx,799.0,https://static.inaturalist.org/projects/150069-icon-span2.png?1674597440,"Brazos County, TX, US",30.6607996934,-96.3023855796,1128,fada0926-7cd1-4437-896a-da5ae9e24077
150854,City Nature Challenge 2023: Texas Big Country,city-nature-challenge-2023-texas-big-country,891.0,https://www.inaturalist.org/attachment_defaults/general/span2.png,"Runnels County, US, TX",31.831095248,-99.9762313038,640,6a77350b-ae96-4699-8524-ededbc36c5a3
152703,City Nature Challenge 2023:Northeast Tennessee,city-nature-challenge-2023-northeast-tennessee,793.0,https://static.inaturalist.org/projects/152703-icon-span2.JPG?1674518876,"Johnson County, US, TN",36.4549363188,-81.8517549301,1022,d1781b32-a86a-4bc1-8cd6-797a9fa0bd9b
151968,City Nature Challenge 2023: Knox Area,city-nature-challenge-2023-knox-area,1699.0,https://static.inaturalist.org/projects/151968-icon-span2.jpg?1669924112,"Anderson County, US, TN",36.1184426465,-84.1984630324,1160,4570308b-9eb4-481e-930c-b9ea51b0171c
150875,City Nature Challenge 2023: Greater Chattanooga Area,city-nature-challenge-2023-greater-chattanooga-area,107064.0,https://static.inaturalist.org/projects/150875-icon-span2.png?1689968740,"DeKalb County, AL, US",34.4597728137,-85.8041414489,1119,85a7d94f-a253-463e-8aa0-2953334db1c6
156285,City Nature Challenge 2023: Pierre/Fort Pierre,city-nature-challenge-2023-pierre-fort-pierre,855.0,https://static.inaturalist.org/projects/156285-icon-span2.jpeg?1674504897,"Hughes County, US, SD",44.3890304623,-99.9960499592,67,13b8ab1e-3732-454e-a64d-f313bf4e9caf
156277,City Nature Challenge 2023: INLAND EMPIRE,city-nature-challenge-2023-inland-empire,520.0,https://www.inaturalist.org/attachment_defaults/general/span2.png,"San Bernardino County, US, CA",34.8414375977,-116.1784615835,1770,3ed88a2d-b3d2-4e56-a9eb-c810eb00de37
152828,City Nature Challenge 2023: Providence Area,city-nature-challenge-2023-providence-area,8.0,https://static.inaturalist.org/projects/152828-icon-span2.jpg?1682428380,"Rhode Island, US",41.5946290792,-71.5247424878,607,d23de90a-a6c6-4721-99f0-bc4eeeaad8cc
156060,City Nature Challenge 2023: Southcentral PA Region,city-nature-challenge-2023-southcentral-pa-region,1053.0,https://static.inaturalist.org/projects/156060-icon-span2.png?1674598250,"Bedford County, US, PA",40.0065552673,-78.4903171164,324,f22168b0-92a7-439c-8680-06a78463ea28
149971,"City Nature Challenge 2023: Susquehanna County, PA",city-nature-challenge-2023-susquehanna-county-pa,924.0,https://static.inaturalist.org/projects/149971-icon-span2.png?1675375931,"Susquehanna County, US, PA",41.8213255695,-75.8006826573,256,259c7ec7-2aab-4797-856d-d13535612d03
155892,City Nature Challenge 2023: Pittsburgh Region,city-nature-challenge-2023-pittsburgh-region,913.0,https://www.inaturalist.org/attachment_defaults/general/span2.png,"Allegheny County, US, PA",40.4688336878,-79.9811946288,1239,fc12a6dd-d9e3-4623-be4f-31a0cafe5e04
152483,City Nature Challenge 2023: Greater Philadelphia Area,city-nature-challenge-2023-greater-philadelphia-area,2983.0,https://static.inaturalist.org/projects/152483-icon-span2.png?1670593203,"Philadelphia County, PA, US",40.0076376824,-75.1339618215,2034,6566de78-a04c-4c70-8392-272cb1f25589
152250,City Nature Challenge 2023: NorthEast PA,city-nature-challenge-2023-northeast-pa,186540.0,https://www.inaturalist.org/attachment_defaults/general/span2.png,Northeast PA - 2023 CNC,41.3065313951,-75.5663942941,331,848e48b2-9ab1-4b71-8025-1a9622b7a6a8
152640,City Nature Challenge 2023: Greater Erie,city-nature-challenge-2023-greater-erie,1055.0,https://static.inaturalist.org/projects/152640-icon-span2.png?1706737040,"Erie County, PA, US",42.1174762417,-80.0981063578,505,d21fdf1b-7943-4dbc-8818-846873e3cd7d
155677,City Nature Challenge 2023: Greater Portland-Vancouver Metro Area,city-nature-challenge-2023-greater-portland-vancouver-metro-area,81864.0,https://static.inaturalist.org/projects/155677-icon-span2.png?1677282625,Portland-Vancouver Metro Region,45.5399071755,-122.6795582111,941,5fcb1b70-b7ed-423f-8396-e9ad73b54e5a
154557,Lane County City Nature Challenge 2023,lane-county-city-nature-challenge-2023,981.0,https://static.inaturalist.org/projects/154557-icon-span2.jpg?1677087656,"Lane County, OR, US",43.9415522696,-122.8765497188,704,c1d700bf-fbbf-4669-a5ea-3052ec4b6107
155666,"City Nature Challenge 2023: Clark County, OH",city-nature-challenge-2023-clark-county-oh,1437.0,https://www.inaturalist.org/attachment_defaults/general/span2.png,"Clark County, US, OH",39.9167775627,-83.7838964744,147,1b5da391-0b48-465d-bc2e-8f49c698482a
154495,City Nature Challenge 2023: Northern Ohio,city-nature-challenge-2023-northern-ohio,179337.0,https://static.inaturalist.org/projects/154495-icon-fdd48cfbdeae3a3c2b1021771db1045d-span2.png?1765825582,"Lucas-Ottawa-Sandusky, Ohio",41.4927943959,-83.308548089,1064,9bb10136-5251-4d72-bf86-f284ae6a492f
154502,City Nature Challenge 2023: Cincinnati-Hamilton County,city-nature-challenge-2023-cincinnati-hamilton-county,3059.0,https://static.inaturalist.org/projects/154502-icon-span2.png?1680020466,"Hamilton County, US, OH",39.1955310014,-84.5427747436,534,d0f345e9-b895-4134-a117-ae26f0dc0ebe
149880,City Nature Challenge 2023: Triangle Area,city-nature-challenge-2023-triangle-area,1114.0,https://static.inaturalist.org/projects/149880-icon-span2.jpg?1667317982,"Cumberland County, US, NC",35.0485920016,-78.8274381449,2238,5c66e8c5-cb03-4b98-a0c1-758a072dd9ef
154038,NC Bioblitz 2023: Team Coastal NC,nc-bioblitz-2023-team-coastal-nc,395.0,https://static.inaturalist.org/projects/154038-icon-span2.jpg?1678384717,"Beaufort County, US, NC",35.4858332123,-76.8451608084,1297,f1e5f44a-5e54-41db-ae81-c9108114a093
153466,"City Nature Challenge 2023: Piedmont, NC",city-nature-challenge-2023-piedmont-nc,2723.0,https://static.inaturalist.org/projects/153466-icon-span2.jpg?1680790999,"Guilford County, US, NC",36.0794514702,-79.7890131113,640,0e5d09b1-5432-457c-8fb3-367160390ceb
156048,City Nature Challenge 2023: Charlotte Metro Region,city-nature-challenge-2023-charlotte-metro-region,2178.0,https://www.inaturalist.org/attachment_defaults/general/span2.png,"Cabarrus County, US, NC",35.3869062621,-80.5520606294,629,9e826a87-516d-4e84-a2be-cc819440083a
154494,"City Nature Challenge 2023: Rochester, NY",city-nature-challenge-2023-rochester-ny,138267.0,https://www.inaturalist.org/attachment_defaults/general/span2.png,Central Upstate New York,42.9703681218,-77.4952946223,312,815ebb72-a22d-4132-8de8-56a67584ef75
150108,City Nature Challenge 2023: Ithaca NY,city-nature-challenge-2023-ithaca-ny,155934.0,https://www.inaturalist.org/attachment_defaults/general/span2.png,East Finger Lakes,42.6203098916,-76.511526554,413,e4c2d3cb-17f6-4c21-a3ba-3df2ce90a39f
150347,City Nature Challenge 2023: ABQ,city-nature-challenge-2023-abq,2390.0,https://static.inaturalist.org/projects/150347-icon-span2.jpg?1680712199,"Bernalillo County, US, NM",35.0513140102,-106.670171275,1583,60ca2a90-8cbc-40bb-885e-c694c48615fc
154358,City Nature Challenge 2023: Lincoln- Lancaster County,city-nature-challenge-2023-lincoln-lancaster-county,2338.0,https://static.inaturalist.org/projects/154358-icon-span2.png?1680716637,"Lancaster County, US, NE",40.7841738686,-96.6877552403,546,d968ac42-178f-485d-ac4e-c2c0c835fa00
154222,City Nature Challenge 2023: Scotts Bluff County,city-nature-challenge-2023-scotts-bluff-county,3019.0,https://static.inaturalist.org/projects/154222-icon-span2.png?1675449085,"Scotts Bluff County, US, NE",41.8506075434,-103.7079466484,79,fc54ab39-77fa-4471-83e1-1478515dec6c
156421,City Nature Challenge 2023: Norfolk-Madison County Nebraska,city-nature-challenge-2023-norfolk-madison-county-nebraska,837.0,https://www.inaturalist.org/attachment_defaults/general/span2.png,"Madison County, US, NE",41.9166980974,-97.6007790995,13,0dd36b79-54a1-4733-b6b7-b16c556a7350
153988,"City Nature Challenge 2023: Sanders County, MT",city-nature-challenge-2023-sanders-county-mt,2748.0,https://static.inaturalist.org/projects/153988-icon-span2.png?1675706900,"Sanders County, US, MT",47.6747883931,-115.1333099622,47,9c3f7f7e-7a6b-4be0-9d3e-bad5a35f1692
151905,City Nature Challenge 2023: Red Lodge Area,city-nature-challenge-2023-red-lodge-area,963.0,https://www.inaturalist.org/attachment_defaults/general/span2.png,"Carbon County, US, MT",45.2273857118,-109.0280158841,34,f4690c33-b2a7-4e0e-a200-2008de93c873
155650,City Nature Challenge 2023: Missoula County,city-nature-challenge-2023-missoula-county,366.0,https://www.inaturalist.org/attachment_defaults/general/span2.png,"Missoula County, US, MT",47.0365257138,-113.923739958,162,6f388109-3465-40ff-b650-69367a596e0d
153142,"City Nature Challenge 2023: Lincoln County, MT, USA",city-nature-challenge-2023-lincoln-county-mt-usa,3012.0,https://static.inaturalist.org/projects/153142-icon-span2.jpg?1681873218,"Lincoln County, US, MT",48.5424750901,-115.4050828218,82,4e0f54d2-1a7c-440a-835c-10b170033d58
152501,City Nature Challenge 2023: Brainerd Lakes Area,city-nature-challenge-2023-brainerd-lakes-area,13484.0,https://static.inaturalist.org/projects/152501-icon-span2.png?1674520662,"Crow Wing County, US, MN",46.4823736736,-94.0708739926,145,3ceb7b2e-ce4d-482b-9e5c-3e207df2e86e
155702,City Nature Challenge 2023: Greater Lansing Area,city-nature-challenge-2023-greater-lansing-area,131394.0,https://www.inaturalist.org/attachment_defaults/general/span2.png,"Lansing-East Lansing-Owosso CSA (Ingham, Clinton, Eaton, & Shiawassee Counties), MI, US",42.7388752571,-84.4942789655,290,ba9bddc0-1be4-462c-b6e0-1d6313b48881
153882,City Nature Challenge 2023:Wellesley MA,city-nature-challenge-2023-wellesley-ma,138557.0,https://static.inaturalist.org/projects/153882-icon-span2.PNG?1672864733,"Wellesley, MA, US",42.3060075251,-71.2858213544,89,1cf0c046-8e5e-4144-a66b-8538bea09e29
154284,RETO NATURALISTA URBANO 2023: AYACUCHO PE,reto-naturalista-urbano-2023-ayacucho-pe,13161.0,https://static.inaturalist.org/projects/154284-icon-span2.png?1679709855,"Ayacucho, PE",-14.0915701366,-74.0835041459,479,659b6ae8-c7f3-4bec-a744-2579d9373f1d
155731,RETO NATURALISTA URBANO 2023: JUNIN,reto-naturalista-urbano-2023-junin,13167.0,https://static.inaturalist.org/projects/155731-icon-span2.png?1679709970,"Junín, PE",-11.5418375443,-74.8767937465,477,d209b67a-c7aa-4c7a-acd5-8a425f431766
154285,RETO NATURALISTA URBANO 2023: CALLAHUANCA PE,reto-naturalista-urbano-2023-callahuanca-pe,175020.0,https://static.inaturalist.org/projects/154285-icon-span2.png?1679709909,"Callahuanca District, LR, PE",-11.8134035906,-76.5758334683,36,8effd29b-9134-4206-8b7c-0bd7b07ea481
154286,RETO NATURALISTA URBANO 2023: SAN JERONIMO DE SURCO PE,reto-naturalista-urbano-2023-san-jeronimo-de-surco-pe,176735.0,https://static.inaturalist.org/projects/154286-icon-span2.png?1679710009,"Surco, LR, PE",-11.8771122585,-76.4453579441,293,789f73d5-821a-4a6a-87ab-a3a8d3eb9256
155732,RETO NATURALISTA URBANO 2023: PASCO,reto-naturalista-urbano-2023-pasco,11538.0,https://static.inaturalist.org/projects/155732-icon-span2.png?1679709997,"Pasco, PE",-10.3966200764,-75.3073663969,65,df0115a8-89b8-4269-8989-118ea6438e5e
156489,"City Nature Challenge 2023: Lexington, MA",city-nature-challenge-2023-lexington-ma,170873.0,https://static.inaturalist.org/projects/156489-icon-span2.png?1674745381,Lexington MA 4_21,42.4455183964,-71.2305223124,314,1b6b8d5f-c313-4c7e-b8aa-ca6da8baef8a
150669,City Nature Challenge 2023: Boston Area,city-nature-challenge-2023-boston-area,146061.0,https://static.inaturalist.org/projects/150669-icon-span2.png?1676573484,Boston Area CNC,42.1097984477,-70.6715571202,1974,6021b8f0-faf8-4911-92c5-ef2b7dd2cf2e
154296,City Nature Challenge 2023: Western Mass,city-nature-challenge-2023-western-mass,2012.0,https://www.inaturalist.org/attachment_defaults/general/span2.png,"Hampshire County, US, MA",42.3401381536,-72.6637654436,833,5944a82a-9a68-4be1-acb1-f76e6083e887
149882,City Nature Challenge 2023: Baltimore Metro Area,city-nature-challenge-2023-baltimore-metro-area,1818.0,https://static.inaturalist.org/projects/149882-icon-span2.png?1674506955,"Anne Arundel County, MD, US",38.9941571673,-76.5675970733,1259,f5d2c7bd-6c95-45be-86bc-224599ee0e80
155773,City Nature Challenge 2023 Greater New Orleans,city-nature-challenge-2023-greater-new-orleans,131447.0,https://www.inaturalist.org/attachment_defaults/general/span2.png,New Orleans 2019 City Nature Challenge,29.8738565044,-89.7974758337,1010,1a8cf6a3-a204-46d4-a4b6-f2080ca6e24b
145850,City Nature Challenge 2023: Baton Rouge,city-nature-challenge-2023-baton-rouge,184849.0,https://static.inaturalist.org/projects/145850-icon-span2.png?1679869232,Atchfalaya and Sherburne Conservation Area,30.4485228343,-91.64558244,2246,49b24c96-5a20-4d9d-8494-c13baa10728f
152444,City Nature Challenge 2023 Louisville Metro,city-nature-challenge-2023-louisville-metro,757.0,https://static.inaturalist.org/projects/152444-icon-span2.jpg?1679089024,"Jefferson County, US, KY",38.1871905779,-85.6591582006,747,79a4708f-0634-4856-8b5c-96553ac7d5d7
153065,"City Nature Challenge 2023: Lexington-Fayette County, KY, USA",city-nature-challenge-2023-lexington-fayette-county-ky-usa,1958.0,https://static.inaturalist.org/projects/153065-icon-span2.png?1678735268,"Fayette County, US, KY",38.0423240909,-84.4587260137,710,69cb3d78-17b8-4156-813f-d5ca4015ff85
153751,City Nature Challenge 2023: Regina and Area,city-nature-challenge-2023-regina-and-area,164401.0,https://static.inaturalist.org/projects/153751-icon-span2.png?1672681716,City Nature Challenge 2021: Regina and Area,50.5002294342,-104.654306352,199,92edc8be-3518-4e82-abc2-53da482946b1
150652,City Nature Challenge 2023: Greater Des Moines,city-nature-challenge-2023-greater-des-moines,1582.0,https://static.inaturalist.org/projects/150652-icon-span2.png?1674158966,"Polk County, IA, US",41.6855048253,-93.5735335443,94,468101a0-0ae0-47e9-b491-37e0321142c2
135358,City Nature Challenge 2023: Chicagoland Region,city-nature-challenge-2023-chicagoland-region,1859.0,https://static.inaturalist.org/projects/135358-icon-span2.png?1674484352,"Cook County, IL, US",41.895416779,-87.6461648852,1276,243282c5-f607-4a9f-af66-5a547a6af0f0
152732,City Nature Challenge 2023: Rock River Valley,city-nature-challenge-2023-rock-river-valley,2679.0,https://static.inaturalist.org/projects/152732-icon-span2.png?1682700617,"Winnebago County, US, IL",42.3362645273,-89.1608527186,708,5f75bf2b-ecd9-48bb-bee4-812ea8303b23
151116,"City Nature Challenge 2023: Shoshone County, ID",city-nature-challenge-2023-shoshone-county-id,3016.0,https://www.inaturalist.org/attachment_defaults/general/span2.png,"Shoshone County, ID, US",47.3516596517,-115.8910862402,1,8f19a83b-e2c4-4593-ab72-7455af8164f4
151118,"City Nature Challenge 2023: Latah County, ID",city-nature-challenge-2023-latah-county-id,2817.0,https://www.inaturalist.org/attachment_defaults/general/span2.png,"Latah County, ID, US",46.8161275056,-116.7116797896,320,9cf92634-52f4-472e-9e26-2cd89a9fe7bd
151122,"City Nature Challenge 2023: Idaho County, ID",city-nature-challenge-2023-idaho-county-id,2294.0,https://www.inaturalist.org/attachment_defaults/general/span2.png,"Idaho County, US, ID",45.84419818,-115.4674599072,35,49ae18d8-df50-4ca3-a081-9134fbd5e108
156678,City Nature Challenge 2023: Ngāmotu/New Plymouth,city-nature-challenge-2023-ngamotu-new-plymouth,117937.0,https://static.inaturalist.org/projects/156678-icon-span2.jpg?1680477539,"Komene CoastBlitz area, TK, NZ",-39.1796356811,173.8143791333,1442,a07a520d-ffe0-4a22-8b1c-42d7e8e066b5
156767,Biomaraton CNC 2023 Boalo-Cerceda-Mataelpino,biomaraton-cnc-2023-boalo-cerceda-mataelpino,179329.0,https://static.inaturalist.org/projects/156767-icon-span2.png?1675344177,El Boalo-Cerceda-Matalpino,40.7090558485,-3.9220229624,122,c44b03c9-bc09-4227-b21e-2599f61eac88
156766,Biomaratón CNC 2023 Guadalix de la Sierra,biomaraton-cnc-2023-guadalix-de-la-sierra,161695.0,https://static.inaturalist.org/projects/156766-icon-span2.jpg?1675686114,Guadalix de la Sierra,40.7685155689,-3.6842302215,184,bb1130b8-219a-4178-bd53-d8f80aa235db
156508,"City Nature Challenge 2023: Sherburne, NY",city-nature-challenge-2023-sherburne-ny,130382.0,https://static.inaturalist.org/projects/156508-icon-span2.jpg?1674758053,Rogers Environmental Education Center,42.6830231462,-75.5250353972,334,2545db02-179a-4b2f-89eb-7ee94b98176c
156846,"City Nature Challenge 2023: Angostura, Sinaloa",city-nature-challenge-2023-angostura-sinaloa,49406.0,https://static.inaturalist.org/projects/156846-icon-span2.png?1676912387,"Angostura, MX, SI",25.1246802321,-108.156713535,161,cb120980-214b-4c11-bc92-dad5bd11ec16
156845,"City Nature Challenge 2023: Choix, Sinaloa",city-nature-challenge-2023-choix-sinaloa,37679.0,https://static.inaturalist.org/projects/156845-icon-span2.png?1676912578,"Choix, MX, SI",26.6803064126,-108.2770416818,66,33f516b2-8026-499e-8051-77932da8ffeb
156903,City Nature Challenge 2023: Indianapolis,city-nature-challenge-2023-indianapolis,840.0,https://static.inaturalist.org/projects/156903-icon-span2.png?1675184998,"Marion County, US, IN",39.7817096702,-86.1384716976,799,fd9d6863-922b-498a-b1fe-e0335303c8da
156947,City Nature Challenge 2023: Greater Sydney,city-nature-challenge-2023-greater-sydney,142327.0,https://static.inaturalist.org/projects/156947-icon-span2.JPG?1675253906,"Greater Sydney Area, NSW AU",-33.8703434242,151.0680433674,1091,5f9b1cfa-8529-492e-b4b8-6b73801d2756
151117,"City Nature Challenge 2023: Clearwater County, ID",city-nature-challenge-2023-clearwater-county-id,1745.0,https://www.inaturalist.org/attachment_defaults/general/span2.png,"Clearwater County, US, ID",46.6736925081,-115.6568909489,5,bb02fb91-0eb5-44d7-94c2-a32084045095
152742,"City Nature Challenge 2023: Canyon County, ID",city-nature-challenge-2023-canyon-county-id,1820.0,https://static.inaturalist.org/projects/152742-icon-span2.png?1674665612,"Canyon County, ID, US",43.6251335644,-116.7092925128,220,f602d00b-c812-4d9d-8d44-075b116c6cdd
151112,"City Nature Challenge 2023: Boundary County, ID",city-nature-challenge-2023-boundary-county-id,1744.0,https://www.inaturalist.org/attachment_defaults/general/span2.png,"Boundary County, ID, US",48.7670009642,-116.4628497413,16,f6073e54-ce1c-4c47-845d-db2bd2c3fbc1
151108,"City Nature Challenge 2023: Bonner County, ID",city-nature-challenge-2023-bonner-county-id,2289.0,https://www.inaturalist.org/attachment_defaults/general/span2.png,"Bonner County, US, ID",48.2997582932,-116.6008014119,264,7e2d8e12-4447-40af-a3e2-462d7fbd1ad7
148603,City Nature Challenge 2023: Boise Metro Area,city-nature-challenge-2023-boise-metro-area,1933.0,https://static.inaturalist.org/projects/148603-icon-span2.png?1679924548,"Ada County, US, ID",43.4511180716,-116.2410860753,634,db01f381-2acb-4518-8bb1-2fcde63535f9
152705,City Nature Challenge 2023: Maui,city-nature-challenge-2023-maui,51507.0,https://static.inaturalist.org/projects/152705-icon-span2.png?1674883479,"Maui, HI, US",20.8127398139,-156.3345128763,80,cfdb1a2f-3b77-4873-b4ce-1574ee0ab885
154324,City Nature Challenge 2023: Fort Wayne Area,city-nature-challenge-2023-fort-wayne-area,2094.0,https://www.inaturalist.org/attachment_defaults/general/span2.png,"Adams County, US, IN",40.7456599313,-84.9366547189,370,4f1590ab-5a08-4445-a602-390472ccb3b2
153725,"City Nature Challenge 2023: Ekaterinburg, Russia / Турнир городской природы 2023: Екатеринбург",city-nature-challenge-2023-ekaterinburg-russia-turnir-gorodskoy-prirody-2023-ekaterinburg,148545.0,https://static.inaturalist.org/projects/153725-icon-span2.jpg?1674894455,"Gorod Ekaterinburg, RU",56.789627072,60.5385498455,692,3eed5b90-7a4c-4258-9fe4-e28aaae31792
155109,City Nature Challenge 2023: Bratislava,city-nature-challenge-2023-bratislava,44565.0,https://static.inaturalist.org/projects/155109-icon-span2.png?1682176135,"Bratislava I, BL, SK",48.1492611244,17.0897997464,77,17bbdf9d-def0-46bb-a733-a1bc06c9e15e
154493,City Nature Challenge 2023: Buffalo City,city-nature-challenge-2023-buffalo-city,108104.0,https://www.inaturalist.org/attachment_defaults/general/span2.png,"Buffalo City, EC, ZA",-32.9718680683,27.6371023239,331,2a764308-3fd0-46f9-a7ff-6ca1fcb840d6
154519,City Nature Challenge 2023: Makgeng,city-nature-challenge-2023-makgeng,108121.0,https://static.inaturalist.org/projects/154519-icon-span2.jpg?1676966259,"Capricorn, NP, ZA",-23.4816277967,29.1834985259,324,87a53b28-7b41-47db-85f9-1d3c828d473b
155690,City Nature Challenge 2023: Nelson Mandela Bay,city-nature-challenge-2023-nelson-mandela-bay,59204.0,https://www.inaturalist.org/attachment_defaults/general/span2.png,"Nelson Mandela Bay, EC, ZA",-33.8378979643,25.5156162673,581,cc8c4bbe-24d7-4678-9097-cbffd26482fe
155692,City Nature Challenge 2023: Pondoland,city-nature-challenge-2023-pondoland,185836.0,https://www.inaturalist.org/attachment_defaults/general/span2.png,"Winnie Madikizela-Mandela Municipality, EC, ZA",-30.9489993383,29.8459400118,57,6dcaa009-3016-4bc9-9eef-d30727b0cfea
154436,City Nature Challenge 2023: eThekwini,city-nature-challenge-2023-ethekwini,108107.0,https://static.inaturalist.org/projects/154436-icon-span2.jpg?1682621419,"eThekwini, NL, ZA",-29.827677079,30.8743676049,2183,5b4f3138-d7b3-4443-a672-f96521c8d2dd
154438,City Nature Challenge 2023: KZN South Coast,city-nature-challenge-2023-kzn-south-coast,108114.0,https://www.inaturalist.org/attachment_defaults/general/span2.png,"Ugu, NL, ZA",-30.558528246,30.2981885329,352,1b2ce8cf-08a0-4aea-a262-498c8f916c01
154465,City Nature Challenge 2023: Waterberg,city-nature-challenge-2023-waterberg,48501.0,https://www.inaturalist.org/attachment_defaults/general/span2.png,"Waterberg, NP, ZA",-24.2051165036,27.9787147385,145,a6e290a3-da47-4e00-884d-8a2d27839a3e
154466,City Nature Challenge 2023: Nelspruit,city-nature-challenge-2023-nelspruit,48522.0,https://static.inaturalist.org/projects/154466-icon-span2.jpg?1677757820,"Nelspruit, MP, ZA",-25.4890485,30.880837,124,ca33a092-d4a9-4454-bcd4-fc84fcb0d22b
151205,City Nature Challenge 2023: Overstrand,city-nature-challenge-2023-overstrand,137973.0,https://static.inaturalist.org/projects/151205-icon-span2.jpg?1680619562,"Overstrand, WC, ZA",-34.4712940771,19.3716484215,2084,fafb9971-10d1-4176-98e1-4fb5c403c67e
154432,City Nature Challenge 2023: Overberg,city-nature-challenge-2023-overberg,181829.0,https://static.inaturalist.org/projects/154432-icon-span2.jpg?1674074255,"Theewaterskloof, WC, ZA",-34.1608492618,19.4395632491,1570,e479ef55-3504-4740-94d9-e7fe26d72ff0
154539,City Nature Challenge 2023: Tshwane,city-nature-challenge-2023-tshwane,50126.0,https://static.inaturalist.org/projects/154539-icon-span2.JPG?1681294466,"City of Tshwane, GT, ZA",-25.6598514004,28.4434331486,665,283ba6ca-df2e-4307-be59-1ba12d0bd0f2
149881,CNC 2023 CREVILLENT I ESPAIS NATURALS,cnc-2023-crevillent-i-espais-naturals,185994.0,https://static.inaturalist.org/projects/149881-icon-span2.JPG?1670096568,Sierra de Crevillent,38.2703219791,-0.8408030578,329,4ac63965-3b5a-4584-ade7-f80eeb446a22
153447,Biomaratón CNC 2023: Guadarrama,biomaraton-cnc-2023-guadarrama,162925.0,https://static.inaturalist.org/projects/153447-icon-span2.png?1672148244,Guadarrama,40.6773048346,-4.1099859371,49,8bc9c961-4445-4400-bf79-4a65efbbd0aa
154205,BIOMARATON CNC COLMENAR VIEJO 2023,biomaraton-cnc-colmenar-viejo-2023,8102.0,https://static.inaturalist.org/projects/154205-icon-span2.png?1673267049,"Colmenar Viejo, MD, ES",40.6642465912,-3.7458004577,529,0b06681f-796a-443e-8981-bef026cc1fbd
154226,Biomaratón CNC 2023 Tres Cantos,biomaraton-cnc-2023-tres-cantos,146748.0,https://static.inaturalist.org/projects/154226-icon-span2.png?1681896210,"Tres Cantos, Madrid, ES",40.6113305456,-3.7259900117,246,616c7354-4370-49b2-8cb3-5f59b596b0dd
152518,Biomaratón CNC 2023: Pamplona / Iruña,biomaraton-cnc-2023-pamplona-iruna,148890.0,https://static.inaturalist.org/projects/152518-icon-span2.png?1670632880,"Pamplona / Iruña Área Metropolitana, ES",42.7993071797,-1.6590201056,584,e66acc0c-6c56-49e9-9ee0-8e6e3e81105b
152869,City Nature Challenge 2023: Central Taiwan,city-nature-challenge-2023-central-taiwan,146729.0,https://static.inaturalist.org/projects/152869-icon-span2.jpg?1672986833,"Central Taiwan, TW",24.1279195166,120.8136019856,1551,145ede7c-1b0f-4346-b761-a9ad181760e7
152868,City Nature Challenge 2023: Chiayi-Yunlin,city-nature-challenge-2023-chiayi-yunlin,138247.0,https://static.inaturalist.org/projects/152868-icon-span2.jpg?1672991543,"嘉義縣, TW",23.4427444803,120.4473116054,2791,da478448-d2e2-4a20-9022-6cd113345280
152484,City Nature Challenge 2023: Hsinchu,city-nature-challenge-2023-hsinchu,141644.0,https://static.inaturalist.org/projects/152484-icon-span2.jpg?1672991636,"新竹市, TW",24.8572160714,120.8196992097,1699,03ab1761-a734-497c-b59f-6789814b06ce
152870,City Nature Challenge 2023: Kaohsiung,city-nature-challenge-2023-kaohsiung,141647.0,https://static.inaturalist.org/projects/152870-icon-span2.jpg?1672991703,"高雄市, TW",22.7867330227,120.3688357704,671,586f9ffe-6d8d-4086-9949-39f83803f008
152875,City Nature Challenge 2023: NewTaipei-Keelung,city-nature-challenge-2023-newtaipei-keelung,97295.0,https://static.inaturalist.org/projects/152875-icon-span2.jpg?1672991720,"New Taipei, TW",25.0659040923,121.6528461963,1750,988796ca-9abf-4c13-9989-de6f68697dbe
152871,City Nature Challenge 2023: Tainan,city-nature-challenge-2023-tainan,141637.0,https://static.inaturalist.org/projects/152871-icon-span2.jpg?1672991737,"台南市, TW",23.054414704,120.0846626081,599,ace9aa73-c7ab-4b49-b2c4-c3911217dbac
152874,City Nature Challenge 2023: Taipei,city-nature-challenge-2023-taipei,106960.0,https://static.inaturalist.org/projects/152874-icon-span2.jpg?1672991755,"Taipei, TW, TP",25.0805708749,121.5538320772,1663,1f7bac16-480c-4595-858d-9a4e6d549743
152872,City Nature Challenge 2023: Taitung,city-nature-challenge-2023-taitung,141636.0,https://static.inaturalist.org/projects/152872-icon-span2.jpg?1672991775,"台東縣, TW",22.5570143301,121.3468798594,407,26b2a452-6f58-4724-96b8-0f50865454b0
152876,City Nature Challenge 2023: Taoyuan,city-nature-challenge-2023-taoyuan,106961.0,https://static.inaturalist.org/projects/152876-icon-span2.jpg?1672991790,"Taoyuan, TW, TP",24.9272159984,121.2385245344,730,47ae57de-8723-46e7-bb8b-42ba5c609938
152873,City Nature Challenge 2023: Yilan-Hualien,city-nature-challenge-2023-yilan-hualien,141634.0,https://static.inaturalist.org/projects/152873-icon-span2.jpg?1672991808,"宜蘭縣, TW",24.5933666986,121.8045015061,1696,8212f6f8-aa23-47f3-973a-10588174fbcb
150734,"City Nature Challenge 2023: Bangkok Metropolitan Region, Thailand",city-nature-challenge-2023-bangkok-metropolitan-region-thailand,12053.0,https://static.inaturalist.org/projects/150734-icon-span2.png?1682295140,"Nakhon Pathom, TH",13.9257944422,100.1056911203,611,8519544a-d6a7-48cb-b846-d0ac99500dad
153928,City Nature Challenge 2023: Maha Sarakham,city-nature-challenge-2023-maha-sarakham,45495.0,https://static.inaturalist.org/projects/153928-icon-span2.png?1672900528,"Kantharawichai, TH, MS",16.2825313638,103.269474929,314,0f93db09-1fd0-4cdd-9bd2-3e01ecdca012
151563,City Nature Challenge 2023: West of England (Bristol and Bath),city-nature-challenge-2023-west-of-england-bristol-and-bath,123650.0,https://static.inaturalist.org/projects/151563-icon-span2.png?1674664167,"Bristol and Bath Region, England, GB",51.4430932836,-2.6069919897,1253,5135195b-1a73-4c34-9078-93f29c591546
153788,"Coventry City Nature Challenge 2023, UK",coventry-city-nature-challenge-2023-uk,164957.0,https://static.inaturalist.org/projects/153788-icon-span2.png?1678440857,"Coombe Park, Warwickshire, UK",52.4116289958,-1.4190210232,676,25173e76-7fe8-42ae-8673-74ef7cf3b838
152715,City Nature Challenge 2023: Dundee,city-nature-challenge-2023-dundee,192764.0,https://static.inaturalist.org/projects/152715-icon-span2.png?1674664412,"Dundee City, Scotland, GB",56.477108955,-2.9696497632,305,3471b28a-a71e-4765-b41e-2939be6627b5
152149,"City Nature Challenge 2023 : Gloucestershire, UK",city-nature-challenge-2023-gloucestershire-uk,30344.0,https://static.inaturalist.org/projects/152149-icon-span2.png?1674634513,"Gloucestershire, England, GB",51.8201309551,-2.1241431899,282,3fa8c7e0-3809-4021-899b-f183dff752db
151936,City Nature Challenge 2023: London,city-nature-challenge-2023-london,66357.0,https://static.inaturalist.org/projects/151936-icon-span2.jpg?1681833638,Greater London,51.4859381197,-0.1259994507,1347,f718ca46-60ec-4b69-b82c-a5dfe62981c9
152027,City Nature Challenge 2023: Greater Manchester,city-nature-challenge-2023-greater-manchester,138285.0,https://static.inaturalist.org/projects/152027-icon-span2.png?1674667788,Greater Manchester Local Records Area,53.5151759463,-2.2842313422,767,3e30c83e-9cfe-41aa-aca3-2a8cbd3d97f7
152160,City Nature Challenge 2023: Hull,city-nature-challenge-2023-hull,186496.0,https://static.inaturalist.org/projects/152160-icon-span2.png?1675165824,"Hull City Council, England, GB",53.7599171104,-0.3353668653,835,3ecdc83d-be1f-4f2c-9845-fbe7c6515dc1
151856,City Nature Challenge 2023: Liverpool City Region,city-nature-challenge-2023-liverpool-city-region,178059.0,https://www.inaturalist.org/attachment_defaults/general/span2.png,"Liverpool City Region LWM, England, GB",53.4370135607,-2.9388783964,1110,92283d9a-6d2f-4cc7-90c6-3cde33f646a1
150388,City Nature Challenge 2023: North East England,city-nature-challenge-2023-north-east-england,131090.0,https://www.inaturalist.org/attachment_defaults/general/span2.png,City Nature Challenge 2019: North East England,55.0525593836,-1.8151605893,876,fdc28ade-e9e6-4e63-955c-1d0c66c5a32b
151515,"City Nature Challenge 2023: Nottingham City, UK",city-nature-challenge-2023-nottingham-city-uk,144218.0,https://static.inaturalist.org/projects/151515-icon-span2.jpg?1669306688,"Nottingham City, England, GB",52.9605995263,-1.1765228788,790,d20964c3-a53a-4e12-9341-c4013e576696
154558,City Nature Challenge 2023: Oxfordshire and Berkshire,city-nature-challenge-2023-oxfordshire-and-berkshire,30388.0,https://static.inaturalist.org/projects/154558-icon-span2.png?1674828399,"Oxfordshire, England, GB",51.7600969518,-1.311910984,477,3f599e23-1d2a-4217-acca-2f5248cef3ba
152690,City Nature Challenge 2023: Staffordshire,city-nature-challenge-2023-staffordshire,30404.0,https://static.inaturalist.org/projects/152690-icon-span2.png?1677840561,"Staffordshire, England, GB",52.8445331844,-2.0224984978,796,5d430744-0fc9-46f8-bb96-76eaa7ca6889
152465,"City Nature Challenge 2023: Suffolk, UK",city-nature-challenge-2023-suffolk-uk,30407.0,https://static.inaturalist.org/projects/152465-icon-span2.png?1676865198,"Suffolk, England, GB",52.209749834,1.1081870995,602,ca4b981f-6b37-4939-9a19-ee82bdc6ca1b
153951,City Nature Challenge 2023: Brighton & Eastern Downs,city-nature-challenge-2023-brighton-eastern-downs,164862.0,https://static.inaturalist.org/projects/153951-icon-span2.png?1672934691,"Brighton & Eastern Downs, England, GB",50.8359157777,-0.1571871892,1447,537c0010-6bb6-4207-994f-dca5a05ae0c3
155783,City Nature Challenge 2023: Kyiv,city-nature-challenge-2023-kyiv,187936.0,https://static.inaturalist.org/projects/155783-icon-span2.jpg?1681588799,"Kyiv metropolitan area, KV, UA",50.4278942679,30.3896857178,777,e0c77e0a-646b-4902-bda8-136f0922f06e
154525,City Nature Challenge 2023: Los Angeles County,city-nature-challenge-2023-los-angeles-county,962.0,https://static.inaturalist.org/projects/154525-icon-span2.png?1681854115,"Los Angeles County, US, CA",34.1980014782,-118.2610169697,2663,3e6773a1-12bb-43ab-9c0b-712be033287a
152012,City Nature Challenge 2023: Alachua County,city-nature-challenge-2023-alachua-county,2511.0,https://www.inaturalist.org/attachment_defaults/general/span2.png,"Alachua County, US, FL",29.6747550598,-82.3577014892,1325,c9c74849-cc75-4965-9f5e-389e4347c396
152520,City Nature Challenge 2023: Greater Wilmington Area,city-nature-challenge-2023-greater-wilmington-area,1564.0,https://www.inaturalist.org/attachment_defaults/general/span2.png,"New Castle County, DE, US",39.5783274872,-75.6389820593,943,2113d4cf-f711-410a-b76e-f4185f4d8bdb
152840,City Nature Challenge 2023 Jacksonville Florida,city-nature-challenge-2023-jacksonville-florida,172.0,https://static.inaturalist.org/projects/152840-icon-span2.png?1678455573,"Duval County, US, FL",30.3354408643,-81.6480088279,562,153021bf-1e37-4845-baa5-6f0f2da4febe
154098,City Nature Challenge 2023: Polk County,city-nature-challenge-2023-polk-county,948.0,https://static.inaturalist.org/projects/154098-icon-span2.png?1674597078,"Polk County, US, FL",27.9488658218,-81.6976805473,527,b7ac8d39-0abc-45ca-b33f-c0138c954d27
134631,City Nature Challenge 2023: South Florida (#CNCSOFLO),city-nature-challenge-2023-south-florida-cncsoflo,2345.0,https://static.inaturalist.org/projects/134631-icon-span2.png?1668483247,"Miami-Dade County, US, FL",25.608968247,-80.4986667689,3101,749779a0-d9d4-49f4-9d3e-c05c6a6da027
152500,City Nature Challenge 2023: Tyler/East Texas,city-nature-challenge-2023-tyler-east-texas,1521.0,https://static.inaturalist.org/projects/152500-icon-span2.png?1674657087,"Anderson County, US, TX",31.8133256714,-95.652547181,1036,e42da513-2d7a-44e5-a1a3-c6a357f2d4e1
156993,Competencia Natural de la Ciudad 2023:  Ushuaia y alrededores,competencia-natural-de-la-ciudad-2023-ushuaia-y-alrededores,147390.0,https://static.inaturalist.org/projects/156993-icon-span2.png?1676236822,"Dpto Ushuaia-actualizado, TF, AR",-54.7704623704,-66.683716228,131,38f3f494-7f38-4387-8f61-d14d79448b54
153153,City Nature Challenge 2023: Denver-Boulder Metro,city-nature-challenge-2023-denver-boulder-metro,146793.0,https://static.inaturalist.org/projects/153153-icon-span2.png?1674688681,Denver-Boulder Metro Area,39.7172215084,-104.7940538673,656,2b183e35-3aaf-4b52-a8fe-2eb85e9d0fd7
154457,City Nature Challenge 2023: Khorat Paleontopolis,city-nature-challenge-2023-khorat-paleontopolis,187471.0,https://static.inaturalist.org/projects/154457-icon-span2.png?1674380709,Khorat Paleontopolis,14.9747568778,102.098055737,309,acb13197-61f5-41ab-9b81-8fddc7c945c5
156740,City Nature Challenge 2023: Te Matau-a-Māui - Hawke's Bay,city-nature-challenge-2023-te-matau-a-maui-hawke-s-bay,11509.0,https://static.inaturalist.org/projects/156740-icon-span2.png?1675040183,"Hawke's Bay, NZ",-39.4209422112,176.8537639553,382,c26f7bc3-f41e-41bb-8d93-2725c31b3c0a
134512,City Nature Challenge 2023: New York City,city-nature-challenge-2023-new-york-city,674.0,https://static.inaturalist.org/projects/134512-icon-span2.png?1680801405,"New York City, US, NY",40.70352,-73.982335,1574,deaa2a8b-3f99-4f12-b95b-c2c9bcc2b5ec
151115,"City Nature Challenge 2023: Kootenai County, ID",city-nature-challenge-2023-kootenai-county-id,600.0,https://static.inaturalist.org/projects/151115-icon-span2.jpg?1677787108,"Kootenai County, US, ID",47.6745559381,-116.7000142798,132,2d5328d1-014b-4451-bfbf-b73a5aa4fd52
151114,"City Nature Challenge 2023: Benewah County, ID",city-nature-challenge-2023-benewah-county-id,2813.0,https://www.inaturalist.org/attachment_defaults/general/span2.png,"Benewah County, US, ID",47.2175509242,-116.6588258797,4,39c6170f-81b6-4be9-bef5-0f1ac22a9d8e
151102,Reto Ciudad Naturaleza Trinidad 2023,reto-ciudad-naturaleza-trinidad-2023,189776.0,https://www.inaturalist.org/attachment_defaults/general/span2.png,Municipio de Trinidad RCN2023,-14.8388113229,-64.6800625382,1700,55a96172-63b2-4470-8e59-a39a93cb27fd
154511,"City Nature Challenge 2023: London, ON",city-nature-challenge-2023-london-on,186491.0,https://www.inaturalist.org/attachment_defaults/general/span2.png,"London, Ontario",42.9535215876,-81.2383282329,780,32ba69f4-3e6b-4971-8a62-0d9303387c9b
152938,City Nature Challenge 2023: Greater Ottawa Area,city-nature-challenge-2023-greater-ottawa-area,27599.0,https://static.inaturalist.org/projects/152938-icon-span2.jpg?1675283028,"Ottawa, ON, CA",45.2946675896,-75.775678398,679,c4383979-d4a6-415d-afa9-2735c26173a0
152939,Défi nature urbaine 2023: Gatineau et environs | City Nature Challenge 2023,defi-nature-urbaine-2023-gatineau-et-environs-city-nature-challenge-2023,27669.0,https://static.inaturalist.org/projects/152939-icon-span2.jpg?1674578704,"Les Collines-de-l'Outaouais, QC, CA",45.6492849085,-75.8743136571,279,ed4089df-09ee-4717-a24c-4dee680b4d29
153038,City Nature Challenge 2023: Delta BC,city-nature-challenge-2023-delta-bc,178109.0,https://static.inaturalist.org/projects/153038-icon-span2.png?1674598639,Delta Municipal Boundary,49.0753793898,-123.0715348407,458,78b401b0-8009-492d-b5c6-3baeb6a082df
147132,City Nature Challenge 2023: Paris - Île de France,city-nature-challenge-2023-paris-ile-de-france,10577.0,https://static.inaturalist.org/projects/147132-icon-span2.png?1675860017,"Île-de-France, FR",48.7092290659,2.5034728075,1564,dd418f89-48b9-4b04-9bcc-dd474b45da7b
151208,City Nature Challenge 2023: Milazzo,city-nature-challenge-2023-milazzo,165374.0,https://static.inaturalist.org/projects/151208-icon-span2.jpg?1676373964,"Milazzo, ME, Italia, IT",38.2375356503,15.2366899889,1820,d32f233d-0a72-4443-ace6-d42bf9466f98
152888,City Nature Challenge 2023: City of Barrie,city-nature-challenge-2023-city-of-barrie,151921.0,https://www.inaturalist.org/attachment_defaults/general/span2.png,"Barrie, ON, CA",44.3602235724,-79.6820603618,278,d2a77d59-bea0-4f2f-a966-2ec5c4700046
155252,City Nature Challenge 2023: Ishikawa,city-nature-challenge-2023-ishikawa,10915.0,https://static.inaturalist.org/projects/155252-icon-span2.jpg?1675160111,"Ishikawa, JP",36.894723233,136.8055578073,269,7722df7b-2571-4b86-acd8-2090c4f00fd4
157211,"Desafio Mundial da Natureza Urbana 2023: Manaus e Região Metropolitana, Brasil",desafio-mundial-da-natureza-urbana-2023-manaus-e-regiao-metropolitana-brasil,158313.0,https://static.inaturalist.org/projects/157211-icon-span2.jpg?1675448449,"Manaus - município, AM, BR",-2.6262055463,-60.2594991723,216,48dba3ef-4375-4bfa-8155-0e85b51f5930
64485,City Nature Challenge 2023: Auckland/Tāmaki Makaurau,city-nature-challenge-2023-auckland-tamaki-makaurau,8345.0,https://static.inaturalist.org/projects/64485-icon-span2.jpg?1674859235,"Auckland, NZ",-36.6496356817,174.793488829,556,a31fc239-8633-4eb5-8f34-ccc143ee368d
154520,City Nature Challenge 2023: Joburg,city-nature-challenge-2023-joburg-aa77318e-3c7b-481f-9e2a-1662ec1254a3,51302.0,https://static.inaturalist.org/projects/154520-icon-span2.jpg?1677747194,"Ekurhuleni, GT, ZA",-26.3117012112,28.3959818316,468,08e2f9ff-d1c3-4d4d-a4f8-06ba0d8994db
154282,RETO NATURALISTA URBANO 2023: LIMA Y CALLAO,reto-naturalista-urbano-2023-lima-y-callao,97128.0,https://static.inaturalist.org/projects/154282-icon-span2.png?1679709982,"Lima Province, PE",-12.0400418398,-76.9282088328,544,97b19dad-2615-46ed-a3b3-667ee6f7f3eb
157316,Desafio da Natureza Urbana 2023: Sinop e região,desafio-da-natureza-urbana-2023-sinop-e-regiao,21558.0,https://www.inaturalist.org/attachment_defaults/general/span2.png,"Sinop, MT, BR",-11.7737810139,-55.4557025575,44,a7988d61-fb57-4244-9467-4d5b626e35af
150662,2023 Tallahassee Florida Region City Nature Challenge,2023-tallahassee-florida-region-city-nature-challenge,701.0,https://static.inaturalist.org/projects/150662-icon-span2.jpg?1668189772,"Grady County, GA, US",30.8746728347,-84.234426346,1277,e01d0a19-b75e-4125-a9b7-e05fe9532d3c
153396,Reto Naturalista Urbano Coyotepec 2023,reto-naturalista-urbano-coyotepec-2023,37042.0,https://static.inaturalist.org/projects/153396-icon-span2.png?1679680464,"Coyotepec, MX, MX",19.7899844908,-99.2222053422,405,6a01fb7e-e28c-4587-be1e-2bac5289b4ac
150497,"City Nature Challenge 2023: Saltillo, Coahuila, México",city-nature-challenge-2023-saltillo-coahuila-mexico,101481.0,https://static.inaturalist.org/projects/150497-icon-span2.jpg?1668020553,"Saltillo, MX, CP",25.0291475928,-101.1251086924,183,094455b5-7663-44a3-923f-7b9d799837c3
152644,Reto Naturalista Urbano: Toluca 2023,reto-naturalista-urbano-toluca-2023,60291.0,https://www.inaturalist.org/attachment_defaults/general/span2.png,"Toluca, MX, MX",19.2970934396,-99.6664313914,259,c72d31ed-9da2-4088-b467-adf79da0d13a
150906,2023 City Nature Challenge: Amarillo,2023-city-nature-challenge-amarillo,121393.0,https://static.inaturalist.org/projects/150906-icon-span2.png?1675113353,"Amarillo Metropolitan Area, US, TX",35.3118955778,-101.5751700814,437,3ffe8c9f-954e-4bb9-b4d9-2eb35a64bce7
155777,Reto Naturalista Urbano 2023: Riviera maya,reto-naturalista-urbano-2023-riviera-maya,139314.0,https://static.inaturalist.org/projects/155777-icon-span2.png?1673920643,"Playa del Carmen, QR, MX",20.6530121859,-87.0717923465,369,2e76d874-b9bb-443e-afbb-72b56070e8bc
162358,City Nature Challenge 2023: Greater Victoria,city-nature-challenge-2023-greater-victoria,49140.0,https://www.inaturalist.org/attachment_defaults/general/span2.png,"Capital, CA, BC",48.5819749005,-123.7018722775,1490,8091fd72-301e-47cd-9a18-88bee01c5dab
161163,"City Nature Challenge 2023: Niagara Falls, ON",city-nature-challenge-2023-niagara-falls-on,189254.0,https://static.inaturalist.org/projects/161163-icon-span2.png?1679080461,"Niagara Falls, ON, CA",43.0509673969,-79.1016814498,155,3586b27e-1aaa-4c68-b151-5b74cad0f718
155774,Desafio da Natureza Urbana 2023 - Alta Floresta/Brasil,desafio-da-natureza-urbana-2023-alta-floresta-brasil,21445.0,https://static.inaturalist.org/projects/155774-icon-span2.jpg?1679006974,"Alta Floresta, MT, BR",-10.0554441509,-56.3665141196,38,ae56bc4e-21d4-4d9f-9e38-ff53f3a09881
155759,CNC Rio Branco e leste do Acre 2024,cnc-rio-branco-e-leste-do-acre-2024,20103.0,https://static.inaturalist.org/projects/155759-icon-span2.jpeg?1708874912,"Acrelândia, AC, BR",-9.9287860866,-66.9305736291,116,eb4203cd-9d35-42ac-b9af-026e3dee228d
155769,"Desafio Mundial da Natureza Urbana 2023, Tefé e Região - Amazonas, Brasil",desafio-mundial-da-natureza-urbana-2023-tefe-e-regiao-amazonas-brasil,20299.0,https://static.inaturalist.org/projects/155769-icon-span2.png?1682696007,"Tefé, AM, BR",-4.468380629,-65.5293500913,286,5af4bed4-a72a-4b57-ac38-243eace9b70f
152704,Desafio da biodiversidade urbana 2023: Foz do Iguaçu,desafio-da-biodiversidade-urbana-2023-foz-do-iguacu,22986.0,https://static.inaturalist.org/projects/152704-icon-span2.png?1677877305,"Foz do Iguaçu, PR, BR",-25.4708787619,-54.4823423014,522,170d5314-7b51-46c6-af81-1e9496b87d52
157139,"Desafio Mundial da Natureza Urbana 2023: João Pessoa e Região, Brasil",desafio-mundial-da-natureza-urbana-2023-joao-pessoa-e-regiao-brasil,22738.0,https://static.inaturalist.org/projects/157139-icon-span2.jpg?1675448606,"João Pessoa, PB, BR",-7.158900752,-34.8378867626,97,40082405-5be3-4310-98a2-9ec641abb35a
157278,"Desafio Mundial da Natureza Urbana 2023: Grande Porto Alegre, Brasil",desafio-mundial-da-natureza-urbana-2023-grande-porto-alegre-brasil,23936.0,https://static.inaturalist.org/projects/157278-icon-span2.png?1679869160,"Alvorada, RS, BR",-29.9950352468,-51.037290438,381,a4e28917-5c93-4bbf-9f2f-33ffb4c77eb8
157416,"Desafio Mundial da Natureza Urbana 2023: Roraima, Brasil",desafio-mundial-da-natureza-urbana-2023-roraima-brasil,12597.0,https://static.inaturalist.org/projects/157416-icon-span2.jpg?1675774400,"Roraima, BR",2.084692212,-61.3980194621,213,53ce8dc6-23bd-495c-ad43-7daa7a68d6eb
155700,City Nature Challenge 2023: Städteregion Aachen,city-nature-challenge-2023-stadteregion-aachen,98573.0,https://static.inaturalist.org/projects/155700-icon-span2.JPG?1682321779,"Städteregion Aachen, NW, DE",50.7275046127,6.216727218,251,ab47050d-c013-44ab-aae7-d565ae6d33d8
155243,"“City Nature Challenge 2023: Regno di Nettuno""",city-nature-challenge-2023-regno-di-nettuno,157189.0,https://static.inaturalist.org/projects/155243-icon-span2.png?1673739843,"Ischia, Campania, IT",40.725892423,13.9058802326,15,bfbd5983-79bf-4b59-a76d-e5a2eb890196
153935,City Nature Challenge 2023: Tokyo,city-nature-challenge-2023-tokyo,152404.0,https://static.inaturalist.org/projects/153935-icon-span2.jpg?1680921231,"Tokyo_inland, JP",35.7142947425,139.4374443811,972,f397beea-58b2-442e-ad8f-63c77c57b553
157627,Reto Naturalista Urbano 2023: Valle de México (Estado de México),reto-naturalista-urbano-2023-valle-de-mexico-estado-de-mexico,37044.0,https://www.inaturalist.org/attachment_defaults/general/span2.png,"Cuautitlán Izcalli, MX, MX",19.6545491235,-99.2252103927,648,2e4af97e-a159-4206-854c-14641b0b6073
158466,City Nature Challenge 2023: Atlanta,city-nature-challenge-2023-atlanta,130842.0,https://www.inaturalist.org/attachment_defaults/general/span2.png,"Atlanta City Nature Challenge, GA, US",33.7816359574,-84.3177308652,1432,fa72d75f-055d-4529-b1c5-4a7b9c94cae7
162154,City Nature Challenge 2023: Sarasota and Manatee Counties,city-nature-challenge-2023-sarasota-and-manatee-counties,2034.0,https://static.inaturalist.org/projects/162154-icon-span2.png?1680044176,"Sarasota County, US, FL",27.1824778166,-82.3649735259,1040,7a996f17-f097-4e7d-8f3d-0d0153ef8df3
161346,Reto Naturalista Urbano 2023: Ciudad de Panamá y San Miguelito,reto-naturalista-urbano-2023-ciudad-de-panama-y-san-miguelito,40670.0,https://static.inaturalist.org/projects/161346-icon-span2.png?1679297835,"San Miguelito, PA, PN",9.0591860013,-79.4841163142,593,13b08391-6a40-44a1-a475-58f127c226cc
162310,RETO NATURALISTA URBANO 2023: LAMBAYEQUE PE,reto-naturalista-urbano-2023-lambayeque-pe,11536.0,https://static.inaturalist.org/projects/162310-icon-span2.JPG?1680063005,"Lambayeque, PE",-6.3804151003,-79.8500940089,568,6471d082-1763-4856-b1a9-69b44ea8e852
159640,City Nature Challenge 2023: Redland City QLD Australia,city-nature-challenge-2023-redland-city-qld-australia,144323.0,https://static.inaturalist.org/projects/159640-icon-span2.jpg?1677751082,"Redland City LGA, QL, AU",-27.5507284618,153.3548080247,85,0053b0a6-fbe1-4cfa-8101-7d1ae51e2253
162610,RETO NATURALISTA URBANO 2023: AREQUIPA PE,reto-naturalista-urbano-2023-arequipa-pe,13159.0,https://static.inaturalist.org/projects/162610-icon-span2.png?1680645541,"Arequipa, PE",-15.8646205646,-72.5080504283,53,e13d93de-68d7-4b79-9b0e-07c12397f900
157778,City Nature Challenge 2023: Bergamo,city-nature-challenge-2023-bergamo,188105.0,https://static.inaturalist.org/projects/157778-icon-span2.png?1680704096,"Bergamo, Lombardia, IT",45.6965109139,9.6639481383,476,8b569795-c8b3-4a29-970f-a21264bba30d
158809,City Nature Challenge 2023: Jalgaon,city-nature-challenge-2023-jalgaon,32339.0,https://www.inaturalist.org/attachment_defaults/general/span2.png,"Jalgaon, MH, IN",20.937425064,75.4913184219,82,860fb309-576e-4697-aa07-7194f27bc70b
154212,Biomaratón Ciudad de Logroño 2023,biomaraton-ciudad-de-logrono-2023,180482.0,https://static.inaturalist.org/projects/154212-icon-span2.png?1673343734,Logroño TM,42.4638230949,-2.4542775885,326,fee5cb4f-e767-4a6c-ab97-9eab078692c5
159034,City Nature Challenge 2023: Mountain Home,city-nature-challenge-2023-mountain-home,1882.0,https://static.inaturalist.org/projects/159034-icon-span2.png?1677178196,"Elmore County, US, ID",43.3539002876,-115.4691785904,41,f4877266-6938-4729-a786-9d7fa3c81ab0
158412,City Nature Challenge 2023: Hyderabad,city-nature-challenge-2023-hyderabad,190047.0,https://static.inaturalist.org/projects/158412-icon-span2.png?1677054557,Hyderabad Outer Ring Road,17.4152927623,78.4813089033,1867,c0ef14b9-bced-407a-b24f-72ae235500da
159143,City Nature challenge 2023:Athens/Greece,city-nature-challenge-2023-athens-greece,141934.0,https://static.inaturalist.org/projects/159143-icon-span2.png?1677276711,"Acropolis of Athens, Athens, Attica, GR",37.9711075253,23.7260631792,241,444dffb8-b677-490f-bd8a-03fd56fd9cfa
159142,City Nature Challenge 2023:Larisa/Greece,city-nature-challenge-2023-larisa-greece,30834.0,https://static.inaturalist.org/projects/159142-icon-span2.jpg?1677275561,"Larisa, GR",39.6438645,22.407473,130,4c1590b5-a261-46bf-98df-5f312a39c44b
157982,CNC 2023: Desafío Río Negro,cnc-2023-desafio-rio-negro,12982.0,https://static.inaturalist.org/projects/157982-icon-span2.png?1676227119,"Río Negro, AR",-40.4131988378,-67.2021231212,109,6edd20a7-ff70-4942-ac93-8b9d473fd7af
157972,CNC 2023: Desafío Misiones,cnc-2023-desafio-misiones,10422.0,https://static.inaturalist.org/projects/157972-icon-span2.png?1676225513,"Misiones, AR",-26.8748759562,-54.6472770098,443,40948c81-3886-43e7-bb99-b76d2ba4a2ee
157977,CNC 2023: Desafío Mendoza,cnc-2023-desafio-mendoza,10421.0,https://static.inaturalist.org/projects/157977-icon-span2.png?1676226423,"Mendoza, AR",-34.6286514751,-68.5866790483,207,7864a02a-2ca9-447c-bf63-9c9551aef6af
157973,CNC 2023: Desafío Jujuy,cnc-2023-desafio-jujuy,7596.0,https://static.inaturalist.org/projects/157973-icon-span2.png?1676225894,"Jujuy, AR",-23.3174642322,-65.7621906636,20,70bf9d2c-e5c7-469e-b8cf-70908f8d79f5
157979,CNC 2023: Desafío Corrientes,cnc-2023-desafio-corrientes,10439.0,https://static.inaturalist.org/projects/157979-icon-span2.png?1676226650,"Corrientes, AR",-28.7765197928,-57.8058586394,115,1cfbd4a6-86c7-4eb6-88ab-db2fcfed52e9
157974,CNC 2023: Desafío Chaco,cnc-2023-desafio-chaco,10419.0,https://static.inaturalist.org/projects/157974-icon-span2.png?1676226003,"Chaco, AR",-26.3873749499,-60.766741836,20,3ee2d19e-0d41-4659-a131-a3e1fb5fc5fc
157969,CNC 2023: Desafío Buenos Aires y CABA,cnc-2023-desafio-buenos-aires-y-caba,10434.0,https://static.inaturalist.org/projects/157969-icon-span2.png?1676225372,"Ciudad de Buenos Aires, AR",-34.6002241444,-58.4204964846,901,a4ecfbf0-2d68-4a73-9fea-b70bb8e8d068
157983,CNC 2023: Desafío Tucumán,cnc-2023-desafio-tucuman,10426.0,https://static.inaturalist.org/projects/157983-icon-span2.png?1676227175,"Tucumán, AR",-26.9437919643,-65.3656983589,208,bdddb953-21cf-4847-b8fd-13a86c172b6c
155864,CNC 2023 City Nature Challenge:  Oakville Canada,cnc-2023-city-nature-challenge-oakville-canada,183261.0,https://static.inaturalist.org/projects/155864-icon-span2.png?1681010914,"Oakville, Ontario, ON, CA",43.4510928549,-79.7243164877,41,046839d2-89dc-4e5d-8f5b-208ad3f9e151
151977,City Nature Challenge 2023 Saskatoon  And Area,city-nature-challenge-2023-saskatoon-and-area,178077.0,https://static.inaturalist.org/projects/151977-icon-span2.jpg?1669937334,Saskatoon Area,52.1141349857,-106.6194523978,263,f5a352b8-bd55-4ced-9ce5-69fd2c1a6540
158433,Reto Naturalista Pereira-Área Metropolitana 2023,reto-naturalista-pereira-area-metropolitana-2023,148151.0,https://static.inaturalist.org/projects/158433-icon-span2.png?1680059332,"Pereira CNC boundary 1, RI, CO",4.7811841062,-75.7119485181,260,0901032c-ac2e-44b9-884e-7adb9cc2559e
155871,CNC 2023 City Nature Challenge:  El Salvador,cnc-2023-city-nature-challenge-el-salvador,7563.0,https://static.inaturalist.org/projects/155871-icon-span2.jpeg?1681005714,El Salvador,13.6936271105,-88.8567451918,289,77d48565-c890-4e9f-a8f5-b0e6e81c8e65
157006,Reto Naturalista Guayaco 2023,reto-naturalista-guayaco-2023,187655.0,https://static.inaturalist.org/projects/157006-icon-span2.jpeg?1679602729,"City Nature Challenge Guayaquil, GYE, EC",-2.3566219379,-79.9215411506,1195,0d4255df-f857-4ce7-9b96-a0b06506dd43
155685,Biomaraton CNC El Alamo-Navalcarnero 2023,biomaraton-cnc-el-alamo-navalcarnero-2023,162736.0,https://static.inaturalist.org/projects/155685-icon-span2.png?1675628159,El Álamo,40.2324044246,-3.9892579944,127,744e7bba-b295-440e-952d-e1f8ff5c6ee0
154585,City Nature Challenge 2023: Chester Region,city-nature-challenge-2023-chester-region,187347.0,https://static.inaturalist.org/projects/154585-icon-span2.png?1677001693,Cheshire West and Chester,53.2002125404,-2.7358048314,532,1bbe1b57-907e-478f-bb4d-6cc0b6b0bfbb
153095,CNC 2023 Laguna de Términos Cam.,cnc-2023-laguna-de-terminos-cam,55279.0,https://www.inaturalist.org/attachment_defaults/general/span2.png,"Área de Protección de Flora y Fauna Laguna de Términos, CM, MX",18.6283881159,-91.7651473074,383,bfe13b55-c8cd-41c3-a01d-8b4374a75403
155718,"Reto Naturalista Urbano 2023, Champotón-Campeche.",reto-naturalista-urbano-2023-champoton-campeche,36401.0,https://www.inaturalist.org/attachment_defaults/general/span2.png,"Champotón, MX, CM",19.1483558257,-90.5276902631,67,63f7bcba-f2f8-4112-bc17-4e8a05064dad
154554,Reto Naturalista Urbano 2023-ZM de La Laguna,reto-naturalista-urbano-2023-zm-de-la-laguna,101585.0,https://static.inaturalist.org/projects/154554-icon-span2.jpeg?1682694690,"Torreón, CP, MX",25.1700752058,-103.2489193362,401,5c3812f6-87d3-4474-990b-5c30bce658d8
156106,Reto Naturalista Urbano Zumpango 2023,reto-naturalista-urbano-zumpango-2023,37133.0,https://www.inaturalist.org/attachment_defaults/general/span2.png,"Zumpango, MX, MX",19.8091067883,-99.0718205556,341,e88c8042-b6a9-4042-8db1-c2dd3e5a057e
154696,"City Nature Challenge 2023: Tequixquiac, Estado de México",city-nature-challenge-2023-tequixquiac-estado-de-mexico,37109.0,https://www.inaturalist.org/attachment_defaults/general/span2.png,"Tequixquiac, MX, MX",19.9046487831,-99.1495851148,125,3d99c066-3cba-4279-8f92-443828689ff9
155794,"City Nature Challenge 2023: Orange County,  CA",city-nature-challenge-2023-orange-county-ca,2738.0,https://www.inaturalist.org/attachment_defaults/general/span2.png,"Orange County, US, CA",33.6769131551,-117.7761462442,886,bfec69fe-0362-4e26-ad19-e6fbf0188e2e
154591,City Nature Challente 2023 Atotonilco de Tula,city-nature-challente-2023-atotonilco-de-tula,36814.0,https://static.inaturalist.org/projects/154591-icon-span2.png?1673637386,"Atotonilco de Tula, HI, MX",19.9734454766,-99.2313764158,119,e470f6ea-3ad9-4994-9772-dc8a2376407f
156509,Frankfort City Nature Challenge 2023,frankfort-city-nature-challenge-2023,756.0,https://static.inaturalist.org/projects/156509-icon-span2.png?1679495370,"Franklin County, US, KY",38.239147743,-84.8770681767,429,8d8e32a9-fb16-4314-bafc-ccfb29abcd2a
151775,City Nature Challenge 2023: Minneapolis-St. Paul,city-nature-challenge-2023-minneapolis-st-paul,13426.0,https://static.inaturalist.org/projects/151775-icon-span2.png?1680034350,"Carver County, US, MN",44.8207586643,-93.8025840632,629,60d13959-73ed-4e69-b0c0-01defdab9673
152711,City Nature Challenge 2023: Central Ohio,city-nature-challenge-2023-central-ohio,356.0,https://static.inaturalist.org/projects/152711-icon-span2.png?1675351936,"Franklin County, US, OH",39.9695460046,-83.0092981626,393,06dee262-6fd7-4d64-8a51-1615df5d9167
154437,City Nature Challenge 2023: iLembe,city-nature-challenge-2023-ilembe,108110.0,https://www.inaturalist.org/attachment_defaults/general/span2.png,"iLembe, NL, ZA",-29.278480941,31.1747830532,20,e0c5e71c-85c4-4d73-aa53-1bc8f0b0dca7
155688,City Nature Challenge 2023: Zululand,city-nature-challenge-2023-zululand,108116.0,https://static.inaturalist.org/projects/155688-icon-span2.jpeg?1683557343,"Umkhanyakude, NL, ZA",-27.6211553417,32.3258686969,415,f49f20ba-893a-4f22-8394-997446d77e1e
154540,"CNC 2023: Chiang Mai, Thailand",cnc-2023-chiang-mai-thailand,45315.0,https://static.inaturalist.org/projects/154540-icon-span2.jpg?1679073019,"Muang Chiang Mai, TH, CM",18.7895591328,98.9657756723,618,0c4da448-8e7a-48f4-aeb9-068ef7c90780
157710,"City Nature Challenge 2023: Pima County, Arizona",city-nature-challenge-2023-pima-county-arizona,2346.0,https://www.inaturalist.org/attachment_defaults/general/span2.png,"Pima County, US, AZ",32.097379014,-111.789949377,958,d8a5ed91-96c5-47df-a721-07cce7af5f29
156367,City Nature Challenge 2023: Omaha Metro,city-nature-challenge-2023-omaha-metro,123395.0,https://static.inaturalist.org/projects/156367-icon-span2.jpg?1674598322,"Omaha, NE Metro Area",41.2389743449,-96.0647477851,163,3f16442b-1100-4d59-a348-bd7a1fd884ed
157678,City Nature Challenge 2023: Western NC,city-nature-challenge-2023-western-nc,2399.0,https://static.inaturalist.org/projects/157678-icon-span2.png?1677607071,"Alleghany County, US, NC",36.4913386564,-81.127189704,1874,8806be7d-1815-4661-8d08-e69f546eb5d7
157827,City Nature Challenge 2023: Frankfurt am Main,city-nature-challenge-2023-frankfurt-am-main,98470.0,https://www.inaturalist.org/attachment_defaults/general/span2.png,"Frankfurt am Main, HE, DE",50.117968104,8.6441903945,630,a93507a7-3278-4c2d-9274-0fcc46b158e2
157794,City Nature Challenge 2023 : Chennai,city-nature-challenge-2023-chennai,32480.0,https://static.inaturalist.org/projects/157794-icon-span2.jpg?1682350153,"Chennai, TN, IN",13.0449106817,80.2624866269,1084,13590f89-af26-4d49-9c91-ca40e731f610
158407,City Nature Challenge 2023 : Raipur,city-nature-challenge-2023-raipur,32137.0,https://static.inaturalist.org/projects/158407-icon-span2.jpg?1677473003,"Raipur, CT, IN",21.2228134384,81.8497991111,61,6ed5e446-50f6-4606-8c7c-d3f5bae6523d
158206,City Nature Challenge 2023: Faridabad,city-nature-challenge-2023-faridabad,32172.0,https://static.inaturalist.org/projects/158206-icon-span2.png?1676480618,"Faridabad, HR, IN",28.235103267,77.2963093862,143,2e491e0e-0f23-42bf-9364-4099568637ec
159369,"City Nature Challenge 2023 : Puttur, DK, Karnataka 🇮🇳",city-nature-challenge-2023-puttur-dk-karnataka,188653.0,https://static.inaturalist.org/projects/159369-icon-span2.png?1681021842,"Puttur, Dakshin Kannada, KA, IN",12.747238196,75.3756238051,61,3c3acdb1-5f6d-4efe-b55d-f56d96836f72
158199,City Nature Challenge 2023 : Pune,city-nature-challenge-2023-pune,32349.0,https://static.inaturalist.org/projects/158199-icon-span2.png?1676698166,"Pune, MH, IN",18.5705471794,74.0765798671,487,98badd63-4ebd-4881-b4f3-2037a68717ca
158095,"City Nature Challenge 2023: Gangtok, Sikkim",city-nature-challenge-2023-gangtok-sikkim,100696.0,https://www.inaturalist.org/attachment_defaults/general/span2.png,"East Sikkim, SK, IN",27.2928855811,88.6713301759,405,017a4ffe-7fdf-4ac1-beec-8ad5012b559f
158409,"City Nature Challenge 2023: Salem, Tamil Nadu",city-nature-challenge-2023-salem-tamil-nadu,32496.0,https://static.inaturalist.org/projects/158409-icon-span2.png?1682566931,"Salem, TN, IN",11.6630933791,78.209160739,161,a8518465-20b6-410c-ac8f-ab877995c8f1
158022,"City Nature Challenge 2023: Salvador Alvarado, Sinaloa",city-nature-challenge-2023-salvador-alvarado-sinaloa,37690.0,https://www.inaturalist.org/attachment_defaults/general/span2.png,"Salvador Alvarado, MX, SI",25.4184550384,-108.0760495179,188,0fb2ada1-92ff-44b1-bb6a-87e1733e476e
157428,Reto Naturalista Urbano 2023: Veracruz Metropolitano,reto-naturalista-urbano-2023-veracruz-metropolitano,119047.0,https://static.inaturalist.org/projects/157428-icon-span2.jpg?1675794232,"Parque Nacional Sistema Arrecifal Veracruzano, VE, MX",19.1450993084,-95.9528702416,514,97f2e527-9a6a-427d-a7a2-d3481fc1d1df
157655,City Nature Challenge 2023: Port Harcourt/Ogale,city-nature-challenge-2023-port-harcourt-ogale,49426.0,https://static.inaturalist.org/projects/157655-icon-span2.jpg?1682674446,"Port Harcourt, RI, NG",4.7477512082,7.0350868381,122,2aa36a55-4914-43d8-885b-ea643c877d0d
154471,City Nature Challenge 2023: Kigali City,city-nature-challenge-2023-kigali-city,105274.0,https://www.inaturalist.org/attachment_defaults/general/span2.png,"Gasabo, KV, RW",-1.8914474644,30.1422123851,19,d3f81abc-357b-4002-809d-dcdde042da22
154462,City Nature Challenge 2023: Musanze City,city-nature-challenge-2023-musanze-city,105255.0,https://www.inaturalist.org/attachment_defaults/general/span2.png,"Musanze, NO, RW",-1.4984943247,29.6065594086,10,73def5bd-7ecb-41bb-8f6e-4aa044cd01ef
156970,City Nature Challenge 2023: Bloemfontein,city-nature-challenge-2023-bloemfontein,48580.0,https://static.inaturalist.org/projects/156970-icon-span2.jpg?1676976858,"Bloemfontein, ZA",-29.1408235,26.204904,592,d5a82790-62ca-4709-8a0c-d9e3cbce0e4b
158314,Biomaratón CNC 2023 Lagunas de Ambroz,biomaraton-cnc-2023-lagunas-de-ambroz,165695.0,https://www.inaturalist.org/attachment_defaults/general/span2.png,Lagunas de Ambroz y su Entorno,40.4263757928,-3.5878138445,8,915d5358-b464-48fe-8741-e6f9d6d48f6b
158910,City Nature Challenge 2023: Orange County,city-nature-challenge-2023-orange-county,934.0,https://static.inaturalist.org/projects/158910-icon-span2.png?1677522178,"Orange County, US, FL",28.5144225618,-81.3234784823,946,97766768-3b17-4301-b7a9-bf0ac28c7966
158915,City Nature Challenge 2023: Osceola County,city-nature-challenge-2023-osceola-county,938.0,https://static.inaturalist.org/projects/158915-icon-span2.png?1677522249,"Osceola County, US, FL",28.0626646312,-81.1494997618,211,4a4021d4-aa3b-4015-8865-c75fae54e5bf
158914,City Nature Challenge 2023: Volusia County,city-nature-challenge-2023-volusia-county,1796.0,https://static.inaturalist.org/projects/158914-icon-span2.png?1677522153,"Volusia County, FL, US",29.0634519556,-81.1485721296,542,12129730-cdcf-46ba-9a95-9ff16ab75f04
157618,CNC 2023 City Nature Challenge: ColdSpring Texas - Area,cnc-2023-city-nature-challenge-coldspring-texas-area,57498.0,https://static.inaturalist.org/projects/157618-icon-span2.png?1681014802,"Sam Houston National Forest WMA, TX, US",30.5391283081,-95.4245834517,105,778e2f8a-d582-4072-b17f-8d2ca858f2d3
159339,Biomaraton CNC Villafruela-Burgos 2024,biomaraton-cnc-villafruela-burgos-2024,188679.0,https://static.inaturalist.org/projects/159339-icon-span2.png?1677505036,"Villafruela,BU",41.921388337,-3.9270155516,288,834fe2ab-ceea-41dc-8edd-e1b88c35b77a
155782,City Nature Challenge 2023: Ukraine,city-nature-challenge-2023-ukraine,8860.0,https://static.inaturalist.org/projects/155782-icon-span2.jpg?1681586863,Ukraine,48.9511531071,31.4499159404,2011,a9a2a726-df89-43d9-b68d-b3bee395a15e
150834,"Reto Naturalista Urbano 2023: Cacahoatán, Chiapas, MX",reto-naturalista-urbano-2023-cacahoatan-chiapas-mx,101628.0,https://static.inaturalist.org/projects/150834-icon-span2.jpg?1678212902,"Cacahoatán, CA, MX",15.0862410704,-92.1641344627,72,18697630-a4e7-43cd-97eb-f3b5ed9790c2
156142,City Nature Challenge 2023: O‘ahu,city-nature-challenge-2023-o-ahu,6693.0,https://www.inaturalist.org/attachment_defaults/general/span2.png,"Oahu, HI, US",21.496265,-157.96006,592,1d5ec461-f892-4624-b9fc-b13c03ea274a
152545,City Nature Challenge 2023: Lubbock Area,city-nature-challenge-2023-lubbock-area,2737.0,https://static.inaturalist.org/projects/152545-icon-span2.png?1670690255,"Lubbock County, TX, US",33.610205543,-101.8205457505,853,208c973b-b843-4eb7-8bcc-610fb0606c3e
160263,City Nature Challenge 2023: Macao,city-nature-challenge-2023-macao,10301.0,https://static.inaturalist.org/projects/160263-icon-span2.jpg?1682228227,Macao,22.1550374949,113.5898448314,629,ec4e8e7b-fc3f-4cc8-8a8d-b2cb4ffeb631
159771,"City Nature Challenge 2023: Richmond, BC",city-nature-challenge-2023-richmond-bc,130244.0,https://static.inaturalist.org/projects/159771-icon-span2.jpg?1678311759,"Richmond, BC, CA",49.159485428,-123.1027966237,330,20e2a712-e833-4d96-a916-fcfe521ffd5e
159745,City Nature Challenge 2023: Potchefstroom,city-nature-challenge-2023-potchefstroom,48545.0,https://www.inaturalist.org/attachment_defaults/general/span2.png,"Potchefstroom, NW, ZA",-26.6727835,27.1600395,323,05b9c5c7-594a-4c66-9bf7-3beb1f1a4c40
123511,"""City Nature Challenge 2023: Trento"" Cluster Biodiversità Italia",city-nature-challenge-2023-trento-cluster-biodiversita-italia,154558.0,https://static.inaturalist.org/projects/123511-icon-span2.jpg?1647256261,Biodistretto Comune di Trento,46.0612090349,11.1340233347,147,d25898c7-3718-4686-8ede-44ffe7261dab
160153,City Nature Challenge 2023: Manduria - Riserve Naturali,city-nature-challenge-2023-manduria-riserve-naturali,33110.0,https://static.inaturalist.org/projects/160153-icon-span2.jpg?1678099570,"Taranto, Apulia, IT",40.5118320006,17.2173417741,470,9ed9f2d4-daed-48a8-84d6-389a7cf8e2eb
159656,City Nature Challenge 2023: Cabras Cluster Biodiversità Italia,city-nature-challenge-2023-cabras-cluster-biodiversita-italia,150926.0,https://static.inaturalist.org/projects/159656-icon-span2.jpg?1677757296,"Area marina protetta Penisola del Sinis - Isola Mal di Ventre, Sardegna, IT",39.9186365471,8.3288488291,218,5cbd9399-176f-4bfa-805c-ce1b29b60501
159746,2023 - AMP PUNTA CAMPANELLA_CNC2023 Cluster Italia,2023-amp-punta-campanella_cnc2023-cluster-italia,157194.0,https://static.inaturalist.org/projects/159746-icon-span2.png?1677845656,"Penisola sorrentina, Campania, IT",40.6549668238,14.5266395443,73,6b3c31a5-3396-47fe-8558-a17333c3f22d
159698,RETO NATURALISTA URBANO 2023: TRUJILLO,reto-naturalista-urbano-2023-trujillo,40802.0,https://static.inaturalist.org/projects/159698-icon-span2.jpeg?1679744789,"Trujillo, LL, PE",-8.0838070298,-78.9239515972,184,7c18f138-8f12-41ba-9960-db054040a034
159752,RETO NATURALISTA URBANO 2023: CUSCO PE,reto-naturalista-urbano-2023-cusco-pe,13164.0,https://static.inaturalist.org/projects/159752-icon-span2.jpeg?1679744820,"Cusco, PE",-13.1910861787,-72.1535102966,397,9eea8ee2-2986-41b5-be11-8ba128fda40e
159686,RETO NATURALISTA URBANO 2023: CAJAMARCA PE,reto-naturalista-urbano-2023-cajamarca-pe,8223.0,https://static.inaturalist.org/projects/159686-icon-span2.png?1682434738,"Cajamarca, PE",-6.430574985,-78.7454875802,555,fc890c56-1243-49b8-9fa1-214417f00895
152887,City Nature Challenge 2023:  City of St. Catharines,city-nature-challenge-2023-city-of-st-catharines,167136.0,https://www.inaturalist.org/attachment_defaults/general/span2.png,"St. Catharines Urban Boundary, ON, CA",43.1687247653,-79.2372191069,122,f0da8f49-e2fc-41ac-845e-1ebad2ada65b
157476,"Desafio Mundial da Natureza Urbana 2023: Pelotas e Região Imediata, RS, Brasil",desafio-mundial-da-natureza-urbana-2023-pelotas-e-regiao-imediata-rs-brasil,23949.0,https://static.inaturalist.org/projects/157476-icon-span2.png?1682621608,"Arroio Grande, RS, BR",-32.1892116701,-52.9197864624,262,4fa4454b-94b6-4173-9ac0-07ffedad473a
161093,"Desafio Llajta Viva 2023: Cochabamba, Bolivia",desafio-llajta-viva-2023-cochabamba-bolivia,6784.0,https://static.inaturalist.org/projects/161093-icon-span2.png?1679095977,"Cochabamba, BO",-17.2321648498,-65.6329174037,1017,e8cccf41-5171-48ee-b694-26f18755ef7d
157150,City Nature Challenge 2023: Maputo City & Province,city-nature-challenge-2023-maputo-city-province,13124.0,https://static.inaturalist.org/projects/157150-icon-span2.jpg?1682627907,"Maputo, MZ",-25.5552070978,32.4712761953,39,d28c1928-41de-48cc-9084-53456a88c467
159660,City Nature Challenge 2023 : Millau Grands Causses,city-nature-challenge-2023-millau-grands-causses,188874.0,https://static.inaturalist.org/projects/159660-icon-span2.png?1678434936,"Communauté de communes Millau Grands Causses, France",44.1272499958,3.1448828195,29,8ac98f5d-4d3c-4469-8d64-93c9a928888d
159343,City Nature Challenge 2023: NCT of Delhi,city-nature-challenge-2023-nct-of-delhi,96901.0,https://static.inaturalist.org/projects/159343-icon-span2.jpg?1679994569,"NCT of Delhi, IN",28.6465189742,77.1089795345,563,8f6d784b-4601-4928-b33e-5cf703f737ca
160858,Reto Naturalista 2023 Ciudad de Guatemala,reto-naturalista-2023-ciudad-de-guatemala,6941.0,https://static.inaturalist.org/projects/160858-icon-span2.png?1679327084,"Guatemala, GT",14.6297673519,-90.4877973276,598,31f29b76-7c58-46b4-9253-3258e8aa4468
159025,"Reto Naturalista Urbano 2023: Yopal, Casanare",reto-naturalista-urbano-2023-yopal-casanare,28596.0,https://static.inaturalist.org/projects/159025-icon-span2.png?1677168629,"Yopal, CS, CO",5.2182867666,-72.2786881977,74,de43c26e-20e7-4381-907a-2d6ed98f0078
157391,Reto Naturalista 2023 Sabana de Bogotá,reto-naturalista-2023-sabana-de-bogota,181589.0,https://www.inaturalist.org/attachment_defaults/general/span2.png,"Sesquilé_RNU, CU",5.0088380918,-73.781949946,1215,2518c47c-8818-49be-bdcc-97f498a5447a
157967,City Nature Challenge 2023: Jamshedpur,city-nature-challenge-2023-jamshedpur,100656.0,https://www.inaturalist.org/attachment_defaults/general/span2.png,"Purbi Singhbhum, JH, IN",22.5791504634,86.4472491926,34,96f607f9-fd9b-4e21-a605-3352c31fcca6
162056,"Reto Naturalista Urbano 2023: Arrecife Alacranes, Yucatán",reto-naturalista-urbano-2023-arrecife-alacranes-yucatan,71808.0,https://static.inaturalist.org/projects/162056-icon-span2.png?1679970835,Arrecife Alacranes,22.4753317635,-89.7046209445,378,6227f119-ccf0-4e64-b906-1b4b47481ade
162187,"Reto Naturalista Urbano 2023: Laguna de Términos, Campeche",reto-naturalista-urbano-2023-laguna-de-terminos-campeche,55279.0,https://static.inaturalist.org/projects/162187-icon-span2.png?1679971539,"Área de Protección de Flora y Fauna Laguna de Términos, CM, MX",18.6283881159,-91.7651473074,439,bfe13b55-c8cd-41c3-a01d-8b4374a75403
162186,"Reto Naturalista Urbano 2023: Celestún, Yucatán",reto-naturalista-urbano-2023-celestun-yucatan-90f89407-5a3f-497b-b0ca-290d179127aa,172691.0,https://static.inaturalist.org/projects/162186-icon-span2.png?1679970899,Celestún OCR Lanresc,20.8229286088,-90.3681369289,34,9830b40b-c9cb-4f7b-a10d-b7bd08b9893d
162185,"Reto Naturalista Urbano 2023: Sisal, Yucatán",reto-naturalista-urbano-2023-sisal-yucatan,182148.0,https://static.inaturalist.org/projects/162185-icon-span2.png?1679971700,Socioecosistema Sisal,21.15891766,-90.0645192342,64,53def3f5-7dbc-4f84-bc3a-284e26783af9
162184,"Reto Naturalista Urbano 2023: Dos Bocas, Tabasco",reto-naturalista-urbano-2023-dos-bocas-tabasco,189549.0,https://static.inaturalist.org/projects/162184-icon-span2.png?1679971356,Socioecosistema Dos Bocas,18.4754144655,-93.2205684027,2,414589be-3d5b-4246-b090-97690fdd7182
130663,"Reto Naturalista Urbano 2022: Copalita, Oaxaca",reto-naturalista-urbano-2022-copalita-oaxaca,189547.0,https://static.inaturalist.org/projects/130663-icon-span2.png?1679971143,Socioecosistema Copalita,15.9595076656,-96.2190058286,163,c21a41a0-0083-4359-9ab1-1bdc30ed622a
158127,City Nature Challenge 2023: Dresden,city-nature-challenge-2023-dresden,29493.0,https://www.inaturalist.org/attachment_defaults/general/span2.png,"Dresden, SN, DE",51.0664442924,13.7834490742,206,1fb9985f-5f10-44b7-a716-1a95bac429f6
152497,City Nature Challenge 2023: Greater Austin,city-nature-challenge-2023-greater-austin,60211.0,https://static.inaturalist.org/projects/152497-icon-span2.png?1675113839,"Greater Austin, TX, US",30.3328799812,-97.8079319,2567,2b9e4251-52da-4b4c-9dd3-0a8620d2708c
162340,City Nature Challenge 2023: Tulare County,city-nature-challenge-2023-tulare-county,1927.0,https://static.inaturalist.org/projects/162340-icon-span2.png?1682544506,"Tulare County, CA, US",36.2201567449,-118.8004728444,268,1c068f8b-bfba-4949-a304-a094e7cda4db
157481,City Nature Challenge 2023: Greater Kansas City Metro Area,city-nature-challenge-2023-greater-kansas-city-metro-area,2756.0,https://www.inaturalist.org/attachment_defaults/general/span2.png,"Jackson County, US, MO",39.008502122,-94.3460913221,816,9969157a-a98f-4b76-8aba-1cf594dd8506
159680,Trinitapoli City Nature Challenge 2023 - Cluster Biodiversità Italia,trinitapoli-city-nature-challenge-2023-cluster-biodiversita-italia,150895.0,https://static.inaturalist.org/projects/159680-icon-span2.png?1677776479,"Parco naturale regionale Fiume Ofanto, IT",41.1711768643,15.9006613881,83,a8e7a33a-89b0-463b-ba6f-38a285a570df
154348,City Nature Challenge 2023: Savannah Low Country and Coastal Georgia,city-nature-challenge-2023-savannah-low-country-and-coastal-georgia,2519.0,https://static.inaturalist.org/projects/154348-icon-span2.jpg?1674596859,"Chatham County, US, GA",31.9740223075,-81.092425351,514,b341c9ff-45a8-4614-a18c-4936fa9fb3a9
159628,City Nature Challenge 2023_Mapimí Dgo,city-nature-challenge-2023_mapimi-dgo,36658.0,https://www.inaturalist.org/attachment_defaults/general/span2.png,"Mapimí, MX, DU",26.1459985064,-104.131328498,58,3b652e21-71cf-4deb-8834-eaca92984590
162073,"Reto Naturalista Urbano 2023: Agiabampo, Sonora",reto-naturalista-urbano-2023-agiabampo-sonora,186368.0,https://static.inaturalist.org/projects/162073-icon-span2.png?1679970793,Socioecosistema Agiabampo,26.4260444171,-109.1512978471,224,b5b256aa-52a8-4c82-8900-ddf032245d5e
162578,City Nature Challenge 2023: St. Johns County,city-nature-challenge-2023-st-johns-county,107072.0,https://www.inaturalist.org/attachment_defaults/general/span2.png,"St. Johns County, FL, US",29.9121843023,-81.4098873322,220,ddabe9b5-3bb6-49ae-a087-3b07c2435649
151188,RNU 2023 Mineral de la Reforma,rnu-2023-mineral-de-la-reforma,36841.0,https://static.inaturalist.org/projects/151188-icon-span2.jpeg?1681934075,"Mineral de la Reforma, MX, HI",20.0586587063,-98.7201732392,25,b333e7f4-b740-4707-9941-7935ed00f063
163303,City Nature Challenge 2023 : Rajapalayam,city-nature-challenge-2023-rajapalayam,171063.0,https://static.inaturalist.org/projects/163303-icon-span2.jpeg?1681018346,"Rajapalayam, TN, IN",9.4330808769,77.5629718232,755,1eaa36d8-9b94-4e55-ac18-bd05adf38ab5
163423,Reto Naturalista Urbano 2023: Atenco,reto-naturalista-urbano-2023-atenco,37023.0,https://static.inaturalist.org/projects/163423-icon-span2.png?1681144624,"Atenco, MX, MX",19.5456485809,-98.9615707806,106,5c731010-5f91-4def-bf68-91937636dc7d
163479,City Nature Challenge: Loja Biodiversa 2023,city-nature-challenge-loja-biodiversa-2023,190050.0,https://static.inaturalist.org/projects/163479-icon-span2.png?1682696351,City Nature Challenge Loja,-4.0116013664,-79.1943248024,394,0069c03a-66b5-4abc-95b2-7e28fcc016d3
163528,City Nature Challenge 2023: Swansea,city-nature-challenge-2023-swansea,30500.0,https://static.inaturalist.org/projects/163528-icon-span2.png?1682356346,"Swansea, Wales, GB",51.606051839,-4.0974304816,537,f38f94b0-4b66-45f4-af95-406c4140b502
93362,Portofino City Nature Challenge 2023,portofino-city-nature-challenge-2023,150945.0,https://static.inaturalist.org/projects/93362-icon-span2.png?1607679632,"Area naturale marina protetta di Portofino, Liguria, IT",44.31620628,9.1797375865,36,f2208b3d-2b4a-4ad5-beef-b21d8898cccb
155824,City Nature Challenge 2023: Greater Edinburgh,city-nature-challenge-2023-greater-edinburgh,30456.0,https://static.inaturalist.org/projects/155824-icon-span2.png?1673965846,"Clackmannanshire, Scotland, GB",56.1471950383,-3.7318170631,454,7f375677-dff7-45ab-b16b-dc6aed8b3b25
155822,City Nature Challenge 2023: Greater Glasgow,city-nature-challenge-2023-greater-glasgow,30459.0,https://static.inaturalist.org/projects/155822-icon-span2.png?1673965672,"East Ayrshire, Scotland, GB",55.4838427825,-4.3079872159,545,7504d148-184f-45f1-8535-78ca67062048
159738,City Nature Challenge 2023 Torre Guaceto,city-nature-challenge-2023-torre-guaceto,150898.0,https://static.inaturalist.org/projects/159738-icon-span2.jpg?1677834411,"Riserva naturale statale Torre Guaceto, IT",40.7043399989,17.7842190903,6,bb55fe1a-94e0-47c3-bcfe-0ab02c15c66a
163707,Biomaratón  en SS. de los Reyes,biomaraton-en-ss-de-los-reyes,161721.0,https://static.inaturalist.org/projects/163707-icon-span2.png?1681317619,San Sebastián de los Reyes,40.575083383,-3.5996228752,156,2904511f-b19e-40b0-9971-f05a2662d05a
159169,City Nature Challenge 2023 : Kolkata,city-nature-challenge-2023-kolkata,176677.0,https://www.inaturalist.org/attachment_defaults/general/span2.png,"Kolkata Metropolitan Area, WB, IN",22.6257078195,88.3968622503,948,8598e7a5-4ac5-41f3-81ed-ce092928179c
159156,City Nature Challenge 2023 : Nashik,city-nature-challenge-2023-nashik,32346.0,https://static.inaturalist.org/projects/159156-icon-span2.jpg?1682453823,"Nashik, MH, IN",20.2600030173,74.0778381851,16,1f689e6d-10a8-4b9a-8faf-ae585b374712
158912,City nature challenge 2023 Jaipur,city-nature-challenge-2023-jaipur,32459.0,https://static.inaturalist.org/projects/158912-icon-span2.jpeg?1677084660,"Jaipur, RJ, IN",26.9837516427,75.7182796904,7,bee9b7e4-4d94-4f75-96e3-5ec40140b257
158738,City Nature Challenge 2023: Bhubaneswar,city-nature-challenge-2023-bhubaneswar,32398.0,https://www.inaturalist.org/attachment_defaults/general/span2.png,"Cuttack, OR, IN",20.4436312145,85.6985395301,122,1c29e3ce-f172-4323-98e9-f7b0a42ec13f
159751,CNC 2023 Napoli - Cluster Biodiversità Italia,cnc-2023-napoli-cluster-biodiversita-italia,132214.0,https://www.inaturalist.org/attachment_defaults/general/span2.png,City of Naples,40.8566306593,14.2394046443,7,3538fdd9-6a31-4c17-b105-5fd79efc0121
153255,Reto Mundial Naturalista 2023: Naucalpan,reto-mundial-naturalista-2023-naucalpan,37072.0,https://static.inaturalist.org/projects/153255-icon-span2.png?1676568530,"Naucalpan de Juárez, MX, MX",19.4712531459,-99.2926053941,35,7a85eec8-1d86-4ae4-b0c7-6aeab3fe3212
157785,City Nature Challenge 2023: Visakhapatnam,city-nature-challenge-2023-visakhapatnam,156978.0,https://static.inaturalist.org/projects/157785-icon-span2.png?1682261694,"Visakhapatnam, AP, IN",17.7364883277,83.2216502182,308,914e1ad4-3fb9-4d74-a470-b8ec2db2b7df
154504,CITY NATURAL CHALLENGE. SAN FRANCISCO DE MACORIS 2023,city-natural-challenge-san-francisco-de-macoris-2023,98807.0,https://static.inaturalist.org/projects/154504-icon-span2.jpg?1673544470,"San Francisco de Macorís, DO, DU",19.3411711918,-70.2132159058,85,ff305fa8-5537-400d-92fa-8ac56cc45815
156522,CNC Managua 2023,cnc-managua-2023,11452.0,https://www.inaturalist.org/attachment_defaults/general/span2.png,"Managua, NI",12.2030242246,-86.3009806246,135,c490bdf2-420c-4f32-94a5-5df7ed797bec
163975,City Nature Challenge 2023 : Hosur,city-nature-challenge-2023-hosur,100698.0,https://www.inaturalist.org/attachment_defaults/general/span2.png,"Krishnagiri, TN, IN",12.4791972907,78.0216118933,596,78ec1d42-55d3-40e8-a0ff-d5ad11523476
