id,title,slug,place_id,icon,place_display_name,latitude,longitude,species_count,place_uuid
95750,CNC 2021 - Città della Scienza,cnc-2021-citta-della-scienza,33121.0,https://www.inaturalist.org/attachment_defaults/general/span2.png,"Napoli, Campania, IT",40.7772899821,14.267521248,89,7e1e037f-5df4-4169-941b-769e19e4eef2
94635,City Nature Challenge 2021: NC Coastal Plain,city-nature-challenge-2021-nc-coastal-plain,1112.0,https://static.inaturalist.org/projects/94635-icon-span2.jfif?1611856008,"Bladen County, US, NC",34.6143134238,-78.5631842852,926,4b365d10-451f-4096-8a0a-7cc275ab2ce4
96616,Reto Naturalista Urbano 2021: Paucartambo - Kosñipata,reto-naturalista-urbano-2021-paucartambo-kosnipata,40757.0,https://static.inaturalist.org/projects/96616-icon-span2.jpeg?1612151316,"Paucartambo, CS, PE",-13.1704248106,-71.5057202906,141,05a27b2e-e640-4c35-8373-ac6fe2329837
96432,CityNatureChallenge Coacalco 2021,citynaturechallenge-coacalco-2021,37039.0,https://static.inaturalist.org/projects/96432-icon-span2.JPG?1611948639,"Coacalco de Berriozábal, MX, MX",19.6262899777,-99.1023955115,164,5dbac685-6c66-42d1-9e85-2ac4c76bffc0
93304,"Reto Naturalista Urbano 2021: Guanajuato, Gto.",reto-naturalista-urbano-2021-guanajuato-gto,36696.0,https://static.inaturalist.org/projects/93304-icon-span2.jpg?1611117960,"Guanajuato, MX, GJ",21.0184543092,-101.2373289188,28,1c3ee632-0310-4786-b78f-b4609c72985f
93303,"Reto Naturalista Urbano 2021: San José Iturbide, Gto.",reto-naturalista-urbano-2021-san-jose-iturbide-gto,36714.0,https://static.inaturalist.org/projects/93303-icon-span2.jpg?1611119658,"San José Iturbide, GJ, MX",21.0023217842,-100.3885917145,130,053faec6-8f8b-47fb-a902-282805842510
96309,"Reto Naturalista Urbano 2021: Maravatío, Michoacán",reto-naturalista-urbano-2021-maravatio-michoacan,37188.0,https://static.inaturalist.org/projects/96309-icon-span2.jfif?1618715307,"Maravatío, MX, MC",19.8894386093,-100.4289524023,48,df47cb06-de8c-4d16-aef9-e79d8e50e653
96307,"Reto Naturalista Urbano 2021: Morelia, Michoacán",reto-naturalista-urbano-2021-morelia-michoacan,37190.0,https://static.inaturalist.org/projects/96307-icon-span2.jfif?1618712359,"Morelia, MX, MC",19.6665934823,-101.279106636,631,f57eeec2-06c1-451d-bf89-7faa9c94fef8
96470,Reto Naturalista Urbano 2021: Lima,reto-naturalista-urbano-2021-lima,9856.0,https://static.inaturalist.org/projects/96470-icon-span2.jpeg?1616972387,"Lima, PE",-11.7726653573,-76.6319366941,534,246c8438-90b5-4ee3-b7f9-bda437d3572e
97142,City Nature Challenge 2021: San Francisco de Macoris,city-nature-challenge-2021-san-francisco-de-macoris,98807.0,https://static.inaturalist.org/projects/97142-icon-span2.jpg?1612625939,"San Francisco de Macorís, DO, DU",19.3411711918,-70.2132159058,186,ff305fa8-5537-400d-92fa-8ac56cc45815
96577,Reto Naturalista Urbano 2021: La Unión-Arequipa,reto-naturalista-urbano-2021-la-union-arequipa,40723.0,https://www.inaturalist.org/attachment_defaults/general/span2.png,"La Unión, AR, PE",-15.0653302283,-72.8041978064,14,2b7a1c5f-7f28-4092-9784-e082e5e6efa0
96311,"Reto Naturalista Urbano 2021: Cd. Hidalgo, Michoacán",reto-naturalista-urbano-2021-cd-hidalgo-michoacan,37168.0,https://static.inaturalist.org/projects/96311-icon-span2.jfif?1618715144,"Hidalgo, MX, MC",19.6126033908,-100.6778972103,54,cc1fc642-469d-4c8f-8729-a1c47ebbb9df
95813,City Nature Challenge 2021: Redland City QLD Australia,city-nature-challenge-2021-redland-city-qld-australia,144323.0,https://static.inaturalist.org/projects/95813-icon-span2.jpg?1611397851,"Redland City LGA, QL, AU",-27.5507284618,153.3548080247,119,0053b0a6-fbe1-4cfa-8101-7d1ae51e2253
96707,City Nature Challenge 2021: Brno,city-nature-challenge-2021-brno,29372.0,https://static.inaturalist.org/projects/96707-icon-span2.png?1616957916,"Brno, BK, CZ",49.191081313,16.5961937274,1071,8c679326-08ad-4621-9856-00fdcf3f5c70
98074,Reto Naturalista Urbano 2021: El Salvador,reto-naturalista-urbano-2021-el-salvador,7563.0,https://www.inaturalist.org/attachment_defaults/general/span2.png,El Salvador,13.6936271105,-88.8567451918,517,77d48565-c890-4e9f-a8f5-b0e6e81c8e65
96933,City Nature Challenge 2021: Fukutsu,city-nature-challenge-2021-fukutsu,33495.0,https://static.inaturalist.org/projects/96933-icon-span2.jpg?1617532117,"Fukutsu, JP, FO",33.7921955535,130.4666481385,184,75f8ce41-6fa9-4148-816b-7afa308d0134
94766,City Nature Challenge 2021: Penang,city-nature-challenge-2021-penang,132185.0,https://static.inaturalist.org/projects/94766-icon-span2.png?1610074046,"Penang Island , MY",5.3814473487,100.2545984703,415,956bdba7-762e-4a05-889b-e414b5f689f3
95087,City Nature Challenge 2021: Heretaunga and Ahuriri / Hastings and Napier,city-nature-challenge-2021-heretaunga-and-ahuriri-hastings-and-napier,164533.0,https://static.inaturalist.org/projects/95087-icon-span2.png?1610488187,"Hastings and Napier, NZ",-39.3971672742,176.6788648084,214,c156a465-d69e-40a2-a5ba-c8c94dac1fd4
96729,City Nature Challenge 2021: Greater Glasgow,city-nature-challenge-2021-greater-glasgow,30466.0,https://static.inaturalist.org/projects/96729-icon-span2.jpg?1618931938,"Glasgow, Scotland, GB",55.8487607995,-4.241367338,382,bcb6b480-7e1e-40df-8f0d-c7af052c4e09
93172,"City Nature Challenge 2021: Mazatlán, Sinaloa",city-nature-challenge-2021-mazatlan-sinaloa,37688.0,https://static.inaturalist.org/projects/93172-icon-span2.png?1607456132,"Mazatlán, MX, SI",23.4396087534,-106.3257514205,1522,8764bd07-7b40-4c38-81cc-f55bada4e81d
96033,City Nature Challenge 2021: Lviv,city-nature-challenge-2021-lviv,12387.0,https://static.inaturalist.org/projects/96033-icon-span2.png?1615285536,"L'viv, UA",49.724836132,23.9212020551,33,4ff1e934-ea5b-4be4-8c9d-3c90825b2e76
82726,City Nature Challenge 2021: San Francisco Bay Area,city-nature-challenge-2021-san-francisco-bay-area,54321.0,https://static.inaturalist.org/projects/82726-icon-span2.png?1606848628,"San Francisco Bay Area, CA, US",37.8786225,-122.4203475,2818,f5f46b32-4b36-432b-ada0-f5b8b6922f3a
100235,City Nature Challenge 2021: Mendocino County,city-nature-challenge-2021-mendocino-county,436.0,https://static.inaturalist.org/projects/100235-icon-span2.png?1616566498,"Mendocino County, CA, US",39.4336238312,-123.4315539161,711,c05d9fc3-04ea-4d5a-9d27-e4d16534bb7a
93135,City Nature Challenge 2021: Oahu,city-nature-challenge-2021-oahu,6693.0,https://www.inaturalist.org/attachment_defaults/general/span2.png,"Oahu, HI, US",21.496265,-157.96006,514,1d5ec461-f892-4624-b9fc-b13c03ea274a
96268,City Nature Challenge 2021: Indianapolis,city-nature-challenge-2021-indianapolis,840.0,https://static.inaturalist.org/projects/96268-icon-span2.png?1611857950,"Marion County, US, IN",39.7817096702,-86.1384716976,946,fd9d6863-922b-498a-b1fe-e0335303c8da
94177,City Nature Challenge 2021: New Orleans,city-nature-challenge-2021-new-orleans,131447.0,https://static.inaturalist.org/projects/94177-icon-span2.JPG?1619547803,New Orleans 2019 City Nature Challenge,29.8738565044,-89.7974758337,662,1a8cf6a3-a204-46d4-a4b6-f2080ca6e24b
93336,City Nature Challenge 2021: Triangle Area,city-nature-challenge-2021-triangle-area,1402.0,https://static.inaturalist.org/projects/93336-icon-span2.jpg?1607633104,"Person County, US, NC",36.3901145136,-78.9717135077,2177,49cf15b1-4f9c-4bc7-98f8-56204a79e08d
93686,City Nature Challenge 2021:Fort Wayne Area,city-nature-challenge-2021-fort-wayne-area,2094.0,https://static.inaturalist.org/projects/93686-icon-span2.png?1608244381,"Adams County, US, IN",40.7456599313,-84.9366547189,450,4f1590ab-5a08-4445-a602-390472ccb3b2
99600,City Nature Challenge 2021: Corazón Latino Naguabo,city-nature-challenge-2021-corazon-latino-naguabo,11668.0,https://static.inaturalist.org/projects/99600-icon-span2.jpg?1615307630,"Naguabo, PR",18.2110304405,-65.7360948748,5,45c9d38f-1e62-46ed-9585-373ee09a0e91
99604,City Nature Challenge 2021: Corazón Latino Fajardo,city-nature-challenge-2021-corazon-latino-fajardo,11650.0,https://static.inaturalist.org/projects/99604-icon-span2.jpg?1615309164,"Fajardo, PR",18.3622092522,-65.606560813,10,38a60e8f-50e9-4de3-a75e-b99169dc5d01
93180,"City Nature Challenge 2021: Cosalá, Sinaloa",city-nature-challenge-2021-cosala-sinaloa,37681.0,https://static.inaturalist.org/projects/93180-icon-span2.png?1607457815,"Cosalá, SI, MX",24.4814837601,-106.7994351323,644,cd80288c-8cf4-4122-ad58-a6bb55220919
93514,"City Nature Challenge 2021: Ahome, Sinaloa",city-nature-challenge-2021-ahome-sinaloa,37676.0,https://static.inaturalist.org/projects/93514-icon-span2.png?1607909784,"Ahome, MX, SI",25.8854052641,-109.1630870704,264,17512c85-d717-4c3c-994e-fe80457ed441
96477,City Nature Challenge 2021: Sierra Sur Oaxaca (In memoriam Eugui Roy),city-nature-challenge-2021-sierra-sur-oaxaca-in-memoriam-eugui-roy,58041.0,https://www.inaturalist.org/attachment_defaults/general/span2.png,"Candelaria Loxicha, OA, MX",15.8977653397,-96.527769725,1,f1de45fb-17c1-4a84-82d3-c4a517acd5a8
96449,Reto Naturalista Urbano 2021: Cuernavaca y área metropolitana,reto-naturalista-urbano-2021-cuernavaca-y-area-metropolitana,37253.0,https://www.inaturalist.org/attachment_defaults/general/span2.png,"Cuernavaca, MX, MR",18.9388781215,-99.2630276485,1023,38b6b8e1-c457-4942-8284-273509ca73cb
96336,Reto Naturalista Urbano 2021: Guadalajara,reto-naturalista-urbano-2021-guadalajara,36930.0,https://www.inaturalist.org/attachment_defaults/general/span2.png,"Guadalajara, MX, JA",20.6759710456,-103.3358072039,506,a065f398-1ea6-4dff-b1b6-893cb520b81c
97195,Reto Naturalista Urbano 2021: Pachuca,reto-naturalista-urbano-2021-pachuca,36849.0,https://www.inaturalist.org/attachment_defaults/general/span2.png,"Pachuca de Soto, MX, HI",20.1020840126,-98.7822305207,26,5bea11d7-19bf-4351-a542-5ac3f12e9eb8
100740,Reto Naturalista Urbano 2021: Bocas del Toro,reto-naturalista-urbano-2021-bocas-del-toro,11521.0,https://www.inaturalist.org/attachment_defaults/general/span2.png,"Bocas del Toro, PA",9.2240419646,-82.4865930036,432,2191c32d-9f96-4d44-95c4-f607164f7223
100756,Reto Naturalista Urbano 2021: Chiriqui,reto-naturalista-urbano-2021-chiriqui,13152.0,https://www.inaturalist.org/attachment_defaults/general/span2.png,"Chiriquí, PA",8.4017323412,-82.3695887233,896,b6d2e499-98a8-49b0-af21-12052bc91a53
100745,Reto Naturalista Urbano 2021: Ngobe Bugle,reto-naturalista-urbano-2021-ngobe-bugle,13156.0,https://www.inaturalist.org/attachment_defaults/general/span2.png,"Ngöbe Buglé, PA",8.7089625601,-81.7602808228,105,ff159d8c-3663-4d4b-90a5-e31ceccfcf51
100734,Reto Naturalista Urbano 2021: Veraguas,reto-naturalista-urbano-2021-veraguas,13158.0,https://www.inaturalist.org/attachment_defaults/general/span2.png,"Veraguas, PA",7.9824476412,-81.2022258999,738,1c1f66b8-d336-46df-ac12-1c9edca731f1
100735,Reto Naturalista Urbano 2021: Azuero,reto-naturalista-urbano-2021-azuero,11526.0,https://static.inaturalist.org/projects/100735-icon-span2.png?1619625009,"Los Santos, PA",7.5811721824,-80.3475357935,611,a80dc03b-54e8-4bcc-82f5-bf633d563080
100702,Reto Naturalista Urbano 2021:  Cocle,reto-naturalista-urbano-2021-cocle,40628.0,https://www.inaturalist.org/attachment_defaults/general/span2.png,"Aguadulce, CC, PA",8.1945741708,-80.5717606531,185,ace976ef-ca3a-4b93-ac8c-ad016e7df199
100698,Reto Naturalista Urbano 2021:  Panama Oeste,reto-naturalista-urbano-2021-panama-oeste,101812.0,https://www.inaturalist.org/attachment_defaults/general/span2.png,"La Chorrera, PO, PA",8.9526577329,-79.8530932295,457,3b949bbf-c129-404c-a7f3-6ae9dc87b37a
100747,Reto Naturalista Urbano 2021: Darien,reto-naturalista-urbano-2021-darien,13154.0,https://www.inaturalist.org/attachment_defaults/general/span2.png,"Darién, PA",8.1474659939,-77.9551357756,185,d9f6bcdd-f3a1-4cf9-a9a9-eeb0392fb8c5
96474,Reto Naturalista Urbano 2021: Huichapan,reto-naturalista-urbano-2021-huichapan,36832.0,https://www.inaturalist.org/attachment_defaults/general/span2.png,"Huichapan, HI, MX",20.3838171174,-99.6807343361,7,cd763cd7-71b8-407d-b12a-2a3e74715bbd
96614,Reto Naturalista Urbano 2021: Cajamarca,reto-naturalista-urbano-2021-cajamarca-03667772-359e-424d-849b-d3d03458fa1d,40736.0,https://static.inaturalist.org/projects/96614-icon-span2.jpeg?1612150212,"Cajamarca, CJ, PE",-7.1977588216,-78.4685542379,24,8b555dce-9f85-408d-9f42-cc07b4015507
96530,Reto Naturalista Urbano 2021: SMP,reto-naturalista-urbano-2021-smp,122114.0,https://static.inaturalist.org/projects/96530-icon-span2.png?1612742248,"Parque Estatal Cerro Gordo, MX, MX",19.7550006917,-98.823280143,30,871d9f3a-e81b-41e6-a8bd-c9495d1023be
95530,"Reto Naturalista Urbano 2021: Tapachula, Chiapas. Mex",reto-naturalista-urbano-2021-tapachula-chiapas-mex,101683.0,https://static.inaturalist.org/projects/95530-icon-span2.jpg?1611086487,"Tapachula, CA, MX",14.8951041247,-92.3203090205,111,25f61ef6-67dc-482f-ae93-d764c4fa1fc0
96475,"City Nature Challenge 2021: Apaaxco,",city-nature-challenge-2021-apaaxco,37022.0,https://www.inaturalist.org/attachment_defaults/general/span2.png,"Apaxco, MX, MX",19.9845089249,-99.1478989253,385,0e6aa3a8-6bd7-4b21-bc79-3e66a30956e7
96672,Reto Naturalista Urbano 2021 Tarapoto,reto-naturalista-urbano-2021-tarapoto,40858.0,https://static.inaturalist.org/projects/96672-icon-span2.jpeg?1612212743,"San Martín, SM, PE",-6.4953302016,-75.9026547092,4,1a2e9e8f-2363-4a05-8600-f711ae0bee7b
96455,Reto Naturalista Urbano 2021: Jilotepec y Tula,reto-naturalista-urbano-2021-jilotepec-y-tula,37059.0,https://static.inaturalist.org/projects/96455-icon-span2.jpg?1619652589,"Jilotepec, MX, MX",20.0191028825,-99.596569295,305,93c44ff7-243f-420b-9e44-0f25bafbfc04
96704,"City Nature Challenge 2021: The Hague, Holland",city-nature-challenge-2021-the-hague-holland,148798.0,https://www.inaturalist.org/attachment_defaults/general/span2.png,The Hague and bordering communities - Den Haag en omliggende gemeentes,52.0605596454,4.3286415084,551,be7abcce-5f55-4561-9dd8-cf513511438e
91396,City Nature Challenge 2021: Tāmaki Makaurau/Auckland,city-nature-challenge-2021-tamaki-makaurau-auckland,83350.0,https://static.inaturalist.org/projects/91396-icon-span2.png?1619428166,"Auckland Ecological Region, NZ",-36.7964447844,174.761168821,714,98302e63-5c65-4831-b76c-351d1e8aa9a3
96261,City Nature Challenge 2021: Port Harcourt/Ogbogoro,city-nature-challenge-2021-port-harcourt-ogbogoro,49426.0,https://static.inaturalist.org/projects/96261-icon-span2.png?1611841708,"Port Harcourt, RI, NG",4.7477512082,7.0350868381,150,2aa36a55-4914-43d8-885b-ea643c877d0d
93405,City Nature Challenge 2021: Ōtautahi/Christchurch,city-nature-challenge-2021-otautahi-christchurch,129542.0,https://static.inaturalist.org/projects/93405-icon-span2.png?1619479462,"Christchurch District, NZ",-43.6818287889,172.7656765803,1803,deff8bc9-7a8e-4be0-b744-ed334206542d
93411,Reto Naturalista Urbano 2021: Ciudad de Panamá y San Miguelito,reto-naturalista-urbano-2021-ciudad-de-panama-y-san-miguelito,40670.0,https://static.inaturalist.org/projects/93411-icon-span2.png?1618811783,"San Miguelito, PA, PN",9.0591860013,-79.4841163142,1056,13b08391-6a40-44a1-a475-58f127c226cc
96318,"Reto Naturalista Urbano 2021: Caylloma, Arequipa",reto-naturalista-urbano-2021-caylloma-arequipa,40720.0,https://www.inaturalist.org/attachment_defaults/general/span2.png,"Caylloma, AR, PE",-15.5762044243,-71.5822475846,30,f5fbc7a5-2ab7-4d87-9d5d-20b8cafcb068
95526,"Reto Naturalista Urbano 2021: Tuxtla Gutiérrez, Chis. Mex",reto-naturalista-urbano-2021-tuxtla-gutierrez-chis-mex,101694.0,https://static.inaturalist.org/projects/95526-icon-span2.jpg?1611084793,"Tuxtla Gutiérrez, CA, MX",16.7394474782,-93.1372938258,205,30b3be04-5808-4f7e-ae9f-896b7cb7b577
96313,Reto Naturalista Urbano 2021: Manu,reto-naturalista-urbano-2021-manu,54414.0,https://static.inaturalist.org/projects/96313-icon-span2.JPG?1611893913,"Manu National Park, PE.MD, PER",-12.2608375485,-71.634681775,4,bec990d8-0f4d-4901-b461-12c0acf0157b
96603,"Reto Naturalista Urbano 2021: Islay, Arequipa",reto-naturalista-urbano-2021-islay-arequipa,40722.0,https://static.inaturalist.org/projects/96603-icon-span2.jpg?1612138764,"Islay, AR, PE",-16.9823657469,-71.7383355013,27,4fe5b265-f20a-47b8-b52a-1af6e10c796e
96671,Reto Naturalista Urbano 2021 Lucanas,reto-naturalista-urbano-2021-lucanas,40729.0,https://static.inaturalist.org/projects/96671-icon-span2.jpg?1612212713,"Lucanas, AY, PE",-14.6160368554,-74.3459729583,1,be615e80-b9a3-4241-9063-7bf88d11ab1c
96264,Reto Naturalista Urbano 2021: Quispicanchis,reto-naturalista-urbano-2021-quispicanchis,40758.0,https://static.inaturalist.org/projects/96264-icon-span2.png?1611854378,"Quispicanchi, CS, PE",-13.4992466924,-71.0192852266,41,5048e914-9d45-4581-8cf7-cec8c01e5be2
96492,Reto Naturalista Urbano 2021: Chupaca,reto-naturalista-urbano-2021-chupaca,40784.0,https://static.inaturalist.org/projects/96492-icon-span2.jpeg?1611978537,"Chupaca, JU, PE",-12.2076283755,-75.4328712912,48,75ebcb2b-2983-4472-8079-e36fd372f1ee
96487,Reto Naturalista Urbano 2021: Huancayo,reto-naturalista-urbano-2021-huancayo,40786.0,https://www.inaturalist.org/attachment_defaults/general/span2.png,"Huancayo, JU, PE",-12.0941920651,-75.065915962,202,91054ce6-62e9-48ce-adef-0c0a7a85cf9b
96314,Reto Naturalista Urbano 2021: Cusco,reto-naturalista-urbano-2021-cusco,40754.0,https://static.inaturalist.org/projects/96314-icon-span2.png?1611894727,"Cusco, CS, PE",-13.5513416633,-71.9814908176,195,7c540701-d8a1-49c0-8c76-5eee5dc12185
96392,Reto Naturalista Urbano 2021: Junin,reto-naturalista-urbano-2021-junin,40788.0,https://static.inaturalist.org/projects/96392-icon-span2.jpg?1611923511,"Junín, JU, PE",-11.0357756328,-75.9314718579,116,c68e28e2-80a2-4844-81f5-468d6dda3f20
96468,Reto Naturalista Urbano 2021: Tarma,reto-naturalista-urbano-2021-tarma,40790.0,https://www.inaturalist.org/attachment_defaults/general/span2.png,"Tarma, JU, PE",-11.2804908907,-75.6803836865,88,dc13e486-e309-4c43-8a5d-cd3249f75322
96696,Reto Naturalista Urbano 2021 Moquegua,reto-naturalista-urbano-2021-moquegua,11537.0,https://static.inaturalist.org/projects/96696-icon-span2.jpg?1616894911,"Moquegua, PE",-16.8819113634,-70.8541091171,139,8520d5f4-3cdd-4a6c-abee-86bf309d91d7
90575,"City Nature Challenge 2021: Moscow, Russia",city-nature-challenge-2021-moscow-russia,133611.0,https://static.inaturalist.org/projects/90575-icon-span2.jpg?1604246497,"Gorod Moskva, RU, RU",55.5591859669,37.3635640318,868,87287942-ade4-4931-b55c-73c4543d3eb9
96733,City Nature Challenge 2021: Greater Edinburgh,city-nature-challenge-2021-greater-edinburgh,30463.0,https://static.inaturalist.org/projects/96733-icon-span2.jpg?1618932459,"Edinburgh, Scotland, GB",55.9363794644,-3.2718963182,422,d36f6f85-c29f-42af-9714-ae3ffccaa9b6
96117,City Nature Challenge 2021: Bratislava,city-nature-challenge-2021-bratislava,44565.0,https://static.inaturalist.org/projects/96117-icon-span2.png?1611745731,"Bratislava I, BL, SK",48.1492611244,17.0897997464,159,17bbdf9d-def0-46bb-a733-a1bc06c9e15e
90578,"City Nature Challenge 2021: Irkutsk, Russia",city-nature-challenge-2021-irkutsk-russia,163077.0,https://static.inaturalist.org/projects/90578-icon-span2.jpg?1604246959,"Irkutsk agglomeration, RU",52.2598446202,104.6684418399,506,553871d4-762e-4306-a48a-c4c5a3ac18b7
90580,"City Nature Challenge 2021: Petropavlovsk-Kamchatsky, Russia",city-nature-challenge-2021-petropavlovsk-kamchatsky-russia,149375.0,https://static.inaturalist.org/projects/90580-icon-span2.jpg?1604247410,Petropavlovsk-Kamchatskiy,53.0316204641,158.7594869094,189,00e22c41-e8e0-41e2-b6e6-556f2bceeb18
96255,City Nature Challenge 2021 : Nelson Mandela Bay,city-nature-challenge-2021-nelson-mandela-bay,59204.0,https://static.inaturalist.org/projects/96255-icon-span2.png?1613555801,"Nelson Mandela Bay, EC, ZA",-33.8378979643,25.5156162673,912,cc8c4bbe-24d7-4678-9097-cbffd26482fe
95679,City Nature Challenge 2021: Tshwane,city-nature-challenge-2021-tshwane,50126.0,https://static.inaturalist.org/projects/95679-icon-span2.JPG?1611225426,"City of Tshwane, GT, ZA",-25.6598514004,28.4434331486,1392,283ba6ca-df2e-4307-be59-1ba12d0bd0f2
92187,City Nature Challenge 2021: City of Cape Town,city-nature-challenge-2021-city-of-cape-town,52355.0,https://static.inaturalist.org/projects/92187-icon-span2.jpg?1618422532,"City of Cape Town, WC, ZA",-33.9457434724,18.5547579207,4728,05bb741a-0697-4977-a0f3-a8e994b8ea6d
86747,City Nature Challenge 2021: Garden Route,city-nature-challenge-2021-garden-route,146648.0,https://static.inaturalist.org/projects/86747-icon-span2.png?1602185135,"Garden Route District Municipality incl 2 nautical mile, ZA",-33.8368807263,22.0240420271,3098,f8d3dad4-6f68-468c-94de-ec43c3d87d03
95601,City Nature Challenge 2021: eThekwini,city-nature-challenge-2021-ethekwini,108107.0,https://static.inaturalist.org/projects/95601-icon-span2.png?1614193339,"eThekwini, NL, ZA",-29.827677079,30.8743676049,1736,5b4f3138-d7b3-4443-a672-f96521c8d2dd
93361,City Nature Challenge 2021: Central Taiwan,city-nature-challenge-2021-central-taiwan,146729.0,https://static.inaturalist.org/projects/93361-icon-span2.jpg?1614671168,"Central Taiwan, TW",24.1279195166,120.8136019856,1346,145ede7c-1b0f-4346-b761-a9ad181760e7
93348,City Nature Challenge 2021: Chiayi-Yunlin,city-nature-challenge-2021-chiayi-yunlin,138247.0,https://static.inaturalist.org/projects/93348-icon-span2.jpg?1614671235,"嘉義縣, TW",23.4427444803,120.4473116054,2134,da478448-d2e2-4a20-9022-6cd113345280
94201,City Nature Challenge 2021: Tainan,city-nature-challenge-2021-tainan,141637.0,https://static.inaturalist.org/projects/94201-icon-span2.jpg?1614674438,"台南市, TW",23.054414704,120.0846626081,658,ace9aa73-c7ab-4b49-b2c4-c3911217dbac
94410,City Nature Challenge 2021: Taitung,city-nature-challenge-2021-taitung,141636.0,https://static.inaturalist.org/projects/94410-icon-span2.jpg?1614674510,"台東縣, TW",22.5570143301,121.3468798594,724,26b2a452-6f58-4724-96b8-0f50865454b0
94398,City Nature Challenge 2021: Yilan-Hualien,city-nature-challenge-2021-yilan-hualien,141634.0,https://static.inaturalist.org/projects/94398-icon-span2.jpg?1614674556,"宜蘭縣, TW",24.5933666986,121.8045015061,1293,8212f6f8-aa23-47f3-973a-10588174fbcb
98043,CityNatureChallenge/DéfiNatureUrbaine 2021: Ottawa-Gatineau,citynaturechallenge-definatureurbaine-2021-ottawa-gatineau,27599.0,https://static.inaturalist.org/projects/98043-icon-span2.jpg?1613679264,"Ottawa, ON, CA",45.2946675896,-75.775678398,931,c4383979-d4a6-415d-afa9-2735c26173a0
93039,"City Nature Challenge 2021: Constantine,Algeria",city-nature-challenge-2021-constantine-algeria,12949.0,https://static.inaturalist.org/projects/93039-icon-span2.png?1613134054,"Constantine, DZ",36.348318955,6.6879411651,261,aa7b8075-e1d1-4be0-b3a9-26e192975ac0
96677,Competencia Natural de la Ciudad 2021: Buenos Aires y alrededores,competencia-natural-de-la-ciudad-2021-buenos-aires-y-alrededores,10434.0,https://static.inaturalist.org/projects/96677-icon-span2.png?1614096767,"Ciudad de Buenos Aires, AR",-34.6002241444,-58.4204964846,773,a4ecfbf0-2d68-4a73-9fea-b70bb8e8d068
64515,City Nature Challenge 2021: Bariloche y alrededores,city-nature-challenge-2021-bariloche-y-alrededores,14451.0,https://static.inaturalist.org/projects/64515-icon-span2.png?1614194376,"Bariloche, RN, AR",-41.5025993774,-71.5311724396,98,db25e053-0a4a-4549-b795-7f0c70831b50
96847,"Competencia Natural de la Ciudad 2021: Salta, La Merced y alrededores",competencia-natural-de-la-ciudad-2021-salta-la-merced-y-alrededores,14465.0,https://static.inaturalist.org/projects/96847-icon-span2.png?1614197077,"Capital, SA, AR",-24.9000470243,-65.2718152188,221,37a61c3e-7657-467c-911e-19906c9640c3
96442,Competencia Natural de la Ciudad 2021: Rafaela y alrededores,competencia-natural-de-la-ciudad-2021-rafaela-y-alrededores,14521.0,https://static.inaturalist.org/projects/96442-icon-span2.png?1615213994,"Castellanos, SF, AR",-31.2307785848,-61.6658807563,14,5dc182d4-877d-46ec-9f1f-cd3041eac115
96774,Competencia Natural de la Ciudad 2021: Rosario y alrededores,competencia-natural-de-la-ciudad-2021-rosario-y-alrededores,14530.0,https://static.inaturalist.org/projects/96774-icon-span2.png?1614885087,"Rosario, SF, AR",-33.13199517,-60.7067358645,142,70ae8973-9e54-4e27-bcb3-db44b52e3c50
96776,Competencia Natural de la Ciudad 2021: San Lorenzo y alrededores,competencia-natural-de-la-ciudad-2021-san-lorenzo-y-alrededores,14535.0,https://static.inaturalist.org/projects/96776-icon-span2.png?1614885153,"San Lorenzo, SF, AR",-32.947222833,-60.9736206277,55,cfe44213-3703-484e-af3b-9ebc48f70c8c
96284,Competencia Natural de la Ciudad 2021:  Río Grande y alrededores,competencia-natural-de-la-ciudad-2021-rio-grande-y-alrededores,147392.0,https://static.inaturalist.org/projects/96284-icon-span2.png?1614199769,"Dpto Rio Grande-actualizado, TF, AR",-53.7462919872,-68.1361046547,54,de9ca776-6b69-495c-a099-88901f70d938
96282,Competencia Natural de la Ciudad 2021:  Tolhuin y alrededores,competencia-natural-de-la-ciudad-2021-tolhuin-y-alrededores,147391.0,https://static.inaturalist.org/projects/96282-icon-span2.png?1614200251,"Dpto Tolhuin-actualizado, TF, AR",-54.4245608959,-67.5034849432,11,d6119c4a-af5c-41a0-8810-554ebbc3788c
96263,Competencia Natural de la Ciudad 2021:  Ushuaia y alrededores,competencia-natural-de-la-ciudad-2021-ushuaia-y-alrededores,147390.0,https://static.inaturalist.org/projects/96263-icon-span2.png?1614200209,"Dpto Ushuaia-actualizado, TF, AR",-54.7704623704,-66.683716228,181,38f3f494-7f38-4387-8f61-d14d79448b54
95499,City Nature Challenge 2021 Sydney,city-nature-challenge-2021-sydney-0ef8826b-0167-42cb-b393-4e8a2904bbc5,142327.0,https://static.inaturalist.org/projects/95499-icon-span2.png?1611021682,"Greater Sydney Area, NSW AU",-33.8703434242,151.0680433674,1352,5f9b1cfa-8529-492e-b4b8-6b73801d2756
81320,City Nature Challenge 2021: Greater Adelaide,city-nature-challenge-2021-greater-adelaide,146094.0,https://static.inaturalist.org/projects/81320-icon-span2.png?1611357058,"Greater Adelaide, SA, AU",-35.0343524747,138.6637259588,1193,45a5dd5e-0575-4c42-9ef6-295cccd8edaa
96206,City Nature Challenge 2021: Melbourne Eastern Metropolitan Area,city-nature-challenge-2021-melbourne-eastern-metropolitan-area-9f828197-7f01-4120-b563-cb694b85c19b,158634.0,https://static.inaturalist.org/projects/96206-icon-span2.png?1612311387,City of Greater Dandenong,-38.0056366619,145.1901639881,1134,a6d562f7-1e18-4e8f-87ef-80db814d3fc9
88923,City Nature Challenge 2021: Geelong,city-nature-challenge-2021-geelong,155518.0,https://static.inaturalist.org/projects/88923-icon-span2.png?1604015148,Long Forest VIC,-37.6548596166,144.5007818554,1069,43d121a5-9911-4a11-be29-324066a0c014
94208,City Nature Challenge 2021: Neusiedler See/Seewinkel,city-nature-challenge-2021-neusiedler-see-seewinkel,164294.0,https://static.inaturalist.org/projects/94208-icon-span2.png?1609233136,"Neusiedler See & Seewinkel, BU, AT",47.8279027848,16.8198939076,628,ef439161-53d5-48e0-afaf-dc255b223b69
93065,City Nature Challenge 2021: Klagenfurt,city-nature-challenge-2021-klagenfurt,14878.0,https://static.inaturalist.org/projects/93065-icon-span2.png?1612350667,"Klagenfurt Land, KA, AT",46.5692647319,14.2901400612,539,a6991421-8138-4fed-8c4e-1f1aec70a13d
94725,City Nature Challenge 2021: Hardegg & Thayatal-Podyjí,city-nature-challenge-2021-hardegg-thayatal-podyji,164464.0,https://www.inaturalist.org/attachment_defaults/general/span2.png,Hardegg,48.8528837956,15.8574859386,461,2825e490-ab13-4840-b634-69dfc27e1df2
93003,City Nature Challenge 2021: Krems & Wachau,city-nature-challenge-2021-krems-wachau,146791.0,https://static.inaturalist.org/projects/93003-icon-span2.png?1608641824,"Krems-Stadt, NO, AT",48.4090162555,15.6181201718,426,e3fd293f-3d1a-4f56-9f97-21ef3e041f41
94603,City Nature Challenge 2021: St. Pölten,city-nature-challenge-2021-st-poelten,14900.0,https://static.inaturalist.org/projects/94603-icon-span2.png?1611163515,"Sankt Pölten, NO, AT",48.2031565414,15.6450742868,579,c0019adc-80a5-4c65-a206-b573823e68ef
93004,City Nature Challenge 2021: Waidhofen/Ybbs,city-nature-challenge-2021-waidhofen-ybbs,161792.0,https://static.inaturalist.org/projects/93004-icon-span2.png?1610026211,Waidhofen an der Ybbs,47.9565155163,14.7785164797,326,f2712a88-99e9-4de2-8530-aad03a4ef494
93064,City Nature Challenge 2021: Graz & Graz Umgebung,city-nature-challenge-2021-graz-graz-umgebung,14938.0,https://static.inaturalist.org/projects/93064-icon-span2.png?1612350515,"Graz, ST, AT",47.0738932723,15.4359391491,2590,ccefaa7c-cc76-4461-845b-bf317ab61e7b
93661,City Nature Challenge 2021: Mondsee - Irrsee,city-nature-challenge-2021-mondsee-irrsee,133991.0,https://static.inaturalist.org/projects/93661-icon-span2.png?1608192510,Mondsee - Irrsee - Salzkammergut,47.8609902896,13.371875383,91,31eb0708-c7cb-48cb-ac9c-7d326e11d6b4
92926,City Nature Challenge 2021: Wien,city-nature-challenge-2021-wien,129695.0,https://static.inaturalist.org/projects/92926-icon-span2.png?1607238530,"Wien exakt, AT",48.2084428798,16.3778432885,1570,e0b723be-a074-4414-aa09-51cbc01394cd
90678,"City Nature Challenge 2021: Sevastopol, Crimea",city-nature-challenge-2021-sevastopol-crimea,143006.0,https://static.inaturalist.org/projects/90678-icon-span2.jpg?1604298904,Gorod Sevastopol,44.5750158617,33.6605173191,1040,a1ac0ced-c7ab-4c47-8de2-e3556f8bd0d0
96688,Reto Naturalista Urbano 2021: Monterrey Zona Metropolitana,reto-naturalista-urbano-2021-monterrey-zona-metropolitana,113429.0,https://static.inaturalist.org/projects/96688-icon-span2.jpg?1612225579,"Monterrey Zona Metropolitana, NL, MX",25.7300041599,-100.2285600037,1359,4dd782a5-b188-4d0d-b0b4-850979b8100d
95540,"Reto Naturalista Urbano 2021- GAM, Costa Rica",reto-naturalista-urbano-2021-gam-costa-rica,145615.0,https://static.inaturalist.org/projects/95540-icon-span2.png?1615229264,"Gran Area Metropolitana, CR",9.9382337766,-84.0661999889,1011,ccff0bc0-fe12-42a2-9869-89b17e7fefb1
96679,Competencia Natural de la Ciudad 2021:  General Las Heras y alrededores,competencia-natural-de-la-ciudad-2021-general-las-heras-y-alrededores,14130.0,https://static.inaturalist.org/projects/96679-icon-span2.png?1614096802,"General Las Heras, BA, AR",-34.9119964136,-58.999445637,13,97fcec01-9aad-423f-aa55-15e8619fc22e
89912,City Nature Challenge 2021: Greater Richmond Region,city-nature-challenge-2021-greater-richmond-region,13420.0,https://static.inaturalist.org/projects/89912-icon-span2.jpg?1603387862,"Petersburg County, US, VA",37.2041709041,-77.3914454269,516,c6d9a2f4-10a0-46fc-812e-2a80d154ef5d
96192,City Nature Challenge 2021: Hampton Roads,city-nature-challenge-2021-hampton-roads,13457.0,https://www.inaturalist.org/attachment_defaults/general/span2.png,"Newport News County, US, VA",37.0760676304,-76.5164589978,559,e575c67d-f12d-45b6-a3e5-a59c4f2960ad
96451,"City Nature Challenge 2021: Charlottesville, VA",city-nature-challenge-2021-charlottesville-va,3032.0,https://static.inaturalist.org/projects/96451-icon-span2.jfif?1618960255,"Louisa County, US, VA",37.978207763,-77.9629835362,638,68c4ac3e-4839-4022-9ec5-70be7eeae6ae
93167,City Nature Challenge 2021: Blacksburg,city-nature-challenge-2021-blacksburg,124747.0,https://static.inaturalist.org/projects/93167-icon-span2.jpg?1607452893,"Blacksburg, VA, US",37.2299847196,-80.4279629963,227,92d57d97-1030-449a-a066-56c37bf7e349
96279,City Nature Challenge 2021: Burlington & Winooski,city-nature-challenge-2021-burlington-winooski,50939.0,https://static.inaturalist.org/projects/96279-icon-span2.png?1619459200,"Burlington, US, VT",44.4928957075,-73.2265795407,374,c8b80bb0-af76-4cd5-87a0-ea8e24a061ab
97057,"City Nature Challenge 2021: Rochester, NY",city-nature-challenge-2021-rochester-ny,131268.0,https://www.inaturalist.org/attachment_defaults/general/span2.png,"Greater Rochester Area, NY, USA",43.1522312536,-77.6322868999,298,9456b5f2-cf6d-4104-b692-8eaa933979c3
98010,City Nature Challenge 2021: Charlotte Metro Region,city-nature-challenge-2021-charlotte-metro-region,2178.0,https://www.inaturalist.org/attachment_defaults/general/span2.png,"Cabarrus County, US, NC",35.3869062621,-80.5520606294,995,9e826a87-516d-4e84-a2be-cc819440083a
91562,City Nature Challenge 2021: Gaborone & SE,city-nature-challenge-2021-gaborone-se,12636.0,https://static.inaturalist.org/projects/91562-icon-span2.png?1616331351,"Kgatleng, BW",-24.1524175936,26.3518420892,339,e13e7365-296c-4531-b7bf-6d6994163c46
96638,CNC Rio Branco e leste do Acre 2021,cnc-rio-branco-e-leste-do-acre-2021,20103.0,https://static.inaturalist.org/projects/96638-icon-span2.png?1618336970,"Acrelândia, AC, BR",-9.9287860866,-66.9305736291,372,eb4203cd-9d35-42ac-b9af-026e3dee228d
97279,"Desafio da Natureza Urbana 2021: Brasília e Região, Brasil",desafio-da-natureza-urbana-2021-brasilia-e-regiao-brasil,20905.0,https://static.inaturalist.org/projects/97279-icon-span2.jpg?1613143413,"Brasília, DF, BR",-15.7811195166,-47.7972259706,968,9a3a85b8-2129-4cc9-aa9b-88d403759e72
96289,"City Nature Challenge 2021: Grande Curitiba, Brasil",city-nature-challenge-2021-grande-curitiba-brasil,125697.0,https://static.inaturalist.org/projects/96289-icon-span2.png?1616345751,"Curitiba Metropolitan Area, BR",-25.3493583679,-49.3188705496,1052,64abe219-2fe5-4a27-91fd-063376797ec8
95744,Reto Naturalista Urbano 2021: Veracruz Metropolitano,reto-naturalista-urbano-2021-veracruz-metropolitano,37874.0,https://static.inaturalist.org/projects/95744-icon-span2.jpg?1611381963,"Alvarado, MX, VE",18.8338091283,-95.8419940966,613,96ceaf26-39a7-42a9-9f15-8b148141a984
96088,City Nature Challenge 2021: The Wasatch,city-nature-challenge-2021-the-wasatch,1803.0,https://static.inaturalist.org/projects/96088-icon-span2.png?1611709125,"Salt Lake County, US, UT",40.6673172066,-111.9236029217,899,5ccb4dc9-fc2b-471a-afa4-a54324875bbf
94132,"City Nature Challenge 2021: Mustang Island, Texas",city-nature-challenge-2021-mustang-island-texas,131565.0,https://static.inaturalist.org/projects/94132-icon-span2.png?1609178925,"Mustang Island & Surrounding Waters, TX, US",27.7704923982,-97.1019906339,396,e6548bcb-f1cc-42ce-8622-dd148dad3945
93102,"City Nature Challenge 2021: Wichita Falls, Texas -Rolling Plains Chapter TMN Region",city-nature-challenge-2021-wichita-falls-texas-rolling-plains-chapter-tmn-region,1768.0,https://static.inaturalist.org/projects/93102-icon-span2.png?1607900301,"Archer County, US, TX",33.6152525556,-98.6876492947,716,8cf19c49-90f1-4e6d-993d-f2517b653eb1
94160,City Nature Challenge 2021: Heart of Texas,city-nature-challenge-2021-heart-of-texas,1215.0,https://static.inaturalist.org/projects/94160-icon-span2.png?1609183110,"Somervell County, US, TX",32.222288258,-97.7743353968,1263,cc3665dd-cbb7-4bbc-a5fb-20bc18e197c2
93122,City Nature Challenge 2021: San Antonio,city-nature-challenge-2021-san-antonio,121345.0,https://static.inaturalist.org/projects/93122-icon-span2.png?1607374400,"Greater San Antonio Metro Area, US, TX",29.4283759955,-98.6028260344,2123,2c0dbe9c-0a1a-4a92-bb7c-40e51a299879
95557,City Nature Challenge 2021: Lubbock,city-nature-challenge-2021-lubbock,2737.0,https://static.inaturalist.org/projects/95557-icon-span2.png?1611100957,"Lubbock County, TX, US",33.610205543,-101.8205457505,870,208c973b-b843-4eb7-8bcc-610fb0606c3e
95248,City Nature Challenge 2021: Lower Rio Grande Valley,city-nature-challenge-2021-lower-rio-grande-valley,94019.0,https://static.inaturalist.org/projects/95248-icon-span2.png?1610648340,"Lower Rio Grande Valley, US, TX",26.3875737121,-98.0512275428,1734,4499a9d0-5bdc-49f5-90f5-fd332563ac6b
93331,City Nature Challenge 2021: Houston-Galveston,city-nature-challenge-2021-houston-galveston,110679.0,https://static.inaturalist.org/projects/93331-icon-span2.png?1607630370,"Greater Houston Area, US, TX",29.7406407353,-95.347403234,3639,ead2708d-cc70-4b86-b7f4-11e55f27b772
93268,City Nature Challenge 2021: Dallas/Fort Worth,city-nature-challenge-2021-dallas-fort-worth,57484.0,https://static.inaturalist.org/projects/93268-icon-span2.png?1607536744,"DFW Metroplex, TX, US",32.7435276462,-97.0715475082,3006,9ebcc7e8-106d-4b29-b252-df5f37b8eace
96416,City Nature Challenge 2021: Brazos Valley TX,city-nature-challenge-2021-brazos-valley-tx,799.0,https://static.inaturalist.org/projects/96416-icon-span2.png?1611935088,"Brazos County, TX, US",30.6607996934,-96.3023855796,519,fada0926-7cd1-4437-896a-da5ae9e24077
93123,City Nature Challenge 2021: Austin,city-nature-challenge-2021-austin,60211.0,https://static.inaturalist.org/projects/93123-icon-span2.png?1607374576,"Greater Austin, TX, US",30.3328799812,-97.8079319,2472,2b9e4251-52da-4b4c-9dd3-0a8620d2708c
93192,City Nature Challenge 2021: Amarillo,city-nature-challenge-2021-amarillo,121393.0,https://static.inaturalist.org/projects/93192-icon-span2.png?1607466369,"Amarillo Metropolitan Area, US, TX",35.3118955778,-101.5751700814,269,3ffe8c9f-954e-4bb9-b4d9-2eb35a64bce7
94807,City Nature Challenge 2021: Nashville,city-nature-challenge-2021-nashville,2729.0,https://static.inaturalist.org/projects/94807-icon-span2.png?1610142880,"Williamson County, US, TN",35.8937806982,-86.8986034954,623,e522f74a-697f-4ec0-8317-835fe61c20c8
95432,City Nature Challenge 2021: Knox Area,city-nature-challenge-2021-knox-area,1780.0,https://static.inaturalist.org/projects/95432-icon-span2.jpg?1610921036,"Knox County, TN, US",35.9932164818,-83.9370860545,808,e59323cb-6747-41b7-b7ef-550cbacc4146
93163,City Nature Challenge 2021: Northeast Tennessee,city-nature-challenge-2021-northeast-tennessee,1519.0,https://static.inaturalist.org/projects/93163-icon-span2.JPG?1610658472,"Washington County, US, TN",36.2933016059,-82.4974314131,951,0591d183-67da-486a-a3e5-e0d3f063b2c5
93130,City Nature Challenge 2021: Maury County,city-nature-challenge-2021-maury-county,2632.0,https://www.inaturalist.org/attachment_defaults/general/span2.png,"Maury County, US, TN",35.6169396317,-87.0770139537,99,00bdb006-8a00-4835-8c16-ac2f4881f2f1
95318,City Nature Challenge 2021: Pittsburgh Region,city-nature-challenge-2021-pittsburgh-region,913.0,https://www.inaturalist.org/attachment_defaults/general/span2.png,"Allegheny County, US, PA",40.4688336878,-79.9811946288,1218,fc12a6dd-d9e3-4623-be4f-31a0cafe5e04
93134,City Nature Challenge 2021: Greater Philadelphia Area,city-nature-challenge-2021-greater-philadelphia-area,2983.0,https://static.inaturalist.org/projects/93134-icon-span2.png?1607387284,"Philadelphia County, PA, US",40.0076376824,-75.1339618215,2129,6566de78-a04c-4c70-8392-272cb1f25589
95906,City Nature Challenge 2021: Greater Portland-Vancouver Metro Area,city-nature-challenge-2021-greater-portland-vancouver-metro-area,81864.0,https://static.inaturalist.org/projects/95906-icon-span2.png?1614145786,Portland-Vancouver Metro Region,45.5399071755,-122.6795582111,940,5fcb1b70-b7ed-423f-8396-e9ad73b54e5a
96441,"City Nature Challenge 2021: Piedmont, NC",city-nature-challenge-2021-piedmont-nc,2401.0,https://static.inaturalist.org/projects/96441-icon-span2.jpg?1613761560,"Surry County, US, NC",36.4146821843,-80.6874880089,983,4e489583-dd19-4ce2-8a96-e2299f8bf547
96748,"City Nature Challenge 2021:  Pleasure Island, NC",city-nature-challenge-2021-pleasure-island-nc,455.0,https://static.inaturalist.org/projects/96748-icon-span2.jpg?1612290511,"New Hanover County, US, NC",34.1814083918,-77.8656139943,597,17bf30ee-7163-4a6e-877f-5fb5c0ec9a90
91268,City Nature Challenge 2021: ABQ,city-nature-challenge-2021-abq,2390.0,https://static.inaturalist.org/projects/91268-icon-span2.png?1604957728,"Bernalillo County, US, NM",35.0513140102,-106.670171275,1254,60ca2a90-8cbc-40bb-885e-c694c48615fc
95627,City Nature Challenge 2021: Berlin,city-nature-challenge-2021-berlin,12872.0,https://static.inaturalist.org/projects/95627-icon-span2.png?1611160851,"Berlin, DE",52.5015315807,13.4018502444,754,7c022b01-9641-4461-b21f-0d8264da78bf
93710,City Nature Challenge 2021: Hamburg,city-nature-challenge-2021-hamburg,12874.0,https://static.inaturalist.org/projects/93710-icon-span2.png?1611609626,"Hamburg, DE",53.6089529884,9.7699941334,461,d4153402-ecbf-4c8e-92c5-65c79ad2acc3
94948,City Nature Challenge 2021: KielRegion,city-nature-challenge-2021-kielregion,98634.0,https://static.inaturalist.org/projects/94948-icon-span2.png?1615564450,"Kiel, DE, SH",54.3312820597,10.1373620324,873,65060ac2-d9d8-487e-bfc2-93d8fde1ed31
97103,City Nature Challenge 2021: Larisa,city-nature-challenge-2021-larisa,30834.0,https://static.inaturalist.org/projects/97103-icon-span2.jpg?1618939019,"Larisa, GR",39.6438645,22.407473,153,4c1590b5-a261-46bf-98df-5f312a39c44b
97134,City Nature Challenge 2021: Milazzo,city-nature-challenge-2021-milazzo,165374.0,https://static.inaturalist.org/projects/97134-icon-span2.jpg?1613318716,"Milazzo, ME, Italia, IT",38.2375356503,15.2366899889,737,d32f233d-0a72-4443-ace6-d42bf9466f98
93359,City Nature Challenge 2021: Bolzano/Bozen,city-nature-challenge-2021-bolzano-bozen,146780.0,https://static.inaturalist.org/projects/93359-icon-span2.png?1618578947,Bolzano Urban Nature,46.485508631,11.3485944256,473,265e1d8d-7b8f-458a-aed8-215c1ea4c5e1
94330,City Nature Challenge 2021: Brunico/Bruneck,city-nature-challenge-2021-brunico-bruneck,161240.0,https://static.inaturalist.org/projects/94330-icon-span2.png?1618579013,Brunico Bruneck,46.7904384063,11.9495035677,203,223f23a7-a432-400a-b246-e813159c0fe4
95729,"Desafio da Natureza Urbana 2021: Manaus e Região Metropolitana, AM, Brasil",desafio-da-natureza-urbana-2021-manaus-e-regiao-metropolitana-am-brasil,20287.0,https://static.inaturalist.org/projects/95729-icon-span2.png?1619911379,"Presidente Figueiredo, AM, BR",-1.372568079,-59.9887926482,419,ec6ba116-8b54-4f74-8411-80659495489f
92904,"Desafio da Natureza Urbana 2021: Baía de Guanabara, RJ, Brasil",desafio-da-natureza-urbana-2021-baia-de-guanabara-rj-brasil,23734.0,https://static.inaturalist.org/projects/92904-icon-span2.jpg?1615072885,"Rio de Janeiro, RJ, BR",-22.9548787499,-43.41427157,1597,aaf6b5c3-188a-40b8-9046-c8466d2ef4a8
94558,"Desafio da Natureza Urbana 2021: Porto Alegre, RS Brasil",desafio-da-natureza-urbana-2021-porto-alegre-rs-brasil,23936.0,https://www.inaturalist.org/attachment_defaults/general/span2.png,"Alvorada, RS, BR",-29.9950352468,-51.037290438,160,a4e28917-5c93-4bbf-9f2f-33ffb4c77eb8
90756,City Nature Challenge 2021: São Paulo e Região Metropolitana,city-nature-challenge-2021-sao-paulo-e-regiao-metropolitana,25311.0,https://static.inaturalist.org/projects/90756-icon-span2.png?1619280139,"São Paulo, SP, BR",-23.6504168524,-46.6480251547,478,ecabf315-ba59-4180-9e9f-c8a20ae8b7ec
88619,City Nature Challenge 2021: Calgary Metropolitan Region,city-nature-challenge-2021-calgary-metropolitan-region,132936.0,https://static.inaturalist.org/projects/88619-icon-span2.jpg?1616084564,City of Calgary,51.0350326223,-114.0522238177,753,dab75227-dc90-47e1-99a0-48b3205fd538
95157,"City Nature Challenge 2021: Camrose County, Alberta, Canada",city-nature-challenge-2021-camrose-county-alberta-canada,164898.0,https://www.inaturalist.org/attachment_defaults/general/span2.png,"Camrose County, Alberta, Canada",52.9164233431,-112.7608216248,71,9e9388af-a14b-4fb1-9a5e-860cd8fcf180
93588,City Nature Challenge 2021: Edmonton metro area,city-nature-challenge-2021-edmonton-metro-area,164051.0,https://static.inaturalist.org/projects/93588-icon-span2.jpg?1617823069,"Edmonton metropolitan area, AB, CA",53.5203211845,-113.5149770912,370,88230c59-408a-4186-bd49-40b10dbd0b3c
93374,City Nature Challenge 2021: Lethbridge,city-nature-challenge-2021-lethbridge,136029.0,https://static.inaturalist.org/projects/93374-icon-span2.png?1607804748,"Lethbridge, Alberta, Canada, AB, CA",49.6877356361,-112.844053573,217,2be6a257-e0b8-471d-a509-86525a197426
95952,City Nature Challenge 2021: Red Deer Area,city-nature-challenge-2021-red-deer-area,164866.0,https://static.inaturalist.org/projects/95952-icon-span2.png?1611597907,"Red Deer County, AB, CA",52.1122672177,-113.7930076406,259,1a4ab3f3-faef-438c-8c6d-0a186892d1bd
93344,City Nature Challenge 2021: Kamloops,city-nature-challenge-2021-kamloops,49148.0,https://www.inaturalist.org/attachment_defaults/general/span2.png,"Thompson-Nicola, CA, BC",51.1561743051,-120.4793041038,239,2d38506c-d8bf-46fb-a4a9-e922085ef31e
86027,"City Nature Challenge 2021: Richmond, BC",city-nature-challenge-2021-richmond-bc,130244.0,https://static.inaturalist.org/projects/86027-icon-span2.jpg?1617833528,"Richmond, BC, CA",49.159485428,-123.1027966237,431,20e2a712-e833-4d96-a916-fcfe521ffd5e
92221,City Nature Challenge 2021: Surrey BC,city-nature-challenge-2021-surrey-bc,144780.0,https://static.inaturalist.org/projects/92221-icon-span2.JPG?1637103258,"Surrey, BC, CA",49.114642907,-122.7833588073,581,c2e53986-52ae-4a6b-b159-ad20ecd9a993
90246,City Nature Challenge 2021: Winnipeg Region,city-nature-challenge-2021-winnipeg-region,27541.0,https://static.inaturalist.org/projects/90246-icon-span2.jpg?1608571465,"Division No. 11, MB, CA",49.8643716672,-97.2005860058,424,469dfd82-3fca-4094-bcc2-282dcd4b16f7
95153,Hamilton (The Hammer) City Nature Challenge 2021,hamilton-the-hammer-city-nature-challenge-2021,27590.0,https://static.inaturalist.org/projects/95153-icon-span2.jpg?1610557661,"Hamilton, CA, ON",43.2529067678,-79.9586684332,771,34e8dc73-ed1d-4077-aba3-592dbe830c99
96286,City Nature Challenge 2021: Toronto and GTA,city-nature-challenge-2021-toronto-and-gta,27584.0,https://www.inaturalist.org/attachment_defaults/general/span2.png,"Durham, ON, CA",44.0816073143,-78.9533390832,933,dec8ad0e-3738-4d04-a940-42225e0cf286
94651,City Nature Challenge 2021: Regina and Area,city-nature-challenge-2021-regina-and-area,164401.0,https://www.inaturalist.org/attachment_defaults/general/span2.png,City Nature Challenge 2021: Regina and Area,50.5002294342,-104.654306352,292,92edc8be-3518-4e82-abc2-53da482946b1
90440,City Nature Challenge 2021: Hong Kong,city-nature-challenge-2021-hong-kong,7613.0,https://static.inaturalist.org/projects/90440-icon-span2.png?1604027290,Hong Kong,22.3371967789,114.1490797877,4056,229425fb-ff30-4668-ab5e-b5e005bfbcc8
93143,City Nature Challenge 2021: Macao,city-nature-challenge-2021-macao,132048.0,https://static.inaturalist.org/projects/93143-icon-span2.jpg?1618418785,"Macau S.A.R., MO",22.1612209251,113.5664519116,658,ea49bd77-c1b7-4d2c-987e-7378d05ba9fa
91369,Reto Naturalista Urbano 2021: Bucaramanga,reto-naturalista-urbano-2021-bucaramanga,135899.0,https://static.inaturalist.org/projects/91369-icon-span2.jpg?1619984271,"Área Metropolitana de Bucaramanga, ST, CO",7.0257791887,-73.1210822627,1218,db74ec0b-0738-47ae-bc82-c8983c607567
95602,City Nature Challenge 2021: Uherské Hradiště,city-nature-challenge-2021-uherske-hradiste,164682.0,https://static.inaturalist.org/projects/95602-icon-span2.png?1611134841,"Kunovice, ZK, CZ",49.0305887654,17.4664462344,347,a3e904b3-cc8b-43bd-bb13-800f1406a1d8
96480,City Nature Challenge: Loja 2021,city-nature-challenge-loja-2021,146787.0,https://static.inaturalist.org/projects/96480-icon-span2.png?1618006833,"Loja y sus alrededores, LJ, EC",-3.9875011751,-79.1971285064,387,7aca37f8-e5cc-47fb-add8-d7617d615424
96652,Desafío Naturaleza Urbana 2021: Descubre Quito Biodiverso,desafio-naturaleza-urbana-2021-descubre-quito-biodiverso,170998.0,https://static.inaturalist.org/projects/96652-icon-span2.png?1619827542,"Quito metro area, PI, EC",-0.1515606164,-78.4317710221,1268,77df7391-cdf6-4255-84e4-55cdf7fdff33
96241,Biomaratón CNC 2021: Llanes,biomaraton-cnc-2021-llanes,164918.0,https://static.inaturalist.org/projects/96241-icon-span2.png?1611825073,Llanes,43.3980188741,-4.8324517217,12,eb5f1525-4775-4a12-a495-be26efeb2dcf
96051,Biomaratón CNC 2021: Sant Cugat del Vallès,biomaraton-cnc-2021-sant-cugat-del-valles,164926.0,https://www.inaturalist.org/attachment_defaults/general/span2.png,Sant Cugat del Vallès,41.461958263,2.0730575348,197,a1d76c78-c89d-43fc-b4a3-64e931d43d3b
96166,Biomaratón CNC 2021: Cuenca,biomaraton-cnc-2021-cuenca,165335.0,https://static.inaturalist.org/projects/96166-icon-span2.png?1611762773,Cuenca ciudad,40.2054297854,-1.9939799513,81,a9194be6-7e3d-479b-9b47-eee2f3cbbcbf
96050,Biomaratón CNC 2021: Valencia,biomaraton-cnc-2021-valencia,164894.0,https://static.inaturalist.org/projects/96050-icon-span2.jpg?1611688584,"Término municipal Valencia, VC, ES",39.4205866456,-0.3584210798,26,799227b6-d1b6-4779-b7de-c06f14298678
96240,Biomaratón CNC 2021: Cáceres,biomaraton-cnc-2021-caceres,164909.0,https://static.inaturalist.org/projects/96240-icon-span2.png?1611824800,Cáceres,39.3707225441,-6.4491545165,2,eaff4220-8f54-4213-9a73-c7ef5ded0cc8
96047,Biomaratón CNC 2021: La Pola de Gordón,biomaraton-cnc-2021-la-pola-de-gordon,164895.0,https://static.inaturalist.org/projects/96047-icon-span2.jpg?1611688430,La Pola de Gordón,42.874035537,-5.6910607483,2,3d0fdf3f-7d9e-4601-a75f-4776f9b4b9cd
96168,Biomaratón CNC 2021: Alcalá de Henares,biomaraton-cnc-2021-alcala-de-henares,164829.0,https://static.inaturalist.org/projects/96168-icon-span2.png?1619078855,Alcalá de Henares,40.4945922576,-3.3696010795,68,3bc88455-ea45-4891-be89-820cc8a95fff
94943,Biomaratón CNC 2021: Brunete,biomaraton-cnc-2021-brunete,130885.0,https://static.inaturalist.org/projects/94943-icon-span2.jpg?1613386834,"Brunete, MD, ES",40.3969760344,-3.9947408092,100,9d740424-473a-495a-b3c1-00ba8778eea4
96193,Biomaratón CNC 2021: Chapinería,biomaraton-cnc-2021-chapineria,164912.0,https://www.inaturalist.org/attachment_defaults/general/span2.png,Chapinería,40.3707584552,-4.2103952836,43,7e7e6fba-48ef-4dce-8d46-d01f64f9dd2c
89779,Biomaratón CNC 2021: Colmenar Viejo,biomaraton-cnc-2021-colmenar-viejo,8102.0,https://static.inaturalist.org/projects/89779-icon-span2.png?1603264315,"Colmenar Viejo, MD, ES",40.6642465912,-3.7458004577,565,0b06681f-796a-443e-8981-bef026cc1fbd
93874,Biomaratón CNC 2021: El Álamo,biomaraton-cnc-2021-el-alamo,162736.0,https://static.inaturalist.org/projects/93874-icon-span2.png?1612299356,El Álamo,40.2324044246,-3.9892579944,212,744e7bba-b295-440e-952d-e1f8ff5c6ee0
95709,Biomaratón CNC 2021: Fuencarral - El Pardo,biomaraton-cnc-2021-fuencarral-el-pardo,161722.0,https://static.inaturalist.org/projects/95709-icon-span2.JPG?1611450413,Distrito Fuencarral/El Pardo,40.5447866534,-3.7535600289,255,62237283-6eba-481a-a642-39addd34bc38
92487,Biomaratón CNC 2021: Guadalix de la Sierra,biomaraton-cnc-2021-guadalix-de-la-sierra,161695.0,https://static.inaturalist.org/projects/92487-icon-span2.jpg?1615293909,Guadalix de la Sierra,40.7685155689,-3.6842302215,205,bb1130b8-219a-4178-bd53-d8f80aa235db
93875,Biomaratón CNC 2021: Navalcarnero,biomaraton-cnc-2021-navalcarnero,162737.0,https://static.inaturalist.org/projects/93875-icon-span2.png?1612299307,Navalcarnero,40.2886957847,-4.014151797,111,09c9e735-da16-415b-b630-53e950e4909a
96194,Biomaratón CNC 2021: Navas del Rey,biomaraton-cnc-2021-navas-del-rey,165004.0,https://www.inaturalist.org/attachment_defaults/general/span2.png,"Navas del Rey, ES",40.3831303903,-4.2710329001,15,25f848d8-cecb-4134-81bb-81fd53ed5956
95229,Biomaratón CNC 2021: Quijorna,biomaraton-cnc-2021-quijorna,164588.0,https://static.inaturalist.org/projects/95229-icon-span2.jpg?1615286575,"Quijorna, MD, ES",40.4184592745,-4.0607005017,155,cd449328-1b26-48fb-a27e-e87a82a7cf4f
96069,Biomaratón CNC 2021: San Martín de la Vega,biomaraton-cnc-2021-san-martin-de-la-vega-8ab70c81-bdbc-4532-b6a6-a538bc334b7a,164901.0,https://www.inaturalist.org/attachment_defaults/general/span2.png,San Martín de la Vega,40.2431306915,-3.5616333467,243,a792144b-0073-457b-bfe4-562a281d42d4
96046,Biomaratón CNC 2021: Soto del Real,biomaraton-cnc-2021-soto-del-real,161688.0,https://static.inaturalist.org/projects/96046-icon-span2.png?1611688376,Soto del Real,40.7476805768,-3.7882010597,36,741b2efa-0d4c-4914-97c7-60babdef2351
96191,Biomaratón CNC 2021: Guadarrama,biomaraton-cnc-2021-guadarrama,162925.0,https://static.inaturalist.org/projects/96191-icon-span2.png?1615810564,Guadarrama,40.6773048346,-4.1099859371,100,8bc9c961-4445-4400-bf79-4a65efbbd0aa
92484,Biomaratón CNC 2021: Pamplona / Iruña,biomaraton-cnc-2021-pamplona-iruna,148890.0,https://static.inaturalist.org/projects/92484-icon-span2.png?1606555891,"Pamplona / Iruña Área Metropolitana, ES",42.7993071797,-1.6590201056,662,e66acc0c-6c56-49e9-9ee0-8e6e3e81105b
96406,Biomaratón CNC 2021: Santa Cruz de Tenerife,biomaraton-cnc-2021-santa-cruz-de-tenerife,164927.0,https://www.inaturalist.org/attachment_defaults/general/span2.png,Santa Cruz de Tenerife,28.5179141649,-16.2254146868,3,0963908c-d5d8-4535-a573-5eb3ff7e81a8
96242,Biomaratón CNC 2021: El Espinar,biomaraton-cnc-2021-el-espinar,164914.0,https://static.inaturalist.org/projects/96242-icon-span2.png?1611825462,El Espinar,40.7308011186,-4.2224346906,3,22fa4ba8-c50c-4296-837d-dc8d4828170c
93250,City Nature Challenge 2021: Gloucestershire,city-nature-challenge-2021-gloucestershire,30344.0,https://static.inaturalist.org/projects/93250-icon-span2.png?1607506387,"Gloucestershire, England, GB",51.8201309551,-2.1241431899,257,3fa8c7e0-3809-4021-899b-f183dff752db
93157,City Nature Challenge 2021: London,city-nature-challenge-2021-london,66357.0,https://static.inaturalist.org/projects/93157-icon-span2.png?1607431934,Greater London,51.4859381197,-0.1259994507,982,f718ca46-60ec-4b69-b82c-a5dfe62981c9
96123,City Nature Challenge 2021: Liverpool City Region,city-nature-challenge-2021-liverpool-city-region,130732.0,https://static.inaturalist.org/projects/96123-icon-span2.jpg?1611756749,"Liverpool City Region, GB",53.4756149872,-3.0300954879,920,d44ecc01-99bd-4d2c-ac01-7f85355dfe7d
93544,City Nature Challenge 2021: Birmingham & Black Country,city-nature-challenge-2021-birmingham-black-country,144101.0,https://static.inaturalist.org/projects/93544-icon-span2.jpg?1615582794,"Birmingham & Black Country, England, GB",52.5210417901,-1.9724553358,903,52821a61-2f23-4361-833e-dfa109057f61
93719,"City Nature Challenge 2021: Bonner County, ID",city-nature-challenge-2021-bonner-county-id,2289.0,https://www.inaturalist.org/attachment_defaults/general/span2.png,"Bonner County, US, ID",48.2997582932,-116.6008014119,365,7e2d8e12-4447-40af-a3e2-462d7fbd1ad7
95610,City Nature Challenge 2021: North East England,city-nature-challenge-2021-north-east-england,131090.0,https://static.inaturalist.org/projects/95610-icon-span2.png?1611152265,City Nature Challenge 2019: North East England,55.0525593836,-1.8151605893,646,fdc28ade-e9e6-4e63-955c-1d0c66c5a32b
90762,"City Nature Challenge 2021: Nottingham City, UK",city-nature-challenge-2021-nottingham-city-uk,144218.0,https://static.inaturalist.org/projects/90762-icon-span2.JPG?1613409924,"Nottingham City, England, GB",52.9605995263,-1.1765228788,742,d20964c3-a53a-4e12-9341-c4013e576696
96024,City Nature Challenge 2021: Brighton & Eastern Downs,city-nature-challenge-2021-brighton-eastern-downs,164862.0,https://static.inaturalist.org/projects/96024-icon-span2.png?1615305326,"Brighton & Eastern Downs, England, GB",50.8359157777,-0.1571871892,1080,537c0010-6bb6-4207-994f-dca5a05ae0c3
93363,City Nature Challenge 2021: Cardiff & Newport,city-nature-challenge-2021-cardiff-newport,163986.0,https://www.inaturalist.org/attachment_defaults/general/span2.png,"City Nature Challenge 2021: Cardiff and Newport, Wales, GB",51.5224589855,-3.0242924969,337,9966b977-c46e-45df-bb10-5c1f7877faa5
96040,"City Nature Challenge 2021: Coventry, UK",city-nature-challenge-2021-coventry-uk,164860.0,https://www.inaturalist.org/attachment_defaults/general/span2.png,Coventry city,52.4168933269,-1.519735797,185,b10541bb-6ddf-4e00-96ee-1a590fe01d25
94566,City Nature Challenge 2021: Greater Phoenix Area,city-nature-challenge-2021-greater-phoenix-area,147790.0,https://static.inaturalist.org/projects/94566-icon-span2.png?1609784232,"Metro Phoenix, AZ, US",33.5054190474,-112.0375487421,1029,3a1b1458-f241-4279-a707-9b489473cc3a
93369,City Nature Challenge 2021: INLAND EMPIRE,city-nature-challenge-2021-inland-empire,520.0,https://static.inaturalist.org/projects/93369-icon-span2.png?1607702220,"San Bernardino County, US, CA",34.8414375977,-116.1784615835,1861,3ed88a2d-b3d2-4e56-a9eb-c810eb00de37
96467,City Nature Challenge 2021: Los Angeles County,city-nature-challenge-2021-los-angeles-county,962.0,https://static.inaturalist.org/projects/96467-icon-span2.png?1611965598,"Los Angeles County, US, CA",34.1980014782,-118.2610169697,2632,3e6773a1-12bb-43ab-9c0b-712be033287a
96182,City Nature Challenge 2021: San Diego County,city-nature-challenge-2021-san-diego-county,54501.0,https://static.inaturalist.org/projects/96182-icon-span2.png?1611772677,"San Diego County including Pelagic Waters, CA, US",33.0195352876,-116.981055,2017,1e7cd51f-8227-4c38-a536-ac7467287d01
95184,2021 City Nature Challenge: Fairfield and Westchester Counties,2021-city-nature-challenge-fairfield-and-westchester-counties,1871.0,https://static.inaturalist.org/projects/95184-icon-span2.png?1611162177,"Fairfield County, US, CT",41.2249600876,-73.3712046134,729,40717cf5-d8b1-4fdb-bdca-36b7f8e41775
92196,City Nature Challenge 2021: Washington DC Metro Area,city-nature-challenge-2021-washington-dc-metro-area,118683.0,https://static.inaturalist.org/projects/92196-icon-span2.png?1610858433,"Washington Metropolitan Area, US",38.8334829511,-77.4742858789,2875,f640ad5b-a3bc-460a-abb8-a57f195ed241
93317,City Nature Challenge 2021: Alachua County,city-nature-challenge-2021-alachua-county,2511.0,https://static.inaturalist.org/projects/93317-icon-span2.png?1620076789,"Alachua County, US, FL",29.6747550598,-82.3577014892,1903,c9c74849-cc75-4965-9f5e-389e4347c396
88633,City Nature Challenge 2021: Chicago Metro,city-nature-challenge-2021-chicago-metro,1859.0,https://static.inaturalist.org/projects/88633-icon-span2.png?1619880049,"Cook County, IL, US",41.895416779,-87.6461648852,1518,243282c5-f607-4a9f-af66-5a547a6af0f0
96448,City Nature Challenge 2021: Boca Raton,city-nature-challenge-2021-boca-raton,166530.0,https://static.inaturalist.org/projects/96448-icon-span2.png?1611952800,City of Boca Raton and the Beach and Park District,26.3706142922,-80.1172554504,55,7295379a-ccb5-4c76-a621-3498a83e8015
97034,City Nature Challenge 2021: Orlando Metro,city-nature-challenge-2021-orlando-metro,934.0,https://static.inaturalist.org/projects/97034-icon-span2.png?1612535180,"Orange County, US, FL",28.5144225618,-81.3234784823,632,97766768-3b17-4301-b7a9-bf0ac28c7966
96900,2021: S/M Counties CNC,2021-s-m-counties-cnc,2034.0,https://static.inaturalist.org/projects/96900-icon-span2.png?1618440221,"Sarasota County, US, FL",27.1824778166,-82.3649735259,1191,7a996f17-f097-4e7d-8f3d-0d0153ef8df3
95732,City Nature Challenge 2021: South Florida (#CNCSOFLO),city-nature-challenge-2021-south-florida-cncsoflo,2345.0,https://static.inaturalist.org/projects/95732-icon-span2.png?1611873123,"Miami-Dade County, US, FL",25.608968247,-80.4986667689,2085,749779a0-d9d4-49f4-9d3e-c05c6a6da027
94731,City Nature Challenge 2021: Atlanta,city-nature-challenge-2021-atlanta,130842.0,https://static.inaturalist.org/projects/94731-icon-span2.png?1610464985,"Atlanta City Nature Challenge, GA, US",33.7816359574,-84.3177308652,1488,fa72d75f-055d-4529-b1c5-4a7b9c94cae7
90377,City Nature Challenge 2021: Boise Area,city-nature-challenge-2021-boise-area,145013.0,https://static.inaturalist.org/projects/90377-icon-span2.png?1608300441,Boise Area,43.610856261,-116.2223071484,567,1f5ee09c-10dd-4fa9-ba15-4cbf65ab1299
92719,"City Nature Challenge 2021: St. Charles, IL",city-nature-challenge-2021-st-charles-il,163768.0,https://www.inaturalist.org/attachment_defaults/general/span2.png,"St. Charles Township, IL ",41.9450726943,-88.3210866127,49,b43aa1bd-60be-41e4-9d02-c0a4c61aef5f
91550,"City Nature Challenge 2021: Lexington, KY, USA",city-nature-challenge-2021-lexington-ky-usa,1958.0,https://static.inaturalist.org/projects/91550-icon-span2.png?1605288307,"Fayette County, US, KY",38.0423240909,-84.4587260137,742,69cb3d78-17b8-4156-813f-d5ca4015ff85
80629,City Nature Challenge 2021: Baton Rouge,city-nature-challenge-2021-baton-rouge,1984.0,https://static.inaturalist.org/projects/80629-icon-span2.png?1614091369,"Ascension Parish, LA, US",30.2035445327,-90.9112915636,1495,02a2912f-5d56-4f41-9181-acc873073125
92205,City Nature Challenge 2021: Baltimore Area,city-nature-challenge-2021-baltimore-area,1818.0,https://static.inaturalist.org/projects/92205-icon-span2.png?1606150107,"Anne Arundel County, MD, US",38.9941571673,-76.5675970733,1886,f5d2c7bd-6c95-45be-86bc-224599ee0e80
95523,City Nature Challenge 2021: Pioneer Valley,city-nature-challenge-2021-pioneer-valley,2012.0,https://www.inaturalist.org/attachment_defaults/general/span2.png,"Hampshire County, US, MA",42.3401381536,-72.6637654436,470,5944a82a-9a68-4be1-acb1-f76e6083e887
93273,City Nature Challenge 2021: Tyngsborough,city-nature-challenge-2021-tyngsborough,163967.0,https://static.inaturalist.org/projects/93273-icon-span2.png?1615049910,"Town of Tyngsborough, MA, US",42.6661280823,-71.4290625963,173,f630f073-b15c-407d-ae2e-2c8d9dbfb6e6
95277,"City Nature Challenge 2021: Worcester, MA",city-nature-challenge-2021-worcester-ma,151995.0,https://static.inaturalist.org/projects/95277-icon-span2.png?1617581827,"Worcester, MA, USA, MA, US",42.2706411733,-71.807814962,159,0bb44068-d463-4e34-b942-879cb77f94c3
91376,City Nature Challenge 2021: Boston Area,city-nature-challenge-2021-boston-area,146061.0,https://static.inaturalist.org/projects/91376-icon-span2.png?1605051862,Boston Area CNC,42.1097984477,-70.6715571202,2059,6021b8f0-faf8-4911-92c5-ef2b7dd2cf2e
96472,City Nature Challenge 2021: Minneapolis-St. Paul,city-nature-challenge-2021-minneapolis-st-paul,13467.0,https://static.inaturalist.org/projects/96472-icon-span2.png?1611968433,"Ramsey County, US, MN",45.0170644426,-93.0996066029,965,189b7afe-06dc-4d65-9aa6-3a6bd830f236
93269,City Nature Challenge 2021: St. Louis,city-nature-challenge-2021-st-louis,124535.0,https://static.inaturalist.org/projects/93269-icon-span2.png?1607539792,"St. Louis-St. Charles-Farmington, MO-IL Combined Statistical Area",38.6842537607,-90.2657129254,1216,d41f1be6-33a2-4e3c-9c80-205d99cf6ecb
97366,"City Nature Challenge 2021: Davao City, Philippines",city-nature-challenge-2021-davao-city-philippines,26289.0,https://static.inaturalist.org/projects/97366-icon-span2.jpg?1612884550,"Davao City, PH, DS",7.2412628906,125.4321201394,1038,6e520375-70d3-40ff-9865-df5278a95c1b
95669,City Nature Challenge 2021: Tokyo,city-nature-challenge-2021-tokyo,152404.0,https://www.inaturalist.org/attachment_defaults/general/span2.png,"Tokyo_inland, JP",35.7142947425,139.4374443811,914,f397beea-58b2-442e-ad8f-63c77c57b553
93152,City Nature Challenge 2021: Luxembourg,city-nature-challenge-2021-luxembourg,120582.0,https://static.inaturalist.org/projects/93152-icon-span2.png?1609840323,"Grand-Duché de Luxembourg, LU",49.7768951193,6.0920320645,903,dff3c113-fd85-45e3-b3ef-65cfff3bef90
96562,"Reto Naturalista Urbano 2021: Ensenada, Baja California",reto-naturalista-urbano-2021-ensenada-baja-california,132537.0,https://static.inaturalist.org/projects/96562-icon-span2.jpg?1612070702,"RNUensenada2019, Ensenada, BS, MX",31.2528870385,-115.9251436848,1039,2c6834df-5cd3-4501-98e8-75e8ef959c7c
96109,Reto Mundial Naturalista 2021: Angel R Cabada,reto-mundial-naturalista-2021-angel-r-cabada,37878.0,https://static.inaturalist.org/projects/96109-icon-span2.png?1611736713,"Angel R. Cabada, MX, VE",18.6274264021,-95.3850290555,462,6384c31b-ead7-430f-b438-b3bfa237eac5
96488,Reto Mundial Naturalista 2021: Acatlán,reto-mundial-naturalista-2021-acatlan,37866.0,https://static.inaturalist.org/projects/96488-icon-span2.jpg?1619847835,"Acatlán, MX, VE",19.6917055924,-96.8401764132,225,7c998436-aeb7-4fc3-ab5c-e3ebaed12e5e
93179,"City Nature Challenge 2021: San Ignacio, Sinaloa",city-nature-challenge-2021-san-ignacio-sinaloa,37691.0,https://static.inaturalist.org/projects/93179-icon-span2.png?1607457322,"San Ignacio, MX, SI",23.9382198731,-106.388394912,624,0ab5acd2-98de-4da0-a21e-5ad3406a137c
96651,City Nature Challenge 2021: St. Johns County,city-nature-challenge-2021-st-johns-county,107072.0,https://static.inaturalist.org/projects/96651-icon-span2.png?1613151176,"St. Johns County, FL, US",29.9121843023,-81.4098873322,400,ddabe9b5-3bb6-49ae-a087-3b07c2435649
92856,City Nature Challenge 2021: Pōneke/Wellington City,city-nature-challenge-2021-poneke-wellington-city,168272.0,https://static.inaturalist.org/projects/92856-icon-span2.png?1610324979,"Wellington City and Sea, WG, NZ",-41.2601114828,174.7372189092,1580,07241fc9-201f-4c4d-978d-ec0731cba506
96086,Reto Naturalista Pereira-Área Metropolitana 2021,reto-naturalista-pereira-area-metropolitana-2021,148151.0,https://static.inaturalist.org/projects/96086-icon-span2.png?1611709650,"Pereira CNC boundary 1, RI, CO",4.7811841062,-75.7119485181,646,0901032c-ac2e-44b9-884e-7adb9cc2559e
96454,Reto Ciudad Naturaleza 2021: La Paz  (CNC),reto-ciudad-naturaleza-2021-la-paz-cnc,131419.0,https://www.inaturalist.org/attachment_defaults/general/span2.png,"La Paz , LP, BO",-16.3816394051,-68.1039753947,248,e6d72f6a-13a5-4f0d-b819-adc3a2e0d459
96420,City Nature Challenge 2021: Region of Waterloo,city-nature-challenge-2021-region-of-waterloo,27609.0,https://static.inaturalist.org/projects/96420-icon-span2.png?1613670448,"Regional Municipality of Waterloo, CA, ON",43.462647297,-80.5385941661,540,11190f88-c904-4579-82b8-2162c8b468ba
96410,Competencia Natural de la Ciudad 2021: Córdoba y alrededores,competencia-natural-de-la-ciudad-2021-cordoba-y-alrededores,14266.0,https://static.inaturalist.org/projects/96410-icon-span2.png?1614287226,"Capital, CB, AR",-31.421361153,-64.188518477,92,3a6f2d16-4aff-4f50-bc1d-3beebce1f0fe
96682,Competencia Natural de la Ciudad 2021:  Mendoza UNICIPIO,competencia-natural-de-la-ciudad-2021-mendoza-unicipio,165173.0,https://static.inaturalist.org/projects/96682-icon-span2.png?1614140997,"Mendoza, UNICIPIO departamentos, MZ, AR",-32.7234373231,-69.2916868106,277,0e7630bf-0d2b-4314-af0d-350fdf450b7f
93675,City Nature Challenge 2021: City of St. Catharines,city-nature-challenge-2021-city-of-st-catharines,141804.0,https://static.inaturalist.org/projects/93675-icon-span2.png?1614280067,"Niagara Region, ON, CA",43.0595822771,-79.3085532655,353,a2d9ca03-28d2-4368-a1d0-da2c35128afe
96161,City Nature Challenge 2021: Copenhagen,city-nature-challenge-2021-copenhagen,164959.0,https://static.inaturalist.org/projects/96161-icon-span2.png?1617013694,CNC Cph 2021,55.6497681185,12.5576937721,748,77025e2e-c202-428c-8982-62a609aa5a9b
96384,"Cluster Biodiversità Italia City Nature Challenge 2021: Trieste,",cluster-biodiversita-italia-city-nature-challenge-2021-trieste,33134.0,https://static.inaturalist.org/projects/96384-icon-span2.png?1618244288,"Trieste, Friuli-Venezia Giulia, IT",45.6932581455,13.7414616513,52,36c1e221-63ab-4109-80d5-4341aa800ecc
97052,Cluster Biodiversità Italia CNC 2021 : TRINITAPOLI,cluster-biodiversita-italia-cnc-2021-trinitapoli,150894.0,https://static.inaturalist.org/projects/97052-icon-span2.png?1612546668,"Riserva naturale Salina di Margherita di Savoia, IT",41.4007151829,16.0427637569,65,5d71dd17-f911-4fd5-a5a7-94d52e3a0623
95463,City Nature Challenge 2021: Iskandar Malaysia (IMCNC),city-nature-challenge-2021-iskandar-malaysia-imcnc,146628.0,https://static.inaturalist.org/projects/95463-icon-span2.jpg?1612364636,"Iskandar Malaysia, JH, MY",1.5495624822,103.6641894572,823,6e1cd822-ab74-4c5b-bb26-62c078ad78ff
94192,City Nature Challenge 2021: Klang Valley,city-nature-challenge-2021-klang-valley,137749.0,https://static.inaturalist.org/projects/94192-icon-span2.png?1612334471,"Klang Valley (2019), MY",3.0581945437,101.6303029171,1456,ab599172-6773-493d-8eeb-1f369b507521
93219,"Reto Naturalista Urbano 2021: Amanalco de Becerra, Edo. Mex.",reto-naturalista-urbano-2021-amanalco-de-becerra-edo-mex,37019.0,https://www.inaturalist.org/attachment_defaults/general/span2.png,"Amanalco, MX, MX",19.250931481,-99.9883931997,183,a6fc39e9-63ed-4897-a150-89303749575b
93131,"Reto Naturalista Urbano 2021: Cancún, Q. Roo",reto-naturalista-urbano-2021-cancun-q-roo,122236.0,https://static.inaturalist.org/projects/93131-icon-span2.png?1619156344,"Cancún, QR, MX",21.0831843049,-86.9385970377,236,caf0191c-156a-46b3-a157-cdeb075d54ac
98360,Reto Naturalista Urbano 2021: Ciudad de México,reto-naturalista-urbano-2021-ciudad-de-mexico,59014.0,https://static.inaturalist.org/projects/98360-icon-span2.jpg?1615561701,"Distrito Federal, MX",19.2768896365,-99.1394111886,736,b1ad4e67-7a1f-4b8c-b9d7-f91b1af5fc2e
96479,Reto Mundial Naturalista 2021: Coatzacoalcos,reto-mundial-naturalista-2021-coatzacoalcos,37911.0,https://www.inaturalist.org/attachment_defaults/general/span2.png,"Coatzacoalcos, VE, MX",18.155556755,-94.4046042646,27,76dd52a7-82e8-4f8c-b3dc-0bdf209608ac
98454,Reto Naturalista Urbano 2021 - Comarca Lagunera MX,reto-naturalista-urbano-2021-comarca-lagunera-mx,101585.0,https://www.inaturalist.org/attachment_defaults/general/span2.png,"Torreón, CP, MX",25.1700752058,-103.2489193362,297,5c3812f6-87d3-4474-990b-5c30bce658d8
93400,"Ruta Naturalista Urbano 2021: Cuautitlán Izcalli, Edo. Méx.",ruta-naturalista-urbano-2021-cuautitlan-izcalli-edo-mex,37044.0,https://static.inaturalist.org/projects/93400-icon-span2.png?1619155867,"Cuautitlán Izcalli, MX, MX",19.6545491235,-99.2252103927,230,2e4af97e-a159-4206-854c-14641b0b6073
93287,"Reto Naturalista Urbano 2021: Mérida, Yucatán.",reto-naturalista-urbano-2021-merida-yucatan,38117.0,https://static.inaturalist.org/projects/93287-icon-span2.png?1619156925,"Mérida, MX, YU",20.9840717319,-89.639526987,257,d3633211-129e-48ca-82dd-04d2fbd91f07
93214,Reto Naturalista Urbano 2021: Puebla y Zona Metropolitana,reto-naturalista-urbano-2021-puebla-y-zona-metropolitana,37492.0,https://static.inaturalist.org/projects/93214-icon-span2.png?1619156091,"Puebla, MX, PU",19.0083142806,-98.1747366982,149,6d8bd405-6b58-47d5-81b2-e02fce72348a
94814,Reto Naturalista Urbano 2021: La Bahía más Bella,reto-naturalista-urbano-2021-la-bahia-mas-bella,36905.0,https://www.inaturalist.org/attachment_defaults/general/span2.png,"Cabo Corrientes, JA, MX",20.3582136247,-105.4448677583,947,db8a9974-79ec-479f-a715-7aaffb1ed316
96265,Reto Naturalista Urbano 2021: Querétaro,reto-naturalista-urbano-2021-queretaro,37606.0,https://static.inaturalist.org/projects/96265-icon-span2.png?1611855534,"Querétaro, MX, QE",20.7288053752,-100.4527102939,241,1ed5ab17-3c99-480d-a5ed-354f210785a7
93412,"Reto Naturalista Urbano 2021: San Cristóbal de las Casas, Chis.",reto-naturalista-urbano-2021-san-cristobal-de-las-casas-chis,152185.0,https://static.inaturalist.org/projects/93412-icon-span2.jpg?1618708725,"San Cristóbal de las Casas, CH, MX",16.6879235958,-92.6015717559,418,8ca45117-c064-48a7-b74b-ff0e1d475214
96213,"Reto Naturalista Urbano 2021: Sisal, Yucatán",reto-naturalista-urbano-2021-sisal-yucatan,157065.0,https://static.inaturalist.org/projects/96213-icon-span2.png?1612227504,"Costa de Sisal, YU, MX",21.1844555,-90.0985095,196,13606b92-a4fc-4884-937f-7ea65edceec2
93371,"Reto Naturalista Urbano 2021: Tepotzotlán, Edo. Mex.",reto-naturalista-urbano-2021-tepotzotlan-edo-mex,37108.0,https://static.inaturalist.org/projects/93371-icon-span2.png?1619155993,"Tepotzotlán, MX, MX",19.7252131255,-99.3061936811,77,94acf93c-a9f7-49d5-b6e0-193ffe0db41c
96608,Reto Naturalista Urbano 2021 Arequipa,reto-naturalista-urbano-2021-arequipa,40716.0,https://static.inaturalist.org/projects/96608-icon-span2.png?1612142036,"Arequipa, AR, PE",-16.3388097107,-71.5991779029,105,b3be43b1-4ecd-40f1-ab0a-528a1807ab7f
96471,Reto Naturalista Urbano 2021: Anta,reto-naturalista-urbano-2021-anta,40749.0,https://static.inaturalist.org/projects/96471-icon-span2.png?1611967797,"Anta, CS, PE",-13.4891300845,-72.3670482416,4,77696e9a-3ad1-45d8-a427-9c113d0bc7b7
96490,Reto Naturalista Urbano 2021: Canchis,reto-naturalista-urbano-2021-canchis,40752.0,https://static.inaturalist.org/projects/96490-icon-span2.png?1611977975,"Canchis, CS, PE",-14.0828516293,-71.1265300256,49,06454f62-d811-4f96-99ce-b27f415ee9a4
93311,City Nature Challenge 2021: Hsinchu,city-nature-challenge-2021-hsinchu,141643.0,https://static.inaturalist.org/projects/93311-icon-span2.jpg?1614671334,"新竹縣, TW",24.7363434389,121.10059535,1214,b5886dff-12a1-4c5a-a6ee-b4d82433ed8c
94769,City Nature Challenge 2021:Kaohsiung,city-nature-challenge-2021-kaohsiung,12313.0,https://static.inaturalist.org/projects/94769-icon-span2.jpg?1614674597,"Kaohsiung, TW",23.0754631574,120.6082293089,243,a1fc609f-1203-450c-971a-2fc2844601e4
93298,City Nature Challenge 2021: North Taiwan,city-nature-challenge-2021-north-taiwan,141638.0,https://static.inaturalist.org/projects/93298-icon-span2.jpg?1614674360,"台北市, TW",25.0829121329,121.5533763418,3102,91c463eb-8549-49e5-9f5a-38f7b5cf8a50
92893,City Nature Challenge 2021: Bristol & Bath,city-nature-challenge-2021-bristol-bath,123650.0,https://static.inaturalist.org/projects/92893-icon-span2.jpg?1618826086,"Bristol and Bath Region, England, GB",51.4430932836,-2.6069919897,967,5135195b-1a73-4c34-9078-93f29c591546
96567,City Nature Challenge 2021: Dubai,city-nature-challenge-2021-dubai,10413.0,https://www.inaturalist.org/attachment_defaults/general/span2.png,"Dubay, AE",24.9361960664,55.3694953222,20,f1292add-fce3-4c55-9e5b-923640c3474a
90978,City Nature Challenge 2021: Greater Manchester,city-nature-challenge-2021-greater-manchester,138285.0,https://www.inaturalist.org/attachment_defaults/general/span2.png,Greater Manchester Local Records Area,53.5151759463,-2.2842313422,527,3e30c83e-9cfe-41aa-aca3-2a8cbd3d97f7
96642,City Nature Challenge 2021: Lancashire,city-nature-challenge-2021-lancashire,138194.0,https://static.inaturalist.org/projects/96642-icon-span2.png?1612259122,Lancashire Environment Record Network,53.8474720207,-2.7477679956,907,5ac52cb3-3414-46e3-a04c-5cc2e55cbcbc
93278,City Nature Challenge 2021: Texas Big Country,city-nature-challenge-2021-texas-big-country,2635.0,https://www.inaturalist.org/attachment_defaults/general/span2.png,"Callahan County, TX, US",32.2976557,-99.3734880839,603,079b772f-4a1e-44e9-aff6-6f27ddafff0a
94964,City Nature Challenge 2021: Ann Arbor,city-nature-challenge-2021-ann-arbor,2649.0,https://www.inaturalist.org/attachment_defaults/general/span2.png,"Washtenaw County, US, MI",42.2532261716,-83.8387711052,475,5b5eb4f7-d5f7-4be9-a922-e54e10894359
93267,City Nature Challenge 2021: Birmingham Metro Area,city-nature-challenge-2021-birmingham-metro-area,1788.0,https://static.inaturalist.org/projects/93267-icon-span2.png?1612195969,"Coosa County, US, AL",32.9362268304,-86.2476592648,610,75295de0-cd62-40d5-8b19-8ff380b90808
96269,City Nature Challenge 2021: Cleveland-Akron-Canton,city-nature-challenge-2021-cleveland-akron-canton,122777.0,https://static.inaturalist.org/projects/96269-icon-span2.png?1611859107,Cleveland-Akron-Canton,41.1796008804,-81.5375255107,1209,2e99a960-70dc-4e44-8958-c8c192dc69a1
95615,City Nature Challenge 2021 :Central Ohio,city-nature-challenge-2021-central-ohio,356.0,https://static.inaturalist.org/projects/95615-icon-span2.png?1611155928,"Franklin County, US, OH",39.9695460046,-83.0092981626,503,06dee262-6fd7-4d64-8a51-1615df5d9167
92969,City Nature Challenge 2021: Corpus Christi Area,city-nature-challenge-2021-corpus-christi-area,865.0,https://static.inaturalist.org/projects/92969-icon-span2.png?1607099897,"San Patricio County, TX, US",28.0087830727,-97.5182740096,480,1bbd807b-7cb9-4967-a7db-06f66fea9c19
93181,City Nature Challenge 2021: Denver-Boulder Metro,city-nature-challenge-2021-denver-boulder-metro,146793.0,https://static.inaturalist.org/projects/93181-icon-span2.png?1607458977,Denver-Boulder Metro Area,39.7172215084,-104.7940538673,740,2b183e35-3aaf-4b52-a8fe-2eb85e9d0fd7
93368,City Nature Challenge 2021: El Paso,city-nature-challenge-2021-el-paso,982.0,https://static.inaturalist.org/projects/93368-icon-span2.png?1607701038,"El Paso County, TX, US",31.7685507128,-106.2348287294,375,8dcff3bd-0bde-41cf-8fbb-353150ab32e0
93166,City Nature Challenge 2021: Ithaca NY,city-nature-challenge-2021-ithaca-ny,155934.0,https://static.inaturalist.org/projects/93166-icon-span2.png?1617279745,East Finger Lakes,42.6203098916,-76.511526554,816,e4c2d3cb-17f6-4c21-a3ba-3df2ce90a39f
95612,City Nature Challenge 2021: Greater Kansas City Metro Area,city-nature-challenge-2021-greater-kansas-city-metro-area,2756.0,https://www.inaturalist.org/attachment_defaults/general/span2.png,"Jackson County, US, MO",39.008502122,-94.3460913221,474,9969157a-a98f-4b76-8aba-1cf594dd8506
96415,"City Nature Challenge 2021: Lincoln, NE",city-nature-challenge-2021-lincoln-ne,2338.0,https://static.inaturalist.org/projects/96415-icon-span2.png?1612456818,"Lancaster County, US, NE",40.7841738686,-96.6877552403,717,d968ac42-178f-485d-ac4e-c2c0c835fa00
93276,City Nature Challenge 2021: Maui,city-nature-challenge-2021-maui,51507.0,https://static.inaturalist.org/projects/93276-icon-span2.png?1607579466,"Maui, HI, US",20.8127398139,-156.3345128763,236,cfdb1a2f-3b77-4873-b4ce-1574ee0ab885
97105,City Nature Challenge 2021: Omaha Metro Area,city-nature-challenge-2021-omaha-metro-area,123395.0,https://static.inaturalist.org/projects/97105-icon-span2.jpg?1612570460,"Omaha, NE Metro Area",41.2389743449,-96.0647477851,231,3f16442b-1100-4d59-a348-bd7a1fd884ed
92839,City Nature Challenge 2021: Red Lodge Area,city-nature-challenge-2021-red-lodge-area,963.0,https://static.inaturalist.org/projects/92839-icon-span2.png?1606935200,"Carbon County, US, MT",45.2273857118,-109.0280158841,178,f4690c33-b2a7-4e0e-a200-2008de93c873
93712,City Nature Challenge 2021: Sacramento Region,city-nature-challenge-2021-sacramento-region,2282.0,https://static.inaturalist.org/projects/93712-icon-span2.png?1611940747,"Yolo County, US, CA",38.6866464809,-121.9016204561,1528,6f10db7e-f76f-4f82-ad16-c7a489fa4f78
95701,City Nature Challenge 2021: Seattle-Tacoma Metropolitan Area,city-nature-challenge-2021-seattle-tacoma-metropolitan-area,122789.0,https://static.inaturalist.org/projects/95701-icon-span2.png?1611247846,Seattle-Tacoma Metropolitan Area,47.5544079453,-121.8650722537,1225,b5a4f9f7-98e2-4556-87b5-701a94c12171
98623,Competencia Natural de la Ciudad 2021: Eldorado y alrededores,competencia-natural-de-la-ciudad-2021-eldorado-y-alrededores,14421.0,https://static.inaturalist.org/projects/98623-icon-span2.png?1614190903,"Eldorado, MN, AR",-26.3165489883,-54.4225752726,4,c46565c5-8598-4819-aa61-eb45eb8dc66a
98624,Competencia Natural de la Ciudad 2021: Montecarlo y alrededores,competencia-natural-de-la-ciudad-2021-montecarlo-y-alrededores,14427.0,https://static.inaturalist.org/projects/98624-icon-span2.png?1614191438,"Montecarlo, MN, AR",-26.6559637775,-54.561446114,216,c74454d1-7cb4-48c1-9844-1db6f00c33a3
98627,Competencia Natural de la Ciudad 2021: Posadas y alrededores,competencia-natural-de-la-ciudad-2021-posadas-y-alrededores,14419.0,https://static.inaturalist.org/projects/98627-icon-span2.png?1614191775,"Capital, MN, AR",-27.552475892,-55.8576545087,2,5f0ae02c-507a-4bc2-acf6-1749a19849f2
98628,Competencia Natural de la Ciudad 2021: Puerto Iguazú y alrededores,competencia-natural-de-la-ciudad-2021-puerto-iguazu-y-alrededores,14424.0,https://static.inaturalist.org/projects/98628-icon-span2.png?1614192302,"Iguazú, MN, AR",-25.8776538415,-54.4052563978,50,2e73a322-e62f-44d5-a96d-f6dcb9593094
98629,Competencia Natural de la Ciudad 2021: Neuquén y alrededores,competencia-natural-de-la-ciudad-2021-neuquen-y-alrededores,14438.0,https://static.inaturalist.org/projects/98629-icon-span2.png?1614192662,"Confluencia, NQ, AR",-38.8431767524,-68.8169068528,18,99790638-f21b-4d21-b671-0210f8c5fe57
98630,Competencia Natural de la Ciudad 2021:  Balsa Las Perlas y alrededores,competencia-natural-de-la-ciudad-2021-balsa-las-perlas-y-alrededores,14453.0,https://static.inaturalist.org/projects/98630-icon-span2.png?1614193209,"El Cuy, RN, AR",-39.702341857,-68.4961683037,1,ae112d21-2631-44b3-b7ca-56e83a19ba46
98383,City Nature Challenge 2021: Southwest Louisiana,city-nature-challenge-2021-southwest-louisiana,1753.0,https://static.inaturalist.org/projects/98383-icon-span2.png?1619793719,"Vernon Parish, LA, US",31.1082936997,-93.1841466986,592,93b40729-0651-4133-92da-98ec58a04bc4
98534,Competencia Natural de la Ciudad 2021: La Plata y Costa sur del Río de La Plata,competencia-natural-de-la-ciudad-2021-la-plata-y-costa-sur-del-rio-de-la-plata,124339.0,https://static.inaturalist.org/projects/98534-icon-span2.png?1614107024,La Plata y costa sur del Río de la Plata,-35.092454804,-57.7208736219,634,f9d661c1-e352-4c5c-828e-cd14d04a28dc
98541,Competencia Natural de la Ciudad 2021:  Resistencia y alrededores,competencia-natural-de-la-ciudad-2021-resistencia-y-alrededores,14245.0,https://static.inaturalist.org/projects/98541-icon-span2.png?1614110026,"San Fernando, CC, AR",-27.7106469042,-59.1242390247,339,5f327965-7838-4d84-93f4-9ea6d67394b9
98545,Competencia Natural de la Ciudad 2021:  Puerto Madryn y alrededores,competencia-natural-de-la-ciudad-2021-puerto-madryn-y-alrededores,48828.0,https://static.inaturalist.org/projects/98545-icon-span2.png?1614112552,"Biedma, CH, AR",-42.4416064693,-64.8189614448,42,be4be782-33fe-470c-98dd-5b1d586bc58e
98550,Competencia Natural de la Ciudad 2021:  Río Cuarto y alrededores,competencia-natural-de-la-ciudad-2021-rio-cuarto-y-alrededores,14278.0,https://static.inaturalist.org/projects/98550-icon-span2.png?1614113972,"Rió Cuarto, CB, AR",-33.3200277094,-64.4929790355,2,428c6f89-dd48-440e-8960-f269debfeb16
93381,Competencia Natural de la Ciudad 2021: Villa María - Villa Nueva,competencia-natural-de-la-ciudad-2021-villa-maria-villa-nueva,14270.0,https://static.inaturalist.org/projects/93381-icon-span2.png?1614114765,"General San Martín, CB, AR",-32.5171547142,-63.2598231533,91,1050c2e7-16c4-4212-8a7b-4821ea3b4a9b
98556,Competencia Natural de la Ciudad 2021:  Loreto y alrededores,competencia-natural-de-la-ciudad-2021-loreto-y-alrededores,14312.0,https://static.inaturalist.org/projects/98556-icon-span2.png?1614119892,"San Miguel, CN, AR",-27.8725716083,-57.4236311329,162,b1d44f18-936f-40cd-93cf-3100e0306dfb
98563,Competencia Natural de la Ciudad 2021: San Salvador de Jujuy y alrededores,competencia-natural-de-la-ciudad-2021-san-salvador-de-jujuy-y-alrededores,14342.0,https://static.inaturalist.org/projects/98563-icon-span2.png?1614121334,"Capital, JY, AR",-24.0922419046,-65.4211260208,26,c9cddb7a-ae38-4b45-b9a7-c01b4375f5a0
98567,"Competencia Natural de la Ciudad 2021: 25 de Mayo, Puelén  y alrededores",competencia-natural-de-la-ciudad-2021-25-de-mayo-puelen-y-alrededores,14373.0,https://static.inaturalist.org/projects/98567-icon-span2.png?1614124705,"Puelén, LP, AR",-37.4393526268,-67.5926306478,90,b5677e9a-dbe7-4d04-af34-7e466b3d45c6
98578,"Competencia Natural de la Ciudad 2021:  Anguil, Santa Rosa y alrededores",competencia-natural-de-la-ciudad-2021-anguil-santa-rosa-y-alrededores,14360.0,https://static.inaturalist.org/projects/98578-icon-span2.png?1614131977,"Capital, LP, AR",-36.5045071057,-64.1894997969,79,28736181-bafa-4a0b-b9f7-79d878000307
98581,Competencia Natural de la Ciudad 2021: Dorila y alrededores,competencia-natural-de-la-ciudad-2021-dorila-y-alrededores,166239.0,https://static.inaturalist.org/projects/98581-icon-span2.png?1614133619,"Dorila, LP, AR",-35.792279676,-63.7458197893,58,4cf4041e-145d-4665-9ba7-84726dd57a9b
98582,Competencia Natural de la Ciudad 2021:  General Acha y alrededores,competencia-natural-de-la-ciudad-2021-general-acha-y-alrededores,14379.0,https://static.inaturalist.org/projects/98582-icon-span2.png?1614135121,"Utracán, LP, AR",-37.3430269743,-65.0684554128,303,93da90af-153f-4492-a7cc-e770dd4d2ec5
98584,Competencia Natural de la Ciudad 2021:  Intendente Alvear y alrededores,competencia-natural-de-la-ciudad-2021-intendente-alvear-y-alrededores,14363.0,https://static.inaturalist.org/projects/98584-icon-span2.png?1614136625,"Chapaleufú, LP, AR",-35.2293366427,-63.6646442147,6,0721305e-5cca-4841-bd6a-2cce99b9cbaa
98586,Competencia Natural de la Ciudad 2021:  Toay y alrededores,competencia-natural-de-la-ciudad-2021-toay-y-alrededores,14377.0,https://static.inaturalist.org/projects/98586-icon-span2.png?1614137400,"Toay, LP, AR",-36.670534728,-64.6827594795,69,2287208a-63ce-4b84-bbb5-1b4b8d5eaae0
96304,Competencia Natural de la Ciudad 2021: San Javier y alrededores,competencia-natural-de-la-ciudad-2021-san-javier-y-alrededores,14532.0,https://static.inaturalist.org/projects/96304-icon-span2.png?1614452717,"San Javier, SF, AR",-30.1131059022,-59.9043029914,52,12ed00d4-6b73-4ef9-807e-5a50440bc43f
96305,"Competencia Natural de la Ciudad 2021: Santa Fe, Sauce Viejo y alrededores",competencia-natural-de-la-ciudad-2021-santa-fe-sauce-viejo-y-alrededores,14527.0,https://static.inaturalist.org/projects/96305-icon-span2.png?1614451742,"La Capital, SF, AR",-31.4830786764,-60.6819473772,505,09bd5641-c49e-49d1-bc22-f04e127f75ba
98465,City Nature Challenge 2021: Costa Mesa-Orange County,city-nature-challenge-2021-costa-mesa-orange-county,2738.0,https://static.inaturalist.org/projects/98465-icon-span2.png?1619746058,"Orange County, US, CA",33.6769131551,-117.7761462442,1002,bfec69fe-0362-4e26-ad19-e6fbf0188e2e
99085,Competencia Natural de la Ciudad 2021: General Pico y alrededores,competencia-natural-de-la-ciudad-2021-general-pico-y-alrededores,166233.0,https://static.inaturalist.org/projects/99085-icon-span2.png?1614719279,"General Pico, LP, AR",-35.5797564711,-63.6161818647,513,05f69918-5e2e-45b3-889b-c8bc55cc018d
98633,Competencia Natural de la Ciudad 2021:  Río Colorado y alrededores,competencia-natural-de-la-ciudad-2021-rio-colorado-y-alrededores,14457.0,https://static.inaturalist.org/projects/98633-icon-span2.png?1614193914,"Pichi Mahuida, RN, AR",-39.4002287148,-64.4098755385,2,bfb92c66-528c-4c04-8aaa-90bc71b745b2
99093,Competencia Natural de la Ciudad 2021: Helvecia y alrededores,competencia-natural-de-la-ciudad-2021-helvecia-y-alrededores,14523.0,https://static.inaturalist.org/projects/99093-icon-span2.png?1614727749,"Garay, SF, AR",-31.0533703132,-60.1358761839,5,d10314e6-6249-47e7-8fac-6401dade19a9
99162,Competencia Natural de la Ciudad 2021: San Justo y alrededores,competencia-natural-de-la-ciudad-2021-san-justo-y-alrededores,14534.0,https://static.inaturalist.org/projects/99162-icon-span2.png?1614802108,"San Justo, SF, AR",-30.5294847055,-60.5046247157,4,57b37cab-7899-4a3d-adf4-855ace942035
96433,"Competencia Natural de la Ciudad 2021: Sastre, El Trébol y alrededores",competencia-natural-de-la-ciudad-2021-sastre-el-trebol-y-alrededores,14536.0,https://static.inaturalist.org/projects/96433-icon-span2.png?1614450421,"San Martín, SF, AR",-32.0124553542,-61.8183790038,57,0154e5ca-e7ae-4f2d-beb7-baf8d590bf8c
98729,"Competencia Natural de la Ciudad 2021: San Miguel de Tucumán, Yerba Buena, Tafí Viejo y alrededores",competencia-natural-de-la-ciudad-2021-san-miguel-de-tucuman-yerba-buena-tafi-viejo-y-alrededores,14083.0,https://static.inaturalist.org/projects/98729-icon-span2.png?1614288550,"Yerba Buena, TM, AR",-26.7965787619,-65.3467202785,230,4d17196a-fe1c-4128-9a73-4be97cfba3ed
99128,"City Nature Challenge 2021: Linz, Linz Land, Urfahr Umgebung",city-nature-challenge-2021-linz-linz-land-urfahr-umgebung,14916.0,https://static.inaturalist.org/projects/99128-icon-span2.png?1614844039,"Linz, OO, AT",48.2880148448,14.3197848217,460,59395aca-2c1b-401e-8c95-fdb159e6cb44
96278,"Desafio Llajta Viva: Cochabamba - Bolivia, 2021",desafio-llajta-viva-cochabamba-bolivia-2021,6784.0,https://static.inaturalist.org/projects/96278-icon-span2.png?1611948716,"Cochabamba, BO",-17.2321648498,-65.6329174037,500,e8cccf41-5171-48ee-b694-26f18755ef7d
90232,City Nature Challenge 2021:  Urban Pei,city-nature-challenge-2021-urban-pei,146570.0,https://static.inaturalist.org/projects/90232-icon-span2.png?1613579464,"Charlottetown, PE, CA",46.2695844438,-63.1364517006,208,ff865275-c00a-4796-b424-28e3b7f07b24
98806,Reto Naturalista 2021:Valle de Aburrá,reto-naturalista-2021-valle-de-aburra,144768.0,https://www.inaturalist.org/attachment_defaults/general/span2.png,Área Metropolitana del Valle de Aburrá,6.2800189984,-75.5385367858,1572,6070c052-2f0f-4fa5-a7cc-21b418e52188
73665,"Reto Naturalista ""Bogotá expandida"" 2021",reto-naturalista-bogota-expandida-2021,59580.0,https://static.inaturalist.org/projects/73665-icon-span2.png?1619282736,"Bogotá D.C., CO",4.31472148,-74.180629828,863,25e2e076-abd3-4e4e-a969-040f12f9cb4d
63264,Maratón Cali Biodiversa 2021,maraton-cali-biodiversa-2021,146796.0,https://static.inaturalist.org/projects/63264-icon-span2.png?1613656486,"Municipio de Santiago de Cali, VC, CO",3.399106254,-76.576289489,557,7d7afbe2-d296-47df-83fb-5729d9410124
93162,City Nature Challenge 2021: Prague,city-nature-challenge-2021-prague,154376.0,https://static.inaturalist.org/projects/93162-icon-span2.png?1607438992,"Hl. m. Praha, CZ",50.0667920284,14.4660038776,1265,3da079bf-79d5-40da-98e3-acbd0cc4af7a
96446,Biomaratón CNC 2021: Sevilla,biomaraton-cnc-2021-sevilla,164929.0,https://static.inaturalist.org/projects/96446-icon-span2.jpg?1611952209,"Sevilla, AN, ES",37.392221848,-5.9567797707,313,6873fb25-92bb-4135-a298-197b1ed29420
96048,Biomaratón CNC 2021: Alpedrete,biomaraton-cnc-2021-alpedrete,164899.0,https://static.inaturalist.org/projects/96048-icon-span2.png?1619940075,Alpedrete,40.6618419207,-4.0208138832,62,f9a7a22d-5d0e-4a2e-a7fc-53669fe320e5
95167,Biomaratón CNC 2021 - ASBioGetafe,biomaraton-cnc-2021-asbiogetafe,164593.0,https://static.inaturalist.org/projects/95167-icon-span2.png?1610564800,Getafe,40.2992226919,-3.6736460588,248,5d9c2ea2-85e6-4e8f-8007-7876b0be465a
93253,Biomaratón CNC 2021: Miraflores de la Sierra,biomaraton-cnc-2021-miraflores-de-la-sierra,162369.0,https://static.inaturalist.org/projects/93253-icon-span2.PNG?1613135375,Miraflores de la Sierra,40.7970778941,-3.7775431799,115,f5f53477-25ad-4346-bc4e-5122d0e857f5
96164,Biomaratón CNC 2021: Rivas-Vaciamadrid,biomaraton-cnc-2021-rivas-vaciamadrid,164923.0,https://static.inaturalist.org/projects/96164-icon-span2.png?1611762071,"Rivas-Vaciamadrid, ES",40.3398803708,-3.5283225049,132,440f2198-66b1-409b-b020-9872144efabe
96066,Biomaraton CNC 2021: San Lorenzo del Escorial,biomaraton-cnc-2021-san-lorenzo-del-escorial,164903.0,https://static.inaturalist.org/projects/96066-icon-span2.jpe?1611691029,"San Lorenzo de El Escorial, MD, ES",40.618724673,-4.1303941546,17,fd8770c1-1447-440a-b7d7-2153e55039a5
95121,Biomaratón CNC 2021: Tres Cantos,biomaraton-cnc-2021-tres-cantos,146748.0,https://static.inaturalist.org/projects/95121-icon-span2.png?1618499668,"Tres Cantos, Madrid, ES",40.6113305456,-3.7259900117,317,616c7354-4370-49b2-8cb3-5f59b596b0dd
96167,Biomaratón CNC 2021: San Pedro del Pinatar,biomaraton-cnc-2021-san-pedro-del-pinatar,165676.0,https://static.inaturalist.org/projects/96167-icon-span2.png?1611762816,"San Pedro del Pinatar, MU, ES",37.8335149622,-0.7895449534,33,0d6ca9ec-01cf-4d1c-a745-d53f159d819f
95869,Biomaratón CNC 2021: Pontevedra,biomaraton-cnc-2021-pontevedra,164921.0,https://static.inaturalist.org/projects/95869-icon-span2.JPG?1611451431,Pontevedra,42.4371247505,-8.6197342069,5,fdc6ac74-9241-4fd4-8181-33a232bf8303
95292,Cluster Biodiversità Italia CNC 2021: TRENTO,cluster-biodiversita-italia-cnc-2021-trento,151258.0,https://static.inaturalist.org/projects/95292-icon-span2.png?1610703697,"Trento, Trentino-Alto Adige, IT",46.0613935342,11.1107942974,244,c8f7f967-d108-4aaf-9d0f-6f342540b4a2
93294,"Reto Naturalista Urbano 2021: Coyotepec, Edo. Mex.",reto-naturalista-urbano-2021-coyotepec-edo-mex,37042.0,https://static.inaturalist.org/projects/93294-icon-span2.png?1618372711,"Coyotepec, MX, MX",19.7899844908,-99.2222053422,695,6a01fb7e-e28c-4587-be1e-2bac5289b4ac
96476,Reto Naturalista Urbano 2021: La Convencion,reto-naturalista-urbano-2021-la-convencion,49446.0,https://static.inaturalist.org/projects/96476-icon-span2.png?1612118394,"La Convención, CS, PE",-12.3496155094,-72.9152414365,70,8d9c52f2-29ca-47b0-a79d-d062fa908f2c
96482,Reto Naturalista Urbano 2021: Urubamba,reto-naturalista-urbano-2021-urubamba,40759.0,https://static.inaturalist.org/projects/96482-icon-span2.png?1612107035,"Urubamba, CS, PE",-13.2572427174,-72.2925525968,219,e4f3c56d-02ca-48e6-b070-d4e6a71b34e8
96644,City Nature Challenge 2021: Greater Tucson Area,city-nature-challenge-2021-greater-tucson-area,2346.0,https://static.inaturalist.org/projects/96644-icon-span2.png?1614824764,"Pima County, US, AZ",32.097379014,-111.789949377,701,d8a5ed91-96c5-47df-a721-07cce7af5f29
94162,City Nature Challenge 2021: Colorado Springs,city-nature-challenge-2021-colorado-springs,118202.0,https://www.inaturalist.org/attachment_defaults/general/span2.png,"Colorado Springs Parks, CO, US",38.8427183251,-104.7783870141,385,47766e7c-212c-4bef-9460-78acde77cd58
93121,City Nature Challenge 2021: Rock River Valley (Rockford),city-nature-challenge-2021-rock-river-valley-rockford,2679.0,https://static.inaturalist.org/projects/93121-icon-span2.png?1607373999,"Winnebago County, US, IL",42.3362645273,-89.1608527186,861,5f75bf2b-ecd9-48bb-bee4-812ea8303b23
98984,City Nature Challenge 2021 - Wellesley MA,city-nature-challenge-2021-wellesley-ma,138557.0,https://www.inaturalist.org/attachment_defaults/general/span2.png,"Wellesley, MA, US",42.3060075251,-71.2858213544,226,1cf0c046-8e5e-4144-a66b-8538bea09e29
89584,City Nature Challenge 2021 Cincinnati - Hamilton County,city-nature-challenge-2021-cincinnati-hamilton-county,3059.0,https://www.inaturalist.org/attachment_defaults/general/span2.png,"Hamilton County, US, OH",39.1955310014,-84.5427747436,809,d0f345e9-b895-4134-a117-ae26f0dc0ebe
95686,City Nature Challenge 2021: Chattanooga,city-nature-challenge-2021-chattanooga,107064.0,https://static.inaturalist.org/projects/95686-icon-span2.png?1690204695,"DeKalb County, AL, US",34.4597728137,-85.8041414489,1061,85a7d94f-a253-463e-8aa0-2953334db1c6
99094,"Competencia Natural de la Ciudad 2021: Coronda, Gálvez y alrededores",competencia-natural-de-la-ciudad-2021-coronda-galvez-y-alrededores,14533.0,https://static.inaturalist.org/projects/99094-icon-span2.png?1614728058,"San Jerónimo, SF, AR",-32.1587346691,-61.057639023,10,6a05dbb5-889d-490b-8fd5-5257d515e9f4
99073,City Nature Challenge 2021: Greater Manhattan Area,city-nature-challenge-2021-greater-manhattan-area,1442.0,https://static.inaturalist.org/projects/99073-icon-span2.jpg?1614710826,"Riley County, KS, US",39.2964629162,-96.7351823042,163,befbece0-c55d-4aff-b97c-8d9e84944802
99165,Competencia Natural de la Ciudad 2021: Cañada de Gómez y alrededores,competencia-natural-de-la-ciudad-2021-canada-de-gomez-y-alrededores,14526.0,https://static.inaturalist.org/projects/99165-icon-span2.png?1614803392,"Iriondo, SF, AR",-32.7038886593,-61.2824390207,7,e4ff664f-cf69-4a0a-b2fe-d690e46429f5
99167,"Competencia Natural de la Ciudad 2021: Esperanza, San Carlos Centro y alrededores",competencia-natural-de-la-ciudad-2021-esperanza-san-carlos-centro-y-alrededores,14528.0,https://static.inaturalist.org/projects/99167-icon-span2.png?1614804111,"Las Colonias, SF, AR",-31.319330638,-61.1245359398,183,b0bb5640-8e29-486f-9ef0-faa773bad431
99168,Competencia Natural de la Ciudad 2021: San Cristóbal y alrededores,competencia-natural-de-la-ciudad-2021-san-cristobal-y-alrededores,14531.0,https://static.inaturalist.org/projects/99168-icon-span2.png?1614804400,"San Cristóbal, SF, AR",-30.2274366025,-61.3645364721,6,03d1f73f-673c-4640-a934-5c72793c1f01
99087,Eugene-Springfield City Nature Challenge 2021,eugene-springfield-city-nature-challenge-2021,132215.0,https://static.inaturalist.org/projects/99087-icon-span2.png?1614720965,City Nature Challenge Eugene Springfield,44.0587240632,-123.1264974885,687,acd2f08b-d133-414e-9c36-4ea4d3679230
88564,"City Nature Challenge 2021: Fredericton, NB, Canada",city-nature-challenge-2021-fredericton-nb-canada,161351.0,https://www.inaturalist.org/attachment_defaults/general/span2.png,"Fredericton, NB, CA",45.956320584,-66.6438498941,129,1f4cbfd2-0904-497c-9a01-02cd8d27a78d
88550,"City Nature Challenge 2021: Westmorland County, NB, Canada",city-nature-challenge-2021-westmorland-county-nb-canada,27561.0,https://www.inaturalist.org/attachment_defaults/general/span2.png,"Westmorland, NB, CA",46.0836101237,-64.586138615,201,73ef8165-0a7d-4441-818a-d36ffdba051f
86022,"City Nature Challenge 2021: Cape Breton Regional Municipality, NS, Canada",city-nature-challenge-2021-cape-breton-regional-municipality-ns-canada,27569.0,https://www.inaturalist.org/attachment_defaults/general/span2.png,"Cape Breton, NS, CA",46.020634531,-60.2135075628,476,496deaad-c2b1-49fd-a724-a95ba23a6e76
85994,"City Nature Challenge 2021: Halifax Regional Municipality, NS, Canada",city-nature-challenge-2021-halifax-regional-municipality-ns-canada,27573.0,https://www.inaturalist.org/attachment_defaults/general/span2.png,"Halifax, CA, NS",44.7654687958,-62.9013680146,922,a6b951ed-dac7-40b8-94a7-6517bf2ab6ff
86636,"City Nature Challenge 2021: Annapolis Valley, NS, Canada",city-nature-challenge-2021-annapolis-valley-ns-canada,27567.0,https://www.inaturalist.org/attachment_defaults/general/span2.png,"Annapolis, CA, NS",44.7088195444,-65.2528802429,580,6e7d0581-490e-4cf1-8b61-bbabfd15b782
95900,City Nature Challenge 2021: Mississauga,city-nature-challenge-2021-mississauga,132052.0,https://www.inaturalist.org/attachment_defaults/general/span2.png,"Mississauga, ON, CA",43.5989655686,-79.6627302562,255,0578faec-bae6-4c48-adfd-865aeb0a442a
99599,Reto Naturalista Urbano 2021:COLÓN,reto-naturalista-urbano-2021-colon,13153.0,https://www.inaturalist.org/attachment_defaults/general/span2.png,"Colón, PA",9.2295086724,-80.0021875179,489,962668bd-c239-418b-96b6-aa09c324ec2f
99037,BIOMARATON NATURALISTA RIBERALTA 2021,biomaraton-naturalista-riberalta-2021,147312.0,https://www.inaturalist.org/attachment_defaults/general/span2.png,"Riberalta, EB, BO",-11.206176202,-65.9422403909,797,5abdedf3-b8b3-4313-afe2-fed3d71259ae
97096,City Nature Challenge 2021: Athens,city-nature-challenge-2021-athens,52756.0,https://static.inaturalist.org/projects/97096-icon-span2.jpg?1612564789,"Attica, GR",37.584259968,23.5359465602,263,3bb357c0-dfd8-44f8-a2f8-a50f3c8ae626
94043,"City Nature Challenge: 2021 India, Nanakmatta",city-nature-challenge-2021-india-nanakmatta,166177.0,https://static.inaturalist.org/projects/94043-icon-span2.png?1620028793,Nanakmatta ,28.9643974335,79.8506337318,923,f07b29dc-3e50-4c62-ae37-8bfb4b818b44
88552,"City Nature Challenge 2021: Charlotte County, NB, Canada",city-nature-challenge-2021-charlotte-county-nb-canada,49163.0,https://www.inaturalist.org/attachment_defaults/general/span2.png,"Charlotte, CA, NB",45.1588467461,-66.9001064442,74,5000fa6c-efdf-4c50-b7a2-1d9c7332b158
101636,Biomaratón CNC 2021: Albendiego,biomaraton-cnc-2021-albendiego,162781.0,https://static.inaturalist.org/projects/101636-icon-span2.jpeg?1617182518,Albendiego,41.2188086945,-3.0570040243,81,4aa5b002-5376-4bcf-ac90-da22868ab0e5
97285,City Nature Challenge 2021: Western NC,city-nature-challenge-2021-western-nc,2399.0,https://static.inaturalist.org/projects/97285-icon-span2.png?1616185575,"Alleghany County, US, NC",36.4913386564,-81.127189704,1519,8806be7d-1815-4661-8d08-e69f546eb5d7
97594,City Nature Challenge 2021: Northern Botswana,city-nature-challenge-2021-northern-botswana,124861.0,https://static.inaturalist.org/projects/97594-icon-span2.jpg?1613112181,"Northern Botswana, BW",-20.7059300126,23.4713394126,737,f8238b54-f3da-4341-943f-80d54c2b5b9c
97694,Reto Naturalista Urbano 2021: Ciudad de Chinandega,reto-naturalista-urbano-2021-ciudad-de-chinandega,25663.0,https://www.inaturalist.org/attachment_defaults/general/span2.png,"Chinandega, CI, NI",12.7109188245,-87.0238586913,213,769cbed3-a647-4a78-abe9-8876ac2deb07
96801,City Nature Challenge 2021: Ostional,city-nature-challenge-2021-ostional,6926.0,https://static.inaturalist.org/projects/96801-icon-span2.png?1612315963,"Rivas, NI",11.3825318613,-85.8523081274,171,7b8a126b-6ebe-4ce6-aed4-3c9e92472d00
102502,City Natural Challenge San Juan del Sur2021,city-natural-challenge-san-juan-del-sur2021,6926.0,https://www.inaturalist.org/attachment_defaults/general/span2.png,"Rivas, NI",11.3825318613,-85.8523081274,171,7b8a126b-6ebe-4ce6-aed4-3c9e92472d00
67163,Reserva Natura 2021,reserva-natura-2021,25722.0,https://static.inaturalist.org/projects/67163-icon-span2.jpeg?1619829300,"San Rafael del Sur, MN, NI",11.8272403622,-86.4770685415,160,8da3e645-fe36-41d7-9cb8-92dc1737e557
96494,Reto Naturalista Urbano 2021 Huanta,reto-naturalista-urbano-2021-huanta,40727.0,https://static.inaturalist.org/projects/96494-icon-span2.jpg?1612153054,"Huanta, AY, PE",-12.5654022361,-74.1745809852,56,054da658-f9b5-4782-97d8-ff17a308516e
97119,"City Nature Challenge 2021: Bangkok, Thailand",city-nature-challenge-2021-bangkok-thailand,9845.0,https://static.inaturalist.org/projects/97119-icon-span2.png?1612596291,"Bangkok, TH",13.7718267265,100.6235336968,190,4755a359-fb7c-44d0-89e6-8d704df1facf
103721,Reto Mundial Naturalista Honduras: 2021,reto-mundial-naturalista-honduras-2021,6929.0,https://static.inaturalist.org/projects/103721-icon-span2.png?1618972707,Honduras,14.8717991997,-86.552669275,1377,f374e879-200f-4987-bf89-720515dc81f0
102496,City Nature Challenge CARAZO2021,city-nature-challenge-carazo2021,11443.0,https://www.inaturalist.org/attachment_defaults/general/span2.png,"Carazo, NI",11.7201550365,-86.2607998225,364,bbfa74df-a3cc-49b9-bc57-cfc45ece8391
98452,Reto Naturalista Urbano Tuxpan 2021,reto-naturalista-urbano-tuxpan-2021,38051.0,https://static.inaturalist.org/projects/98452-icon-span2.JPG?1614043493,"Tuxpan, MX, VE",20.9379333872,-97.3878739481,137,7f954bc6-3930-4aa7-83e5-77feab98b949
90550,City Nature Challenge 2021: Ōtepoti/Dunedin,city-nature-challenge-2021-otepoti-dunedin,40501.0,https://static.inaturalist.org/projects/90550-icon-span2.png?1604201811,"Dunedin, OT, NZ",-45.6984638236,170.303266586,684,edce7489-281a-49b3-8984-7601429e60a5
111509,City Nature Challenge 2021: New York City,city-nature-challenge-2021-new-york-city,674.0,https://static.inaturalist.org/projects/111509-icon-span2.jpg?1626117207,"New York City, US, NY",40.70352,-73.982335,1554,deaa2a8b-3f99-4f12-b95b-c2c9bcc2b5ec
